0  0  0
0.0163265  0  0
0.0326531  0  0
0.0489796  0  0
0.0653061  0  0
0.0816327  0  0
0.0979592  0  0
0.114286  0  0
0.130612  0  0
0.146939  0  0
0.163265  0  0
0.179592  0  0
0.195918  0  0
0.212245  0  0
0.228571  0  0
0.244898  0  0
0.261224  0  0
0.277551  0  0
0.293878  0  0
0.310204  0  0
0.326531  0  0
0.342857  0  0
0.359184  0  0
0.37551  0  0
0.391837  0  0
0.408163  0  0
0.42449  0  0
0.440816  0  0
0.457143  0  0
0.473469  0  0
0.489796  0  0
0.506122  0  0
0.522449  0  0
0.538776  0  0
0.555102  0  0
0.571429  0  0
0.587755  0  0
0.604082  0  0
0.620408  0  0
0.636735  0  0
0.653061  0  0
0.669388  0  0
0.685714  0  0
0.702041  0  0
0.718367  0  0
0.734694  0  0
0.75102  0  0
0.767347  0  0
0.783673  0  0
0.8  0  0
0  0.0163265  0
0.0163265  0.0163265  0
0.0326531  0.0163265  0
0.0489796  0.0163265  0
0.0653061  0.0163265  0
0.0816327  0.0163265  0
0.0979592  0.0163265  0
0.114286  0.0163265  0
0.130612  0.0163265  0
0.146939  0.0163265  0
0.163265  0.0163265  0
0.179592  0.0163265  0
0.195918  0.0163265  0
0.212245  0.0163265  0
0.228571  0.0163265  0
0.244898  0.0163265  0
0.261224  0.0163265  0
0.277551  0.0163265  0
0.293878  0.0163265  0
0.310204  0.0163265  0
0.326531  0.0163265  0
0.342857  0.0163265  0
0.359184  0.0163265  0
0.37551  0.0163265  0
0.391837  0.0163265  0
0.408163  0.0163265  0
0.42449  0.0163265  0
0.440816  0.0163265  0
0.457143  0.0163265  0
0.473469  0.0163265  0
0.489796  0.0163265  0
0.506122  0.0163265  0
0.522449  0.0163265  0
0.538776  0.0163265  0
0.555102  0.0163265  0
0.571429  0.0163265  0
0.587755  0.0163265  0
0.604082  0.0163265  0
0.620408  0.0163265  0
0.636735  0.0163265  0
0.653061  0.0163265  0
0.669388  0.0163265  0
0.685714  0.0163265  0
0.702041  0.0163265  0
0.718367  0.0163265  0
0.734694  0.0163265  0
0.75102  0.0163265  0
0.767347  0.0163265  0
0.783673  0.0163265  0
0.8  0.0163265  0
0  0.0326531  0
0.0163265  0.0326531  0
0.0326531  0.0326531  0
0.0489796  0.0326531  0
0.0653061  0.0326531  0
0.0816327  0.0326531  0
0.0979592  0.0326531  0
0.114286  0.0326531  0
0.130612  0.0326531  0
0.146939  0.0326531  0
0.163265  0.0326531  0
0.179592  0.0326531  0
0.195918  0.0326531  0
0.212245  0.0326531  0
0.228571  0.0326531  0
0.244898  0.0326531  0
0.261224  0.0326531  0
0.277551  0.0326531  0
0.293878  0.0326531  0
0.310204  0.0326531  0
0.326531  0.0326531  0
0.342857  0.0326531  0
0.359184  0.0326531  0
0.37551  0.0326531  0
0.391837  0.0326531  0
0.408163  0.0326531  0
0.42449  0.0326531  0
0.440816  0.0326531  0
0.457143  0.0326531  0
0.473469  0.0326531  0
0.489796  0.0326531  0
0.506122  0.0326531  0
0.522449  0.0326531  0
0.538776  0.0326531  0
0.555102  0.0326531  0
0.571429  0.0326531  0
0.587755  0.0326531  0
0.604082  0.0326531  0
0.620408  0.0326531  0
0.636735  0.0326531  0
0.653061  0.0326531  0
0.669388  0.0326531  0
0.685714  0.0326531  0
0.702041  0.0326531  0
0.718367  0.0326531  0
0.734694  0.0326531  0
0.75102  0.0326531  0
0.767347  0.0326531  0
0.783673  0.0326531  0
0.8  0.0326531  0
0  0.0489796  0
0.0163265  0.0489796  0
0.0326531  0.0489796  0
0.0489796  0.0489796  0
0.0653061  0.0489796  0
0.0816327  0.0489796  0
0.0979592  0.0489796  0
0.114286  0.0489796  0
0.130612  0.0489796  0
0.146939  0.0489796  0
0.163265  0.0489796  0
0.179592  0.0489796  0
0.195918  0.0489796  0
0.212245  0.0489796  0
0.228571  0.0489796  0
0.244898  0.0489796  0
0.261224  0.0489796  0
0.277551  0.0489796  0
0.293878  0.0489796  0
0.310204  0.0489796  0
0.326531  0.0489796  0
0.342857  0.0489796  0
0.359184  0.0489796  0
0.37551  0.0489796  0
0.391837  0.0489796  0
0.408163  0.0489796  0
0.42449  0.0489796  0
0.440816  0.0489796  0
0.457143  0.0489796  0
0.473469  0.0489796  0
0.489796  0.0489796  0
0.506122  0.0489796  0
0.522449  0.0489796  0
0.538776  0.0489796  0
0.555102  0.0489796  0
0.571429  0.0489796  0
0.587755  0.0489796  0
0.604082  0.0489796  0
0.620408  0.0489796  0
0.636735  0.0489796  0
0.653061  0.0489796  0
0.669388  0.0489796  0
0.685714  0.0489796  0
0.702041  0.0489796  0
0.718367  0.0489796  0
0.734694  0.0489796  0
0.75102  0.0489796  0
0.767347  0.0489796  0
0.783673  0.0489796  0
0.8  0.0489796  0
0  0.0653061  0
0.0163265  0.0653061  0
0.0326531  0.0653061  0
0.0489796  0.0653061  0
0.0653061  0.0653061  0
0.0816327  0.0653061  0
0.0979592  0.0653061  0
0.114286  0.0653061  0
0.130612  0.0653061  0
0.146939  0.0653061  0
0.163265  0.0653061  0
0.179592  0.0653061  0
0.195918  0.0653061  0
0.212245  0.0653061  0
0.228571  0.0653061  0
0.244898  0.0653061  0
0.261224  0.0653061  0
0.277551  0.0653061  0
0.293878  0.0653061  0
0.310204  0.0653061  0
0.326531  0.0653061  0
0.342857  0.0653061  0
0.359184  0.0653061  0
0.37551  0.0653061  0
0.391837  0.0653061  0
0.408163  0.0653061  0
0.42449  0.0653061  0
0.440816  0.0653061  0
0.457143  0.0653061  0
0.473469  0.0653061  0
0.489796  0.0653061  0
0.506122  0.0653061  0
0.522449  0.0653061  0
0.538776  0.0653061  0
0.555102  0.0653061  0
0.571429  0.0653061  0
0.587755  0.0653061  0
0.604082  0.0653061  0
0.620408  0.0653061  0
0.636735  0.0653061  0
0.653061  0.0653061  0
0.669388  0.0653061  0
0.685714  0.0653061  0
0.702041  0.0653061  0
0.718367  0.0653061  0
0.734694  0.0653061  0
0.75102  0.0653061  0
0.767347  0.0653061  0
0.783673  0.0653061  0
0.8  0.0653061  0
0  0.0816327  0
0.0163265  0.0816327  0
0.0326531  0.0816327  0
0.0489796  0.0816327  0
0.0653061  0.0816327  0
0.0816327  0.0816327  0
0.0979592  0.0816327  0
0.114286  0.0816327  0
0.130612  0.0816327  0
0.146939  0.0816327  0
0.163265  0.0816327  0
0.179592  0.0816327  0
0.195918  0.0816327  0
0.212245  0.0816327  0
0.228571  0.0816327  0
0.244898  0.0816327  0
0.261224  0.0816327  0
0.277551  0.0816327  0
0.293878  0.0816327  0
0.310204  0.0816327  0
0.326531  0.0816327  0
0.342857  0.0816327  0
0.359184  0.0816327  0
0.37551  0.0816327  0
0.391837  0.0816327  0
0.408163  0.0816327  0
0.42449  0.0816327  0
0.440816  0.0816327  0
0.457143  0.0816327  0
0.473469  0.0816327  0
0.489796  0.0816327  0
0.506122  0.0816327  0
0.522449  0.0816327  0
0.538776  0.0816327  0
0.555102  0.0816327  0
0.571429  0.0816327  0
0.587755  0.0816327  0
0.604082  0.0816327  0
0.620408  0.0816327  0
0.636735  0.0816327  0
0.653061  0.0816327  0
0.669388  0.0816327  0
0.685714  0.0816327  0
0.702041  0.0816327  0
0.718367  0.0816327  0
0.734694  0.0816327  0
0.75102  0.0816327  0
0.767347  0.0816327  0
0.783673  0.0816327  0
0.8  0.0816327  0
0  0.0979592  0
0.0163265  0.0979592  0
0.0326531  0.0979592  0
0.0489796  0.0979592  0
0.0653061  0.0979592  0
0.0816327  0.0979592  0
0.0979592  0.0979592  0
0.114286  0.0979592  0
0.130612  0.0979592  0
0.146939  0.0979592  0
0.163265  0.0979592  0
0.179592  0.0979592  0
0.195918  0.0979592  0
0.212245  0.0979592  0
0.228571  0.0979592  0
0.244898  0.0979592  0
0.261224  0.0979592  0
0.277551  0.0979592  0
0.293878  0.0979592  0
0.310204  0.0979592  0
0.326531  0.0979592  0
0.342857  0.0979592  0
0.359184  0.0979592  0
0.37551  0.0979592  0
0.391837  0.0979592  0
0.408163  0.0979592  0
0.42449  0.0979592  0
0.440816  0.0979592  0
0.457143  0.0979592  0
0.473469  0.0979592  0
0.489796  0.0979592  0
0.506122  0.0979592  0
0.522449  0.0979592  0
0.538776  0.0979592  0
0.555102  0.0979592  0
0.571429  0.0979592  0
0.587755  0.0979592  0
0.604082  0.0979592  0
0.620408  0.0979592  0
0.636735  0.0979592  0
0.653061  0.0979592  0
0.669388  0.0979592  0
0.685714  0.0979592  0
0.702041  0.0979592  0
0.718367  0.0979592  0
0.734694  0.0979592  0
0.75102  0.0979592  0
0.767347  0.0979592  0
0.783673  0.0979592  0
0.8  0.0979592  0
0  0.114286  0
0.0163265  0.114286  0
0.0326531  0.114286  0
0.0489796  0.114286  0
0.0653061  0.114286  0
0.0816327  0.114286  0
0.0979592  0.114286  0
0.114286  0.114286  0
0.130612  0.114286  0
0.146939  0.114286  0
0.163265  0.114286  0
0.179592  0.114286  0
0.195918  0.114286  0
0.212245  0.114286  0
0.228571  0.114286  0
0.244898  0.114286  0
0.261224  0.114286  0
0.277551  0.114286  0
0.293878  0.114286  0
0.310204  0.114286  0
0.326531  0.114286  0
0.342857  0.114286  0
0.359184  0.114286  0
0.37551  0.114286  0
0.391837  0.114286  0
0.408163  0.114286  0
0.42449  0.114286  0
0.440816  0.114286  0
0.457143  0.114286  0
0.473469  0.114286  0
0.489796  0.114286  0
0.506122  0.114286  0
0.522449  0.114286  0
0.538776  0.114286  0
0.555102  0.114286  0
0.571429  0.114286  0
0.587755  0.114286  0
0.604082  0.114286  0
0.620408  0.114286  0
0.636735  0.114286  0
0.653061  0.114286  0
0.669388  0.114286  0
0.685714  0.114286  0
0.702041  0.114286  0
0.718367  0.114286  0
0.734694  0.114286  0
0.75102  0.114286  0
0.767347  0.114286  0
0.783673  0.114286  0
0.8  0.114286  0
0  0.130612  0
0.0163265  0.130612  0
0.0326531  0.130612  0
0.0489796  0.130612  0
0.0653061  0.130612  0
0.0816327  0.130612  0
0.0979592  0.130612  0
0.114286  0.130612  0
0.130612  0.130612  0
0.146939  0.130612  0
0.163265  0.130612  0
0.179592  0.130612  0
0.195918  0.130612  0
0.212245  0.130612  0
0.228571  0.130612  0
0.244898  0.130612  0
0.261224  0.130612  0
0.277551  0.130612  0
0.293878  0.130612  0
0.310204  0.130612  0
0.326531  0.130612  0
0.342857  0.130612  0
0.359184  0.130612  0
0.37551  0.130612  0
0.391837  0.130612  0
0.408163  0.130612  0
0.42449  0.130612  0
0.440816  0.130612  0
0.457143  0.130612  0
0.473469  0.130612  0
0.489796  0.130612  0
0.506122  0.130612  0
0.522449  0.130612  0
0.538776  0.130612  0
0.555102  0.130612  0
0.571429  0.130612  0
0.587755  0.130612  0
0.604082  0.130612  0
0.620408  0.130612  0
0.636735  0.130612  0
0.653061  0.130612  0
0.669388  0.130612  0
0.685714  0.130612  0
0.702041  0.130612  0
0.718367  0.130612  0
0.734694  0.130612  0
0.75102  0.130612  0
0.767347  0.130612  0
0.783673  0.130612  0
0.8  0.130612  0
0  0.146939  0
0.0163265  0.146939  0
0.0326531  0.146939  0
0.0489796  0.146939  0
0.0653061  0.146939  0
0.0816327  0.146939  0
0.0979592  0.146939  0
0.114286  0.146939  0
0.130612  0.146939  0
0.146939  0.146939  0
0.163265  0.146939  0
0.179592  0.146939  0
0.195918  0.146939  0
0.212245  0.146939  0
0.228571  0.146939  0
0.244898  0.146939  0
0.261224  0.146939  0
0.277551  0.146939  0
0.293878  0.146939  0
0.310204  0.146939  0
0.326531  0.146939  0
0.342857  0.146939  0
0.359184  0.146939  0
0.37551  0.146939  0
0.391837  0.146939  0
0.408163  0.146939  0
0.42449  0.146939  0
0.440816  0.146939  0
0.457143  0.146939  0
0.473469  0.146939  0
0.489796  0.146939  0
0.506122  0.146939  0
0.522449  0.146939  0
0.538776  0.146939  0
0.555102  0.146939  0
0.571429  0.146939  0
0.587755  0.146939  0
0.604082  0.146939  0
0.620408  0.146939  0
0.636735  0.146939  0
0.653061  0.146939  0
0.669388  0.146939  0
0.685714  0.146939  0
0.702041  0.146939  0
0.718367  0.146939  0
0.734694  0.146939  0
0.75102  0.146939  0
0.767347  0.146939  0
0.783673  0.146939  0
0.8  0.146939  0
0  0.163265  0
0.0163265  0.163265  0
0.0326531  0.163265  0
0.0489796  0.163265  0
0.0653061  0.163265  0
0.0816327  0.163265  0
0.0979592  0.163265  0
0.114286  0.163265  0
0.130612  0.163265  0
0.146939  0.163265  0
0.163265  0.163265  0
0.179592  0.163265  0
0.195918  0.163265  0
0.212245  0.163265  0
0.228571  0.163265  0
0.244898  0.163265  0
0.261224  0.163265  0
0.277551  0.163265  0
0.293878  0.163265  0
0.310204  0.163265  0
0.326531  0.163265  0
0.342857  0.163265  0
0.359184  0.163265  0
0.37551  0.163265  0
0.391837  0.163265  0
0.408163  0.163265  0
0.42449  0.163265  0
0.440816  0.163265  0
0.457143  0.163265  0
0.473469  0.163265  0
0.489796  0.163265  0
0.506122  0.163265  0
0.522449  0.163265  0
0.538776  0.163265  0
0.555102  0.163265  0
0.571429  0.163265  0
0.587755  0.163265  0
0.604082  0.163265  0
0.620408  0.163265  0
0.636735  0.163265  0
0.653061  0.163265  0
0.669388  0.163265  0
0.685714  0.163265  0
0.702041  0.163265  0
0.718367  0.163265  0
0.734694  0.163265  0
0.75102  0.163265  0
0.767347  0.163265  0
0.783673  0.163265  0
0.8  0.163265  0
0  0.179592  0
0.0163265  0.179592  0
0.0326531  0.179592  0
0.0489796  0.179592  0
0.0653061  0.179592  0
0.0816327  0.179592  0
0.0979592  0.179592  0
0.114286  0.179592  0
0.130612  0.179592  0
0.146939  0.179592  0
0.163265  0.179592  0
0.179592  0.179592  0
0.195918  0.179592  0
0.212245  0.179592  0
0.228571  0.179592  0
0.244898  0.179592  0
0.261224  0.179592  0
0.277551  0.179592  0
0.293878  0.179592  0
0.310204  0.179592  0
0.326531  0.179592  0
0.342857  0.179592  0
0.359184  0.179592  0
0.37551  0.179592  0
0.391837  0.179592  0
0.408163  0.179592  0
0.42449  0.179592  0
0.440816  0.179592  0
0.457143  0.179592  0
0.473469  0.179592  0
0.489796  0.179592  0
0.506122  0.179592  0
0.522449  0.179592  0
0.538776  0.179592  0
0.555102  0.179592  0
0.571429  0.179592  0
0.587755  0.179592  0
0.604082  0.179592  0
0.620408  0.179592  0
0.636735  0.179592  0
0.653061  0.179592  0
0.669388  0.179592  0
0.685714  0.179592  0
0.702041  0.179592  0
0.718367  0.179592  0
0.734694  0.179592  0
0.75102  0.179592  0
0.767347  0.179592  0
0.783673  0.179592  0
0.8  0.179592  0
0  0.195918  0
0.0163265  0.195918  0
0.0326531  0.195918  0
0.0489796  0.195918  0
0.0653061  0.195918  0
0.0816327  0.195918  0
0.0979592  0.195918  0
0.114286  0.195918  0
0.130612  0.195918  0
0.146939  0.195918  0
0.163265  0.195918  0
0.179592  0.195918  0
0.195918  0.195918  0
0.212245  0.195918  0
0.228571  0.195918  0
0.244898  0.195918  0
0.261224  0.195918  0
0.277551  0.195918  0
0.293878  0.195918  0
0.310204  0.195918  0
0.326531  0.195918  0
0.342857  0.195918  0
0.359184  0.195918  0
0.37551  0.195918  0
0.391837  0.195918  0
0.408163  0.195918  0
0.42449  0.195918  0
0.440816  0.195918  0
0.457143  0.195918  0
0.473469  0.195918  0
0.489796  0.195918  0
0.506122  0.195918  0
0.522449  0.195918  0
0.538776  0.195918  0
0.555102  0.195918  0
0.571429  0.195918  0
0.587755  0.195918  0
0.604082  0.195918  0
0.620408  0.195918  0
0.636735  0.195918  0
0.653061  0.195918  0
0.669388  0.195918  0
0.685714  0.195918  0
0.702041  0.195918  0
0.718367  0.195918  0
0.734694  0.195918  0
0.75102  0.195918  0
0.767347  0.195918  0
0.783673  0.195918  0
0.8  0.195918  0
0  0.212245  0
0.0163265  0.212245  0
0.0326531  0.212245  0
0.0489796  0.212245  0
0.0653061  0.212245  0
0.0816327  0.212245  0
0.0979592  0.212245  0
0.114286  0.212245  0
0.130612  0.212245  0
0.146939  0.212245  0
0.163265  0.212245  0
0.179592  0.212245  0
0.195918  0.212245  0
0.212245  0.212245  0
0.228571  0.212245  0
0.244898  0.212245  0
0.261224  0.212245  0
0.277551  0.212245  0
0.293878  0.212245  0
0.310204  0.212245  0
0.326531  0.212245  0
0.342857  0.212245  0
0.359184  0.212245  0
0.37551  0.212245  0
0.391837  0.212245  0
0.408163  0.212245  0
0.42449  0.212245  0
0.440816  0.212245  0
0.457143  0.212245  0
0.473469  0.212245  0
0.489796  0.212245  0
0.506122  0.212245  0
0.522449  0.212245  0
0.538776  0.212245  0
0.555102  0.212245  0
0.571429  0.212245  0
0.587755  0.212245  0
0.604082  0.212245  0
0.620408  0.212245  0
0.636735  0.212245  0
0.653061  0.212245  0
0.669388  0.212245  0
0.685714  0.212245  0
0.702041  0.212245  0
0.718367  0.212245  0
0.734694  0.212245  0
0.75102  0.212245  0
0.767347  0.212245  0
0.783673  0.212245  0
0.8  0.212245  0
0  0.228571  0
0.0163265  0.228571  0
0.0326531  0.228571  0
0.0489796  0.228571  0
0.0653061  0.228571  0
0.0816327  0.228571  0
0.0979592  0.228571  0
0.114286  0.228571  0
0.130612  0.228571  0
0.146939  0.228571  0
0.163265  0.228571  0
0.179592  0.228571  0
0.195918  0.228571  0
0.212245  0.228571  0
0.228571  0.228571  0
0.244898  0.228571  0
0.261224  0.228571  0
0.277551  0.228571  0
0.293878  0.228571  0
0.310204  0.228571  0
0.326531  0.228571  0
0.342857  0.228571  0
0.359184  0.228571  0
0.37551  0.228571  0
0.391837  0.228571  0
0.408163  0.228571  0
0.42449  0.228571  0
0.440816  0.228571  0
0.457143  0.228571  0
0.473469  0.228571  0
0.489796  0.228571  0
0.506122  0.228571  0
0.522449  0.228571  0
0.538776  0.228571  0
0.555102  0.228571  0
0.571429  0.228571  0
0.587755  0.228571  0
0.604082  0.228571  0
0.620408  0.228571  0
0.636735  0.228571  0
0.653061  0.228571  0
0.669388  0.228571  0
0.685714  0.228571  0
0.702041  0.228571  0
0.718367  0.228571  0
0.734694  0.228571  0
0.75102  0.228571  0
0.767347  0.228571  0
0.783673  0.228571  0
0.8  0.228571  0
0  0.244898  0
0.0163265  0.244898  0
0.0326531  0.244898  0
0.0489796  0.244898  0
0.0653061  0.244898  0
0.0816327  0.244898  0
0.0979592  0.244898  0
0.114286  0.244898  0
0.130612  0.244898  0
0.146939  0.244898  0
0.163265  0.244898  0
0.179592  0.244898  0
0.195918  0.244898  0
0.212245  0.244898  0
0.228571  0.244898  0
0.244898  0.244898  0
0.261224  0.244898  0
0.277551  0.244898  0
0.293878  0.244898  0
0.310204  0.244898  0
0.326531  0.244898  0
0.342857  0.244898  0
0.359184  0.244898  0
0.37551  0.244898  0
0.391837  0.244898  0
0.408163  0.244898  0
0.42449  0.244898  0
0.440816  0.244898  0
0.457143  0.244898  0
0.473469  0.244898  0
0.489796  0.244898  0
0.506122  0.244898  0
0.522449  0.244898  0
0.538776  0.244898  0
0.555102  0.244898  0
0.571429  0.244898  0
0.587755  0.244898  0
0.604082  0.244898  0
0.620408  0.244898  0
0.636735  0.244898  0
0.653061  0.244898  0
0.669388  0.244898  0
0.685714  0.244898  0
0.702041  0.244898  0
0.718367  0.244898  0
0.734694  0.244898  0
0.75102  0.244898  0
0.767347  0.244898  0
0.783673  0.244898  0
0.8  0.244898  0
0  0.261224  0
0.0163265  0.261224  0
0.0326531  0.261224  0
0.0489796  0.261224  0
0.0653061  0.261224  0
0.0816327  0.261224  0
0.0979592  0.261224  0
0.114286  0.261224  0
0.130612  0.261224  0
0.146939  0.261224  0
0.163265  0.261224  0
0.179592  0.261224  0
0.195918  0.261224  0
0.212245  0.261224  0
0.228571  0.261224  0
0.244898  0.261224  0
0.261224  0.261224  0
0.277551  0.261224  0
0.293878  0.261224  0
0.310204  0.261224  0
0.326531  0.261224  0
0.342857  0.261224  0
0.359184  0.261224  0
0.37551  0.261224  0
0.391837  0.261224  0
0.408163  0.261224  0
0.42449  0.261224  0
0.440816  0.261224  0
0.457143  0.261224  0
0.473469  0.261224  0
0.489796  0.261224  0
0.506122  0.261224  0
0.522449  0.261224  0
0.538776  0.261224  0
0.555102  0.261224  0
0.571429  0.261224  0
0.587755  0.261224  0
0.604082  0.261224  0
0.620408  0.261224  0
0.636735  0.261224  0
0.653061  0.261224  0
0.669388  0.261224  0
0.685714  0.261224  0
0.702041  0.261224  0
0.718367  0.261224  0
0.734694  0.261224  0
0.75102  0.261224  0
0.767347  0.261224  0
0.783673  0.261224  0
0.8  0.261224  0
0  0.277551  0
0.0163265  0.277551  0
0.0326531  0.277551  0
0.0489796  0.277551  0
0.0653061  0.277551  0
0.0816327  0.277551  0
0.0979592  0.277551  0
0.114286  0.277551  0
0.130612  0.277551  0
0.146939  0.277551  0
0.163265  0.277551  0
0.179592  0.277551  0
0.195918  0.277551  0
0.212245  0.277551  0
0.228571  0.277551  0
0.244898  0.277551  0
0.261224  0.277551  0
0.277551  0.277551  0
0.293878  0.277551  0
0.310204  0.277551  0
0.326531  0.277551  0
0.342857  0.277551  0
0.359184  0.277551  0
0.37551  0.277551  0
0.391837  0.277551  0
0.408163  0.277551  0
0.42449  0.277551  0
0.440816  0.277551  0
0.457143  0.277551  0
0.473469  0.277551  0
0.489796  0.277551  0
0.506122  0.277551  0
0.522449  0.277551  0
0.538776  0.277551  0
0.555102  0.277551  0
0.571429  0.277551  0
0.587755  0.277551  0
0.604082  0.277551  0
0.620408  0.277551  0
0.636735  0.277551  0
0.653061  0.277551  0
0.669388  0.277551  0
0.685714  0.277551  0
0.702041  0.277551  0
0.718367  0.277551  0
0.734694  0.277551  0
0.75102  0.277551  0
0.767347  0.277551  0
0.783673  0.277551  0
0.8  0.277551  0
0  0.293878  0
0.0163265  0.293878  0
0.0326531  0.293878  0
0.0489796  0.293878  0
0.0653061  0.293878  0
0.0816327  0.293878  0
0.0979592  0.293878  0
0.114286  0.293878  0
0.130612  0.293878  0
0.146939  0.293878  0
0.163265  0.293878  0
0.179592  0.293878  0
0.195918  0.293878  0
0.212245  0.293878  0
0.228571  0.293878  0
0.244898  0.293878  0
0.261224  0.293878  0
0.277551  0.293878  0
0.293878  0.293878  0
0.310204  0.293878  0
0.326531  0.293878  0
0.342857  0.293878  0
0.359184  0.293878  0
0.37551  0.293878  0
0.391837  0.293878  0
0.408163  0.293878  0
0.42449  0.293878  0
0.440816  0.293878  0
0.457143  0.293878  0
0.473469  0.293878  0
0.489796  0.293878  0
0.506122  0.293878  0
0.522449  0.293878  0
0.538776  0.293878  0
0.555102  0.293878  0
0.571429  0.293878  0
0.587755  0.293878  0
0.604082  0.293878  0
0.620408  0.293878  0
0.636735  0.293878  0
0.653061  0.293878  0
0.669388  0.293878  0
0.685714  0.293878  0
0.702041  0.293878  0
0.718367  0.293878  0
0.734694  0.293878  0
0.75102  0.293878  0
0.767347  0.293878  0
0.783673  0.293878  0
0.8  0.293878  0
0  0.310204  0
0.0163265  0.310204  0
0.0326531  0.310204  0
0.0489796  0.310204  0
0.0653061  0.310204  0
0.0816327  0.310204  0
0.0979592  0.310204  0
0.114286  0.310204  0
0.130612  0.310204  0
0.146939  0.310204  0
0.163265  0.310204  0
0.179592  0.310204  0
0.195918  0.310204  0
0.212245  0.310204  0
0.228571  0.310204  0
0.244898  0.310204  0
0.261224  0.310204  0
0.277551  0.310204  0
0.293878  0.310204  0
0.310204  0.310204  0
0.326531  0.310204  0
0.342857  0.310204  0
0.359184  0.310204  0
0.37551  0.310204  0
0.391837  0.310204  0
0.408163  0.310204  0
0.42449  0.310204  0
0.440816  0.310204  0
0.457143  0.310204  0
0.473469  0.310204  0
0.489796  0.310204  0
0.506122  0.310204  0
0.522449  0.310204  0
0.538776  0.310204  0
0.555102  0.310204  0
0.571429  0.310204  0
0.587755  0.310204  0
0.604082  0.310204  0
0.620408  0.310204  0
0.636735  0.310204  0
0.653061  0.310204  0
0.669388  0.310204  0
0.685714  0.310204  0
0.702041  0.310204  0
0.718367  0.310204  0
0.734694  0.310204  0
0.75102  0.310204  0
0.767347  0.310204  0
0.783673  0.310204  0
0.8  0.310204  0
0  0.326531  0
0.0163265  0.326531  0
0.0326531  0.326531  0
0.0489796  0.326531  0
0.0653061  0.326531  0
0.0816327  0.326531  0
0.0979592  0.326531  0
0.114286  0.326531  0
0.130612  0.326531  0
0.146939  0.326531  0
0.163265  0.326531  0
0.179592  0.326531  0
0.195918  0.326531  0
0.212245  0.326531  0
0.228571  0.326531  0
0.244898  0.326531  0
0.261224  0.326531  0
0.277551  0.326531  0
0.293878  0.326531  0
0.310204  0.326531  0
0.326531  0.326531  0
0.342857  0.326531  0
0.359184  0.326531  0
0.37551  0.326531  0
0.391837  0.326531  0
0.408163  0.326531  0
0.42449  0.326531  0
0.440816  0.326531  0
0.457143  0.326531  0
0.473469  0.326531  0
0.489796  0.326531  0
0.506122  0.326531  0
0.522449  0.326531  0
0.538776  0.326531  0
0.555102  0.326531  0
0.571429  0.326531  0
0.587755  0.326531  0
0.604082  0.326531  0
0.620408  0.326531  0
0.636735  0.326531  0
0.653061  0.326531  0
0.669388  0.326531  0
0.685714  0.326531  0
0.702041  0.326531  0
0.718367  0.326531  0
0.734694  0.326531  0
0.75102  0.326531  0
0.767347  0.326531  0
0.783673  0.326531  0
0.8  0.326531  0
0  0.342857  0
0.0163265  0.342857  0
0.0326531  0.342857  0
0.0489796  0.342857  0
0.0653061  0.342857  0
0.0816327  0.342857  0
0.0979592  0.342857  0
0.114286  0.342857  0
0.130612  0.342857  0
0.146939  0.342857  0
0.163265  0.342857  0
0.179592  0.342857  0
0.195918  0.342857  0
0.212245  0.342857  0
0.228571  0.342857  0
0.244898  0.342857  0
0.261224  0.342857  0
0.277551  0.342857  0
0.293878  0.342857  0
0.310204  0.342857  0
0.326531  0.342857  0
0.342857  0.342857  0
0.359184  0.342857  0
0.37551  0.342857  0
0.391837  0.342857  0
0.408163  0.342857  0
0.42449  0.342857  0
0.440816  0.342857  0
0.457143  0.342857  0
0.473469  0.342857  0
0.489796  0.342857  0
0.506122  0.342857  0
0.522449  0.342857  0
0.538776  0.342857  0
0.555102  0.342857  0
0.571429  0.342857  0
0.587755  0.342857  0
0.604082  0.342857  0
0.620408  0.342857  0
0.636735  0.342857  0
0.653061  0.342857  0
0.669388  0.342857  0
0.685714  0.342857  0
0.702041  0.342857  0
0.718367  0.342857  0
0.734694  0.342857  0
0.75102  0.342857  0
0.767347  0.342857  0
0.783673  0.342857  0
0.8  0.342857  0
0  0.359184  0
0.0163265  0.359184  0
0.0326531  0.359184  0
0.0489796  0.359184  0
0.0653061  0.359184  0
0.0816327  0.359184  0
0.0979592  0.359184  0
0.114286  0.359184  0
0.130612  0.359184  0
0.146939  0.359184  0
0.163265  0.359184  0
0.179592  0.359184  0
0.195918  0.359184  0
0.212245  0.359184  0
0.228571  0.359184  0
0.244898  0.359184  0
0.261224  0.359184  0
0.277551  0.359184  0
0.293878  0.359184  0
0.310204  0.359184  0
0.326531  0.359184  0
0.342857  0.359184  0
0.359184  0.359184  0
0.37551  0.359184  0
0.391837  0.359184  0
0.408163  0.359184  0
0.42449  0.359184  0
0.440816  0.359184  0
0.457143  0.359184  0
0.473469  0.359184  0
0.489796  0.359184  0
0.506122  0.359184  0
0.522449  0.359184  0
0.538776  0.359184  0
0.555102  0.359184  0
0.571429  0.359184  0
0.587755  0.359184  0
0.604082  0.359184  0
0.620408  0.359184  0
0.636735  0.359184  0
0.653061  0.359184  0
0.669388  0.359184  0
0.685714  0.359184  0
0.702041  0.359184  0
0.718367  0.359184  0
0.734694  0.359184  0
0.75102  0.359184  0
0.767347  0.359184  0
0.783673  0.359184  0
0.8  0.359184  0
0  0.37551  0
0.0163265  0.37551  0
0.0326531  0.37551  0
0.0489796  0.37551  0
0.0653061  0.37551  0
0.0816327  0.37551  0
0.0979592  0.37551  0
0.114286  0.37551  0
0.130612  0.37551  0
0.146939  0.37551  0
0.163265  0.37551  0
0.179592  0.37551  0
0.195918  0.37551  0
0.212245  0.37551  0
0.228571  0.37551  0
0.244898  0.37551  0
0.261224  0.37551  0
0.277551  0.37551  0
0.293878  0.37551  0
0.310204  0.37551  0
0.326531  0.37551  0
0.342857  0.37551  0
0.359184  0.37551  0
0.37551  0.37551  0
0.391837  0.37551  0
0.408163  0.37551  0
0.42449  0.37551  0
0.440816  0.37551  0
0.457143  0.37551  0
0.473469  0.37551  0
0.489796  0.37551  0
0.506122  0.37551  0
0.522449  0.37551  0
0.538776  0.37551  0
0.555102  0.37551  0
0.571429  0.37551  0
0.587755  0.37551  0
0.604082  0.37551  0
0.620408  0.37551  0
0.636735  0.37551  0
0.653061  0.37551  0
0.669388  0.37551  0
0.685714  0.37551  0
0.702041  0.37551  0
0.718367  0.37551  0
0.734694  0.37551  0
0.75102  0.37551  0
0.767347  0.37551  0
0.783673  0.37551  0
0.8  0.37551  0
0  0.391837  0
0.0163265  0.391837  0
0.0326531  0.391837  0
0.0489796  0.391837  0
0.0653061  0.391837  0
0.0816327  0.391837  0
0.0979592  0.391837  0
0.114286  0.391837  0
0.130612  0.391837  0
0.146939  0.391837  0
0.163265  0.391837  0
0.179592  0.391837  0
0.195918  0.391837  0
0.212245  0.391837  0
0.228571  0.391837  0
0.244898  0.391837  0
0.261224  0.391837  0
0.277551  0.391837  0
0.293878  0.391837  0
0.310204  0.391837  0
0.326531  0.391837  0
0.342857  0.391837  0
0.359184  0.391837  0
0.37551  0.391837  0
0.391837  0.391837  0
0.408163  0.391837  0
0.42449  0.391837  0
0.440816  0.391837  0
0.457143  0.391837  0
0.473469  0.391837  0
0.489796  0.391837  0
0.506122  0.391837  0
0.522449  0.391837  0
0.538776  0.391837  0
0.555102  0.391837  0
0.571429  0.391837  0
0.587755  0.391837  0
0.604082  0.391837  0
0.620408  0.391837  0
0.636735  0.391837  0
0.653061  0.391837  0
0.669388  0.391837  0
0.685714  0.391837  0
0.702041  0.391837  0
0.718367  0.391837  0
0.734694  0.391837  0
0.75102  0.391837  0
0.767347  0.391837  0
0.783673  0.391837  0
0.8  0.391837  0
0  0.408163  0
0.0163265  0.408163  0
0.0326531  0.408163  0
0.0489796  0.408163  0
0.0653061  0.408163  0
0.0816327  0.408163  0
0.0979592  0.408163  0
0.114286  0.408163  0
0.130612  0.408163  0
0.146939  0.408163  0
0.163265  0.408163  0
0.179592  0.408163  0
0.195918  0.408163  0
0.212245  0.408163  0
0.228571  0.408163  0
0.244898  0.408163  0
0.261224  0.408163  0
0.277551  0.408163  0
0.293878  0.408163  0
0.310204  0.408163  0
0.326531  0.408163  0
0.342857  0.408163  0
0.359184  0.408163  0
0.37551  0.408163  0
0.391837  0.408163  0
0.408163  0.408163  0
0.42449  0.408163  0
0.440816  0.408163  0
0.457143  0.408163  0
0.473469  0.408163  0
0.489796  0.408163  0
0.506122  0.408163  0
0.522449  0.408163  0
0.538776  0.408163  0
0.555102  0.408163  0
0.571429  0.408163  0
0.587755  0.408163  0
0.604082  0.408163  0
0.620408  0.408163  0
0.636735  0.408163  0
0.653061  0.408163  0
0.669388  0.408163  0
0.685714  0.408163  0
0.702041  0.408163  0
0.718367  0.408163  0
0.734694  0.408163  0
0.75102  0.408163  0
0.767347  0.408163  0
0.783673  0.408163  0
0.8  0.408163  0
0  0.42449  0
0.0163265  0.42449  0
0.0326531  0.42449  0
0.0489796  0.42449  0
0.0653061  0.42449  0
0.0816327  0.42449  0
0.0979592  0.42449  0
0.114286  0.42449  0
0.130612  0.42449  0
0.146939  0.42449  0
0.163265  0.42449  0
0.179592  0.42449  0
0.195918  0.42449  0
0.212245  0.42449  0
0.228571  0.42449  0
0.244898  0.42449  0
0.261224  0.42449  0
0.277551  0.42449  0
0.293878  0.42449  0
0.310204  0.42449  0
0.326531  0.42449  0
0.342857  0.42449  0
0.359184  0.42449  0
0.37551  0.42449  0
0.391837  0.42449  0
0.408163  0.42449  0
0.42449  0.42449  0
0.440816  0.42449  0
0.457143  0.42449  0
0.473469  0.42449  0
0.489796  0.42449  0
0.506122  0.42449  0
0.522449  0.42449  0
0.538776  0.42449  0
0.555102  0.42449  0
0.571429  0.42449  0
0.587755  0.42449  0
0.604082  0.42449  0
0.620408  0.42449  0
0.636735  0.42449  0
0.653061  0.42449  0
0.669388  0.42449  0
0.685714  0.42449  0
0.702041  0.42449  0
0.718367  0.42449  0
0.734694  0.42449  0
0.75102  0.42449  0
0.767347  0.42449  0
0.783673  0.42449  0
0.8  0.42449  0
0  0.440816  0
0.0163265  0.440816  0
0.0326531  0.440816  0
0.0489796  0.440816  0
0.0653061  0.440816  0
0.0816327  0.440816  0
0.0979592  0.440816  0
0.114286  0.440816  0
0.130612  0.440816  0
0.146939  0.440816  0
0.163265  0.440816  0
0.179592  0.440816  0
0.195918  0.440816  0
0.212245  0.440816  0
0.228571  0.440816  0
0.244898  0.440816  0
0.261224  0.440816  0
0.277551  0.440816  0
0.293878  0.440816  0
0.310204  0.440816  0
0.326531  0.440816  0
0.342857  0.440816  0
0.359184  0.440816  0
0.37551  0.440816  0
0.391837  0.440816  0
0.408163  0.440816  0
0.42449  0.440816  0
0.440816  0.440816  0
0.457143  0.440816  0
0.473469  0.440816  0
0.489796  0.440816  0
0.506122  0.440816  0
0.522449  0.440816  0
0.538776  0.440816  0
0.555102  0.440816  0
0.571429  0.440816  0
0.587755  0.440816  0
0.604082  0.440816  0
0.620408  0.440816  0
0.636735  0.440816  0
0.653061  0.440816  0
0.669388  0.440816  0
0.685714  0.440816  0
0.702041  0.440816  0
0.718367  0.440816  0
0.734694  0.440816  0
0.75102  0.440816  0
0.767347  0.440816  0
0.783673  0.440816  0
0.8  0.440816  0
0  0.457143  0
0.0163265  0.457143  0
0.0326531  0.457143  0
0.0489796  0.457143  0
0.0653061  0.457143  0
0.0816327  0.457143  0
0.0979592  0.457143  0
0.114286  0.457143  0
0.130612  0.457143  0
0.146939  0.457143  0
0.163265  0.457143  0
0.179592  0.457143  0
0.195918  0.457143  0
0.212245  0.457143  0
0.228571  0.457143  0
0.244898  0.457143  0
0.261224  0.457143  0
0.277551  0.457143  0
0.293878  0.457143  0
0.310204  0.457143  0
0.326531  0.457143  0
0.342857  0.457143  0
0.359184  0.457143  0
0.37551  0.457143  0
0.391837  0.457143  0
0.408163  0.457143  0
0.42449  0.457143  0
0.440816  0.457143  0
0.457143  0.457143  0
0.473469  0.457143  0
0.489796  0.457143  0
0.506122  0.457143  0
0.522449  0.457143  0
0.538776  0.457143  0
0.555102  0.457143  0
0.571429  0.457143  0
0.587755  0.457143  0
0.604082  0.457143  0
0.620408  0.457143  0
0.636735  0.457143  0
0.653061  0.457143  0
0.669388  0.457143  0
0.685714  0.457143  0
0.702041  0.457143  0
0.718367  0.457143  0
0.734694  0.457143  0
0.75102  0.457143  0
0.767347  0.457143  0
0.783673  0.457143  0
0.8  0.457143  0
0  0.473469  0
0.0163265  0.473469  0
0.0326531  0.473469  0
0.0489796  0.473469  0
0.0653061  0.473469  0
0.0816327  0.473469  0
0.0979592  0.473469  0
0.114286  0.473469  0
0.130612  0.473469  0
0.146939  0.473469  0
0.163265  0.473469  0
0.179592  0.473469  0
0.195918  0.473469  0
0.212245  0.473469  0
0.228571  0.473469  0
0.244898  0.473469  0
0.261224  0.473469  0
0.277551  0.473469  0
0.293878  0.473469  0
0.310204  0.473469  0
0.326531  0.473469  0
0.342857  0.473469  0
0.359184  0.473469  0
0.37551  0.473469  0
0.391837  0.473469  0
0.408163  0.473469  0
0.42449  0.473469  0
0.440816  0.473469  0
0.457143  0.473469  0
0.473469  0.473469  0
0.489796  0.473469  0
0.506122  0.473469  0
0.522449  0.473469  0
0.538776  0.473469  0
0.555102  0.473469  0
0.571429  0.473469  0
0.587755  0.473469  0
0.604082  0.473469  0
0.620408  0.473469  0
0.636735  0.473469  0
0.653061  0.473469  0
0.669388  0.473469  0
0.685714  0.473469  0
0.702041  0.473469  0
0.718367  0.473469  0
0.734694  0.473469  0
0.75102  0.473469  0
0.767347  0.473469  0
0.783673  0.473469  0
0.8  0.473469  0
0  0.489796  0
0.0163265  0.489796  0
0.0326531  0.489796  0
0.0489796  0.489796  0
0.0653061  0.489796  0
0.0816327  0.489796  0
0.0979592  0.489796  0
0.114286  0.489796  0
0.130612  0.489796  0
0.146939  0.489796  0
0.163265  0.489796  0
0.179592  0.489796  0
0.195918  0.489796  0
0.212245  0.489796  0
0.228571  0.489796  0
0.244898  0.489796  0
0.261224  0.489796  0
0.277551  0.489796  0
0.293878  0.489796  0
0.310204  0.489796  0
0.326531  0.489796  0
0.342857  0.489796  0
0.359184  0.489796  0
0.37551  0.489796  0
0.391837  0.489796  0
0.408163  0.489796  0
0.42449  0.489796  0
0.440816  0.489796  0
0.457143  0.489796  0
0.473469  0.489796  0
0.489796  0.489796  0
0.506122  0.489796  0
0.522449  0.489796  0
0.538776  0.489796  0
0.555102  0.489796  0
0.571429  0.489796  0
0.587755  0.489796  0
0.604082  0.489796  0
0.620408  0.489796  0
0.636735  0.489796  0
0.653061  0.489796  0
0.669388  0.489796  0
0.685714  0.489796  0
0.702041  0.489796  0
0.718367  0.489796  0
0.734694  0.489796  0
0.75102  0.489796  0
0.767347  0.489796  0
0.783673  0.489796  0
0.8  0.489796  0
0  0.506122  0
0.0163265  0.506122  0
0.0326531  0.506122  0
0.0489796  0.506122  0
0.0653061  0.506122  0
0.0816327  0.506122  0
0.0979592  0.506122  0
0.114286  0.506122  0
0.130612  0.506122  0
0.146939  0.506122  0
0.163265  0.506122  0
0.179592  0.506122  0
0.195918  0.506122  0
0.212245  0.506122  0
0.228571  0.506122  0
0.244898  0.506122  0
0.261224  0.506122  0
0.277551  0.506122  0
0.293878  0.506122  0
0.310204  0.506122  0
0.326531  0.506122  0
0.342857  0.506122  0
0.359184  0.506122  0
0.37551  0.506122  0
0.391837  0.506122  0
0.408163  0.506122  0
0.42449  0.506122  0
0.440816  0.506122  0
0.457143  0.506122  0
0.473469  0.506122  0
0.489796  0.506122  0
0.506122  0.506122  0
0.522449  0.506122  0
0.538776  0.506122  0
0.555102  0.506122  0
0.571429  0.506122  0
0.587755  0.506122  0
0.604082  0.506122  0
0.620408  0.506122  0
0.636735  0.506122  0
0.653061  0.506122  0
0.669388  0.506122  0
0.685714  0.506122  0
0.702041  0.506122  0
0.718367  0.506122  0
0.734694  0.506122  0
0.75102  0.506122  0
0.767347  0.506122  0
0.783673  0.506122  0
0.8  0.506122  0
0  0.522449  0
0.0163265  0.522449  0
0.0326531  0.522449  0
0.0489796  0.522449  0
0.0653061  0.522449  0
0.0816327  0.522449  0
0.0979592  0.522449  0
0.114286  0.522449  0
0.130612  0.522449  0
0.146939  0.522449  0
0.163265  0.522449  0
0.179592  0.522449  0
0.195918  0.522449  0
0.212245  0.522449  0
0.228571  0.522449  0
0.244898  0.522449  0
0.261224  0.522449  0
0.277551  0.522449  0
0.293878  0.522449  0
0.310204  0.522449  0
0.326531  0.522449  0
0.342857  0.522449  0
0.359184  0.522449  0
0.37551  0.522449  0
0.391837  0.522449  0
0.408163  0.522449  0
0.42449  0.522449  0
0.440816  0.522449  0
0.457143  0.522449  0
0.473469  0.522449  0
0.489796  0.522449  0
0.506122  0.522449  0
0.522449  0.522449  0
0.538776  0.522449  0
0.555102  0.522449  0
0.571429  0.522449  0
0.587755  0.522449  0
0.604082  0.522449  0
0.620408  0.522449  0
0.636735  0.522449  0
0.653061  0.522449  0
0.669388  0.522449  0
0.685714  0.522449  0
0.702041  0.522449  0
0.718367  0.522449  0
0.734694  0.522449  0
0.75102  0.522449  0
0.767347  0.522449  0
0.783673  0.522449  0
0.8  0.522449  0
0  0.538776  0
0.0163265  0.538776  0
0.0326531  0.538776  0
0.0489796  0.538776  0
0.0653061  0.538776  0
0.0816327  0.538776  0
0.0979592  0.538776  0
0.114286  0.538776  0
0.130612  0.538776  0
0.146939  0.538776  0
0.163265  0.538776  0
0.179592  0.538776  0
0.195918  0.538776  0
0.212245  0.538776  0
0.228571  0.538776  0
0.244898  0.538776  0
0.261224  0.538776  0
0.277551  0.538776  0
0.293878  0.538776  0
0.310204  0.538776  0
0.326531  0.538776  0
0.342857  0.538776  0
0.359184  0.538776  0
0.37551  0.538776  0
0.391837  0.538776  0
0.408163  0.538776  0
0.42449  0.538776  0
0.440816  0.538776  0
0.457143  0.538776  0
0.473469  0.538776  0
0.489796  0.538776  0
0.506122  0.538776  0
0.522449  0.538776  0
0.538776  0.538776  0
0.555102  0.538776  0
0.571429  0.538776  0
0.587755  0.538776  0
0.604082  0.538776  0
0.620408  0.538776  0
0.636735  0.538776  0
0.653061  0.538776  0
0.669388  0.538776  0
0.685714  0.538776  0
0.702041  0.538776  0
0.718367  0.538776  0
0.734694  0.538776  0
0.75102  0.538776  0
0.767347  0.538776  0
0.783673  0.538776  0
0.8  0.538776  0
0  0.555102  0
0.0163265  0.555102  0
0.0326531  0.555102  0
0.0489796  0.555102  0
0.0653061  0.555102  0
0.0816327  0.555102  0
0.0979592  0.555102  0
0.114286  0.555102  0
0.130612  0.555102  0
0.146939  0.555102  0
0.163265  0.555102  0
0.179592  0.555102  0
0.195918  0.555102  0
0.212245  0.555102  0
0.228571  0.555102  0
0.244898  0.555102  0
0.261224  0.555102  0
0.277551  0.555102  0
0.293878  0.555102  0
0.310204  0.555102  0
0.326531  0.555102  0
0.342857  0.555102  0
0.359184  0.555102  0
0.37551  0.555102  0
0.391837  0.555102  0
0.408163  0.555102  0
0.42449  0.555102  0
0.440816  0.555102  0
0.457143  0.555102  0
0.473469  0.555102  0
0.489796  0.555102  0
0.506122  0.555102  0
0.522449  0.555102  0
0.538776  0.555102  0
0.555102  0.555102  0
0.571429  0.555102  0
0.587755  0.555102  0
0.604082  0.555102  0
0.620408  0.555102  0
0.636735  0.555102  0
0.653061  0.555102  0
0.669388  0.555102  0
0.685714  0.555102  0
0.702041  0.555102  0
0.718367  0.555102  0
0.734694  0.555102  0
0.75102  0.555102  0
0.767347  0.555102  0
0.783673  0.555102  0
0.8  0.555102  0
0  0.571429  0
0.0163265  0.571429  0
0.0326531  0.571429  0
0.0489796  0.571429  0
0.0653061  0.571429  0
0.0816327  0.571429  0
0.0979592  0.571429  0
0.114286  0.571429  0
0.130612  0.571429  0
0.146939  0.571429  0
0.163265  0.571429  0
0.179592  0.571429  0
0.195918  0.571429  0
0.212245  0.571429  0
0.228571  0.571429  0
0.244898  0.571429  0
0.261224  0.571429  0
0.277551  0.571429  0
0.293878  0.571429  0
0.310204  0.571429  0
0.326531  0.571429  0
0.342857  0.571429  0
0.359184  0.571429  0
0.37551  0.571429  0
0.391837  0.571429  0
0.408163  0.571429  0
0.42449  0.571429  0
0.440816  0.571429  0
0.457143  0.571429  0
0.473469  0.571429  0
0.489796  0.571429  0
0.506122  0.571429  0
0.522449  0.571429  0
0.538776  0.571429  0
0.555102  0.571429  0
0.571429  0.571429  0
0.587755  0.571429  0
0.604082  0.571429  0
0.620408  0.571429  0
0.636735  0.571429  0
0.653061  0.571429  0
0.669388  0.571429  0
0.685714  0.571429  0
0.702041  0.571429  0
0.718367  0.571429  0
0.734694  0.571429  0
0.75102  0.571429  0
0.767347  0.571429  0
0.783673  0.571429  0
0.8  0.571429  0
0  0.587755  0
0.0163265  0.587755  0
0.0326531  0.587755  0
0.0489796  0.587755  0
0.0653061  0.587755  0
0.0816327  0.587755  0
0.0979592  0.587755  0
0.114286  0.587755  0
0.130612  0.587755  0
0.146939  0.587755  0
0.163265  0.587755  0
0.179592  0.587755  0
0.195918  0.587755  0
0.212245  0.587755  0
0.228571  0.587755  0
0.244898  0.587755  0
0.261224  0.587755  0
0.277551  0.587755  0
0.293878  0.587755  0
0.310204  0.587755  0
0.326531  0.587755  0
0.342857  0.587755  0
0.359184  0.587755  0
0.37551  0.587755  0
0.391837  0.587755  0
0.408163  0.587755  0
0.42449  0.587755  0
0.440816  0.587755  0
0.457143  0.587755  0
0.473469  0.587755  0
0.489796  0.587755  0
0.506122  0.587755  0
0.522449  0.587755  0
0.538776  0.587755  0
0.555102  0.587755  0
0.571429  0.587755  0
0.587755  0.587755  0
0.604082  0.587755  0
0.620408  0.587755  0
0.636735  0.587755  0
0.653061  0.587755  0
0.669388  0.587755  0
0.685714  0.587755  0
0.702041  0.587755  0
0.718367  0.587755  0
0.734694  0.587755  0
0.75102  0.587755  0
0.767347  0.587755  0
0.783673  0.587755  0
0.8  0.587755  0
0  0.604082  0
0.0163265  0.604082  0
0.0326531  0.604082  0
0.0489796  0.604082  0
0.0653061  0.604082  0
0.0816327  0.604082  0
0.0979592  0.604082  0
0.114286  0.604082  0
0.130612  0.604082  0
0.146939  0.604082  0
0.163265  0.604082  0
0.179592  0.604082  0
0.195918  0.604082  0
0.212245  0.604082  0
0.228571  0.604082  0
0.244898  0.604082  0
0.261224  0.604082  0
0.277551  0.604082  0
0.293878  0.604082  0
0.310204  0.604082  0
0.326531  0.604082  0
0.342857  0.604082  0
0.359184  0.604082  0
0.37551  0.604082  0
0.391837  0.604082  0
0.408163  0.604082  0
0.42449  0.604082  0
0.440816  0.604082  0
0.457143  0.604082  0
0.473469  0.604082  0
0.489796  0.604082  0
0.506122  0.604082  0
0.522449  0.604082  0
0.538776  0.604082  0
0.555102  0.604082  0
0.571429  0.604082  0
0.587755  0.604082  0
0.604082  0.604082  0
0.620408  0.604082  0
0.636735  0.604082  0
0.653061  0.604082  0
0.669388  0.604082  0
0.685714  0.604082  0
0.702041  0.604082  0
0.718367  0.604082  0
0.734694  0.604082  0
0.75102  0.604082  0
0.767347  0.604082  0
0.783673  0.604082  0
0.8  0.604082  0
0  0.620408  0
0.0163265  0.620408  0
0.0326531  0.620408  0
0.0489796  0.620408  0
0.0653061  0.620408  0
0.0816327  0.620408  0
0.0979592  0.620408  0
0.114286  0.620408  0
0.130612  0.620408  0
0.146939  0.620408  0
0.163265  0.620408  0
0.179592  0.620408  0
0.195918  0.620408  0
0.212245  0.620408  0
0.228571  0.620408  0
0.244898  0.620408  0
0.261224  0.620408  0
0.277551  0.620408  0
0.293878  0.620408  0
0.310204  0.620408  0
0.326531  0.620408  0
0.342857  0.620408  0
0.359184  0.620408  0
0.37551  0.620408  0
0.391837  0.620408  0
0.408163  0.620408  0
0.42449  0.620408  0
0.440816  0.620408  0
0.457143  0.620408  0
0.473469  0.620408  0
0.489796  0.620408  0
0.506122  0.620408  0
0.522449  0.620408  0
0.538776  0.620408  0
0.555102  0.620408  0
0.571429  0.620408  0
0.587755  0.620408  0
0.604082  0.620408  0
0.620408  0.620408  0
0.636735  0.620408  0
0.653061  0.620408  0
0.669388  0.620408  0
0.685714  0.620408  0
0.702041  0.620408  0
0.718367  0.620408  0
0.734694  0.620408  0
0.75102  0.620408  0
0.767347  0.620408  0
0.783673  0.620408  0
0.8  0.620408  0
0  0.636735  0
0.0163265  0.636735  0
0.0326531  0.636735  0
0.0489796  0.636735  0
0.0653061  0.636735  0
0.0816327  0.636735  0
0.0979592  0.636735  0
0.114286  0.636735  0
0.130612  0.636735  0
0.146939  0.636735  0
0.163265  0.636735  0
0.179592  0.636735  0
0.195918  0.636735  0
0.212245  0.636735  0
0.228571  0.636735  0
0.244898  0.636735  0
0.261224  0.636735  0
0.277551  0.636735  0
0.293878  0.636735  0
0.310204  0.636735  0
0.326531  0.636735  0
0.342857  0.636735  0
0.359184  0.636735  0
0.37551  0.636735  0
0.391837  0.636735  0
0.408163  0.636735  0
0.42449  0.636735  0
0.440816  0.636735  0
0.457143  0.636735  0
0.473469  0.636735  0
0.489796  0.636735  0
0.506122  0.636735  0
0.522449  0.636735  0
0.538776  0.636735  0
0.555102  0.636735  0
0.571429  0.636735  0
0.587755  0.636735  0
0.604082  0.636735  0
0.620408  0.636735  0
0.636735  0.636735  0
0.653061  0.636735  0
0.669388  0.636735  0
0.685714  0.636735  0
0.702041  0.636735  0
0.718367  0.636735  0
0.734694  0.636735  0
0.75102  0.636735  0
0.767347  0.636735  0
0.783673  0.636735  0
0.8  0.636735  0
0  0.653061  0
0.0163265  0.653061  0
0.0326531  0.653061  0
0.0489796  0.653061  0
0.0653061  0.653061  0
0.0816327  0.653061  0
0.0979592  0.653061  0
0.114286  0.653061  0
0.130612  0.653061  0
0.146939  0.653061  0
0.163265  0.653061  0
0.179592  0.653061  0
0.195918  0.653061  0
0.212245  0.653061  0
0.228571  0.653061  0
0.244898  0.653061  0
0.261224  0.653061  0
0.277551  0.653061  0
0.293878  0.653061  0
0.310204  0.653061  0
0.326531  0.653061  0
0.342857  0.653061  0
0.359184  0.653061  0
0.37551  0.653061  0
0.391837  0.653061  0
0.408163  0.653061  0
0.42449  0.653061  0
0.440816  0.653061  0
0.457143  0.653061  0
0.473469  0.653061  0
0.489796  0.653061  0
0.506122  0.653061  0
0.522449  0.653061  0
0.538776  0.653061  0
0.555102  0.653061  0
0.571429  0.653061  0
0.587755  0.653061  0
0.604082  0.653061  0
0.620408  0.653061  0
0.636735  0.653061  0
0.653061  0.653061  0
0.669388  0.653061  0
0.685714  0.653061  0
0.702041  0.653061  0
0.718367  0.653061  0
0.734694  0.653061  0
0.75102  0.653061  0
0.767347  0.653061  0
0.783673  0.653061  0
0.8  0.653061  0
0  0.669388  0
0.0163265  0.669388  0
0.0326531  0.669388  0
0.0489796  0.669388  0
0.0653061  0.669388  0
0.0816327  0.669388  0
0.0979592  0.669388  0
0.114286  0.669388  0
0.130612  0.669388  0
0.146939  0.669388  0
0.163265  0.669388  0
0.179592  0.669388  0
0.195918  0.669388  0
0.212245  0.669388  0
0.228571  0.669388  0
0.244898  0.669388  0
0.261224  0.669388  0
0.277551  0.669388  0
0.293878  0.669388  0
0.310204  0.669388  0
0.326531  0.669388  0
0.342857  0.669388  0
0.359184  0.669388  0
0.37551  0.669388  0
0.391837  0.669388  0
0.408163  0.669388  0
0.42449  0.669388  0
0.440816  0.669388  0
0.457143  0.669388  0
0.473469  0.669388  0
0.489796  0.669388  0
0.506122  0.669388  0
0.522449  0.669388  0
0.538776  0.669388  0
0.555102  0.669388  0
0.571429  0.669388  0
0.587755  0.669388  0
0.604082  0.669388  0
0.620408  0.669388  0
0.636735  0.669388  0
0.653061  0.669388  0
0.669388  0.669388  0
0.685714  0.669388  0
0.702041  0.669388  0
0.718367  0.669388  0
0.734694  0.669388  0
0.75102  0.669388  0
0.767347  0.669388  0
0.783673  0.669388  0
0.8  0.669388  0
0  0.685714  0
0.0163265  0.685714  0
0.0326531  0.685714  0
0.0489796  0.685714  0
0.0653061  0.685714  0
0.0816327  0.685714  0
0.0979592  0.685714  0
0.114286  0.685714  0
0.130612  0.685714  0
0.146939  0.685714  0
0.163265  0.685714  0
0.179592  0.685714  0
0.195918  0.685714  0
0.212245  0.685714  0
0.228571  0.685714  0
0.244898  0.685714  0
0.261224  0.685714  0
0.277551  0.685714  0
0.293878  0.685714  0
0.310204  0.685714  0
0.326531  0.685714  0
0.342857  0.685714  0
0.359184  0.685714  0
0.37551  0.685714  0
0.391837  0.685714  0
0.408163  0.685714  0
0.42449  0.685714  0
0.440816  0.685714  0
0.457143  0.685714  0
0.473469  0.685714  0
0.489796  0.685714  0
0.506122  0.685714  0
0.522449  0.685714  0
0.538776  0.685714  0
0.555102  0.685714  0
0.571429  0.685714  0
0.587755  0.685714  0
0.604082  0.685714  0
0.620408  0.685714  0
0.636735  0.685714  0
0.653061  0.685714  0
0.669388  0.685714  0
0.685714  0.685714  0
0.702041  0.685714  0
0.718367  0.685714  0
0.734694  0.685714  0
0.75102  0.685714  0
0.767347  0.685714  0
0.783673  0.685714  0
0.8  0.685714  0
0  0.702041  0
0.0163265  0.702041  0
0.0326531  0.702041  0
0.0489796  0.702041  0
0.0653061  0.702041  0
0.0816327  0.702041  0
0.0979592  0.702041  0
0.114286  0.702041  0
0.130612  0.702041  0
0.146939  0.702041  0
0.163265  0.702041  0
0.179592  0.702041  0
0.195918  0.702041  0
0.212245  0.702041  0
0.228571  0.702041  0
0.244898  0.702041  0
0.261224  0.702041  0
0.277551  0.702041  0
0.293878  0.702041  0
0.310204  0.702041  0
0.326531  0.702041  0
0.342857  0.702041  0
0.359184  0.702041  0
0.37551  0.702041  0
0.391837  0.702041  0
0.408163  0.702041  0
0.42449  0.702041  0
0.440816  0.702041  0
0.457143  0.702041  0
0.473469  0.702041  0
0.489796  0.702041  0
0.506122  0.702041  0
0.522449  0.702041  0
0.538776  0.702041  0
0.555102  0.702041  0
0.571429  0.702041  0
0.587755  0.702041  0
0.604082  0.702041  0
0.620408  0.702041  0
0.636735  0.702041  0
0.653061  0.702041  0
0.669388  0.702041  0
0.685714  0.702041  0
0.702041  0.702041  0
0.718367  0.702041  0
0.734694  0.702041  0
0.75102  0.702041  0
0.767347  0.702041  0
0.783673  0.702041  0
0.8  0.702041  0
0  0.718367  0
0.0163265  0.718367  0
0.0326531  0.718367  0
0.0489796  0.718367  0
0.0653061  0.718367  0
0.0816327  0.718367  0
0.0979592  0.718367  0
0.114286  0.718367  0
0.130612  0.718367  0
0.146939  0.718367  0
0.163265  0.718367  0
0.179592  0.718367  0
0.195918  0.718367  0
0.212245  0.718367  0
0.228571  0.718367  0
0.244898  0.718367  0
0.261224  0.718367  0
0.277551  0.718367  0
0.293878  0.718367  0
0.310204  0.718367  0
0.326531  0.718367  0
0.342857  0.718367  0
0.359184  0.718367  0
0.37551  0.718367  0
0.391837  0.718367  0
0.408163  0.718367  0
0.42449  0.718367  0
0.440816  0.718367  0
0.457143  0.718367  0
0.473469  0.718367  0
0.489796  0.718367  0
0.506122  0.718367  0
0.522449  0.718367  0
0.538776  0.718367  0
0.555102  0.718367  0
0.571429  0.718367  0
0.587755  0.718367  0
0.604082  0.718367  0
0.620408  0.718367  0
0.636735  0.718367  0
0.653061  0.718367  0
0.669388  0.718367  0
0.685714  0.718367  0
0.702041  0.718367  0
0.718367  0.718367  0
0.734694  0.718367  0
0.75102  0.718367  0
0.767347  0.718367  0
0.783673  0.718367  0
0.8  0.718367  0
0  0.734694  0
0.0163265  0.734694  0
0.0326531  0.734694  0
0.0489796  0.734694  0
0.0653061  0.734694  0
0.0816327  0.734694  0
0.0979592  0.734694  0
0.114286  0.734694  0
0.130612  0.734694  0
0.146939  0.734694  0
0.163265  0.734694  0
0.179592  0.734694  0
0.195918  0.734694  0
0.212245  0.734694  0
0.228571  0.734694  0
0.244898  0.734694  0
0.261224  0.734694  0
0.277551  0.734694  0
0.293878  0.734694  0
0.310204  0.734694  0
0.326531  0.734694  0
0.342857  0.734694  0
0.359184  0.734694  0
0.37551  0.734694  0
0.391837  0.734694  0
0.408163  0.734694  0
0.42449  0.734694  0
0.440816  0.734694  0
0.457143  0.734694  0
0.473469  0.734694  0
0.489796  0.734694  0
0.506122  0.734694  0
0.522449  0.734694  0
0.538776  0.734694  0
0.555102  0.734694  0
0.571429  0.734694  0
0.587755  0.734694  0
0.604082  0.734694  0
0.620408  0.734694  0
0.636735  0.734694  0
0.653061  0.734694  0
0.669388  0.734694  0
0.685714  0.734694  0
0.702041  0.734694  0
0.718367  0.734694  0
0.734694  0.734694  0
0.75102  0.734694  0
0.767347  0.734694  0
0.783673  0.734694  0
0.8  0.734694  0
0  0.75102  0
0.0163265  0.75102  0
0.0326531  0.75102  0
0.0489796  0.75102  0
0.0653061  0.75102  0
0.0816327  0.75102  0
0.0979592  0.75102  0
0.114286  0.75102  0
0.130612  0.75102  0
0.146939  0.75102  0
0.163265  0.75102  0
0.179592  0.75102  0
0.195918  0.75102  0
0.212245  0.75102  0
0.228571  0.75102  0
0.244898  0.75102  0
0.261224  0.75102  0
0.277551  0.75102  0
0.293878  0.75102  0
0.310204  0.75102  0
0.326531  0.75102  0
0.342857  0.75102  0
0.359184  0.75102  0
0.37551  0.75102  0
0.391837  0.75102  0
0.408163  0.75102  0
0.42449  0.75102  0
0.440816  0.75102  0
0.457143  0.75102  0
0.473469  0.75102  0
0.489796  0.75102  0
0.506122  0.75102  0
0.522449  0.75102  0
0.538776  0.75102  0
0.555102  0.75102  0
0.571429  0.75102  0
0.587755  0.75102  0
0.604082  0.75102  0
0.620408  0.75102  0
0.636735  0.75102  0
0.653061  0.75102  0
0.669388  0.75102  0
0.685714  0.75102  0
0.702041  0.75102  0
0.718367  0.75102  0
0.734694  0.75102  0
0.75102  0.75102  0
0.767347  0.75102  0
0.783673  0.75102  0
0.8  0.75102  0
0  0.767347  0
0.0163265  0.767347  0
0.0326531  0.767347  0
0.0489796  0.767347  0
0.0653061  0.767347  0
0.0816327  0.767347  0
0.0979592  0.767347  0
0.114286  0.767347  0
0.130612  0.767347  0
0.146939  0.767347  0
0.163265  0.767347  0
0.179592  0.767347  0
0.195918  0.767347  0
0.212245  0.767347  0
0.228571  0.767347  0
0.244898  0.767347  0
0.261224  0.767347  0
0.277551  0.767347  0
0.293878  0.767347  0
0.310204  0.767347  0
0.326531  0.767347  0
0.342857  0.767347  0
0.359184  0.767347  0
0.37551  0.767347  0
0.391837  0.767347  0
0.408163  0.767347  0
0.42449  0.767347  0
0.440816  0.767347  0
0.457143  0.767347  0
0.473469  0.767347  0
0.489796  0.767347  0
0.506122  0.767347  0
0.522449  0.767347  0
0.538776  0.767347  0
0.555102  0.767347  0
0.571429  0.767347  0
0.587755  0.767347  0
0.604082  0.767347  0
0.620408  0.767347  0
0.636735  0.767347  0
0.653061  0.767347  0
0.669388  0.767347  0
0.685714  0.767347  0
0.702041  0.767347  0
0.718367  0.767347  0
0.734694  0.767347  0
0.75102  0.767347  0
0.767347  0.767347  0
0.783673  0.767347  0
0.8  0.767347  0
0  0.783673  0
0.0163265  0.783673  0
0.0326531  0.783673  0
0.0489796  0.783673  0
0.0653061  0.783673  0
0.0816327  0.783673  0
0.0979592  0.783673  0
0.114286  0.783673  0
0.130612  0.783673  0
0.146939  0.783673  0
0.163265  0.783673  0
0.179592  0.783673  0
0.195918  0.783673  0
0.212245  0.783673  0
0.228571  0.783673  0
0.244898  0.783673  0
0.261224  0.783673  0
0.277551  0.783673  0
0.293878  0.783673  0
0.310204  0.783673  0
0.326531  0.783673  0
0.342857  0.783673  0
0.359184  0.783673  0
0.37551  0.783673  0
0.391837  0.783673  0
0.408163  0.783673  0
0.42449  0.783673  0
0.440816  0.783673  0
0.457143  0.783673  0
0.473469  0.783673  0
0.489796  0.783673  0
0.506122  0.783673  0
0.522449  0.783673  0
0.538776  0.783673  0
0.555102  0.783673  0
0.571429  0.783673  0
0.587755  0.783673  0
0.604082  0.783673  0
0.620408  0.783673  0
0.636735  0.783673  0
0.653061  0.783673  0
0.669388  0.783673  0
0.685714  0.783673  0
0.702041  0.783673  0
0.718367  0.783673  0
0.734694  0.783673  0
0.75102  0.783673  0
0.767347  0.783673  0
0.783673  0.783673  0
0.8  0.783673  0
0  0.8  0
0.0163265  0.8  0
0.0326531  0.8  0
0.0489796  0.8  0
0.0653061  0.8  0
0.0816327  0.8  0
0.0979592  0.8  0
0.114286  0.8  0
0.130612  0.8  0
0.146939  0.8  0
0.163265  0.8  0
0.179592  0.8  0
0.195918  0.8  0
0.212245  0.8  0
0.228571  0.8  0
0.244898  0.8  0
0.261224  0.8  0
0.277551  0.8  0
0.293878  0.8  0
0.310204  0.8  0
0.326531  0.8  0
0.342857  0.8  0
0.359184  0.8  0
0.37551  0.8  0
0.391837  0.8  0
0.408163  0.8  0
0.42449  0.8  0
0.440816  0.8  0
0.457143  0.8  0
0.473469  0.8  0
0.489796  0.8  0
0.506122  0.8  0
0.522449  0.8  0
0.538776  0.8  0
0.555102  0.8  0
0.571429  0.8  0
0.587755  0.8  0
0.604082  0.8  0
0.620408  0.8  0
0.636735  0.8  0
0.653061  0.8  0
0.669388  0.8  0
0.685714  0.8  0
0.702041  0.8  0
0.718367  0.8  0
0.734694  0.8  0
0.75102  0.8  0
0.767347  0.8  0
0.783673  0.8  0
0.8  0.8  0
0  0  0.0163265
0.0163265  0  0.0163265
0.0326531  0  0.0163265
0.0489796  0  0.0163265
0.0653061  0  0.0163265
0.0816327  0  0.0163265
0.0979592  0  0.0163265
0.114286  0  0.0163265
0.130612  0  0.0163265
0.146939  0  0.0163265
0.163265  0  0.0163265
0.179592  0  0.0163265
0.195918  0  0.0163265
0.212245  0  0.0163265
0.228571  0  0.0163265
0.244898  0  0.0163265
0.261224  0  0.0163265
0.277551  0  0.0163265
0.293878  0  0.0163265
0.310204  0  0.0163265
0.326531  0  0.0163265
0.342857  0  0.0163265
0.359184  0  0.0163265
0.37551  0  0.0163265
0.391837  0  0.0163265
0.408163  0  0.0163265
0.42449  0  0.0163265
0.440816  0  0.0163265
0.457143  0  0.0163265
0.473469  0  0.0163265
0.489796  0  0.0163265
0.506122  0  0.0163265
0.522449  0  0.0163265
0.538776  0  0.0163265
0.555102  0  0.0163265
0.571429  0  0.0163265
0.587755  0  0.0163265
0.604082  0  0.0163265
0.620408  0  0.0163265
0.636735  0  0.0163265
0.653061  0  0.0163265
0.669388  0  0.0163265
0.685714  0  0.0163265
0.702041  0  0.0163265
0.718367  0  0.0163265
0.734694  0  0.0163265
0.75102  0  0.0163265
0.767347  0  0.0163265
0.783673  0  0.0163265
0.8  0  0.0163265
0  0.0163265  0.0163265
0.0163265  0.0163265  0.0163265
0.0326531  0.0163265  0.0163265
0.0489796  0.0163265  0.0163265
0.0653061  0.0163265  0.0163265
0.0816327  0.0163265  0.0163265
0.0979592  0.0163265  0.0163265
0.114286  0.0163265  0.0163265
0.130612  0.0163265  0.0163265
0.146939  0.0163265  0.0163265
0.163265  0.0163265  0.0163265
0.179592  0.0163265  0.0163265
0.195918  0.0163265  0.0163265
0.212245  0.0163265  0.0163265
0.228571  0.0163265  0.0163265
0.244898  0.0163265  0.0163265
0.261224  0.0163265  0.0163265
0.277551  0.0163265  0.0163265
0.293878  0.0163265  0.0163265
0.310204  0.0163265  0.0163265
0.326531  0.0163265  0.0163265
0.342857  0.0163265  0.0163265
0.359184  0.0163265  0.0163265
0.37551  0.0163265  0.0163265
0.391837  0.0163265  0.0163265
0.408163  0.0163265  0.0163265
0.42449  0.0163265  0.0163265
0.440816  0.0163265  0.0163265
0.457143  0.0163265  0.0163265
0.473469  0.0163265  0.0163265
0.489796  0.0163265  0.0163265
0.506122  0.0163265  0.0163265
0.522449  0.0163265  0.0163265
0.538776  0.0163265  0.0163265
0.555102  0.0163265  0.0163265
0.571429  0.0163265  0.0163265
0.587755  0.0163265  0.0163265
0.604082  0.0163265  0.0163265
0.620408  0.0163265  0.0163265
0.636735  0.0163265  0.0163265
0.653061  0.0163265  0.0163265
0.669388  0.0163265  0.0163265
0.685714  0.0163265  0.0163265
0.702041  0.0163265  0.0163265
0.718367  0.0163265  0.0163265
0.734694  0.0163265  0.0163265
0.75102  0.0163265  0.0163265
0.767347  0.0163265  0.0163265
0.783673  0.0163265  0.0163265
0.8  0.0163265  0.0163265
0  0.0326531  0.0163265
0.0163265  0.0326531  0.0163265
0.0326531  0.0326531  0.0163265
0.0489796  0.0326531  0.0163265
0.0653061  0.0326531  0.0163265
0.0816327  0.0326531  0.0163265
0.0979592  0.0326531  0.0163265
0.114286  0.0326531  0.0163265
0.130612  0.0326531  0.0163265
0.146939  0.0326531  0.0163265
0.163265  0.0326531  0.0163265
0.179592  0.0326531  0.0163265
0.195918  0.0326531  0.0163265
0.212245  0.0326531  0.0163265
0.228571  0.0326531  0.0163265
0.244898  0.0326531  0.0163265
0.261224  0.0326531  0.0163265
0.277551  0.0326531  0.0163265
0.293878  0.0326531  0.0163265
0.310204  0.0326531  0.0163265
0.326531  0.0326531  0.0163265
0.342857  0.0326531  0.0163265
0.359184  0.0326531  0.0163265
0.37551  0.0326531  0.0163265
0.391837  0.0326531  0.0163265
0.408163  0.0326531  0.0163265
0.42449  0.0326531  0.0163265
0.440816  0.0326531  0.0163265
0.457143  0.0326531  0.0163265
0.473469  0.0326531  0.0163265
0.489796  0.0326531  0.0163265
0.506122  0.0326531  0.0163265
0.522449  0.0326531  0.0163265
0.538776  0.0326531  0.0163265
0.555102  0.0326531  0.0163265
0.571429  0.0326531  0.0163265
0.587755  0.0326531  0.0163265
0.604082  0.0326531  0.0163265
0.620408  0.0326531  0.0163265
0.636735  0.0326531  0.0163265
0.653061  0.0326531  0.0163265
0.669388  0.0326531  0.0163265
0.685714  0.0326531  0.0163265
0.702041  0.0326531  0.0163265
0.718367  0.0326531  0.0163265
0.734694  0.0326531  0.0163265
0.75102  0.0326531  0.0163265
0.767347  0.0326531  0.0163265
0.783673  0.0326531  0.0163265
0.8  0.0326531  0.0163265
0  0.0489796  0.0163265
0.0163265  0.0489796  0.0163265
0.0326531  0.0489796  0.0163265
0.0489796  0.0489796  0.0163265
0.0653061  0.0489796  0.0163265
0.0816327  0.0489796  0.0163265
0.0979592  0.0489796  0.0163265
0.114286  0.0489796  0.0163265
0.130612  0.0489796  0.0163265
0.146939  0.0489796  0.0163265
0.163265  0.0489796  0.0163265
0.179592  0.0489796  0.0163265
0.195918  0.0489796  0.0163265
0.212245  0.0489796  0.0163265
0.228571  0.0489796  0.0163265
0.244898  0.0489796  0.0163265
0.261224  0.0489796  0.0163265
0.277551  0.0489796  0.0163265
0.293878  0.0489796  0.0163265
0.310204  0.0489796  0.0163265
0.326531  0.0489796  0.0163265
0.342857  0.0489796  0.0163265
0.359184  0.0489796  0.0163265
0.37551  0.0489796  0.0163265
0.391837  0.0489796  0.0163265
0.408163  0.0489796  0.0163265
0.42449  0.0489796  0.0163265
0.440816  0.0489796  0.0163265
0.457143  0.0489796  0.0163265
0.473469  0.0489796  0.0163265
0.489796  0.0489796  0.0163265
0.506122  0.0489796  0.0163265
0.522449  0.0489796  0.0163265
0.538776  0.0489796  0.0163265
0.555102  0.0489796  0.0163265
0.571429  0.0489796  0.0163265
0.587755  0.0489796  0.0163265
0.604082  0.0489796  0.0163265
0.620408  0.0489796  0.0163265
0.636735  0.0489796  0.0163265
0.653061  0.0489796  0.0163265
0.669388  0.0489796  0.0163265
0.685714  0.0489796  0.0163265
0.702041  0.0489796  0.0163265
0.718367  0.0489796  0.0163265
0.734694  0.0489796  0.0163265
0.75102  0.0489796  0.0163265
0.767347  0.0489796  0.0163265
0.783673  0.0489796  0.0163265
0.8  0.0489796  0.0163265
0  0.0653061  0.0163265
0.0163265  0.0653061  0.0163265
0.0326531  0.0653061  0.0163265
0.0489796  0.0653061  0.0163265
0.0653061  0.0653061  0.0163265
0.0816327  0.0653061  0.0163265
0.0979592  0.0653061  0.0163265
0.114286  0.0653061  0.0163265
0.130612  0.0653061  0.0163265
0.146939  0.0653061  0.0163265
0.163265  0.0653061  0.0163265
0.179592  0.0653061  0.0163265
0.195918  0.0653061  0.0163265
0.212245  0.0653061  0.0163265
0.228571  0.0653061  0.0163265
0.244898  0.0653061  0.0163265
0.261224  0.0653061  0.0163265
0.277551  0.0653061  0.0163265
0.293878  0.0653061  0.0163265
0.310204  0.0653061  0.0163265
0.326531  0.0653061  0.0163265
0.342857  0.0653061  0.0163265
0.359184  0.0653061  0.0163265
0.37551  0.0653061  0.0163265
0.391837  0.0653061  0.0163265
0.408163  0.0653061  0.0163265
0.42449  0.0653061  0.0163265
0.440816  0.0653061  0.0163265
0.457143  0.0653061  0.0163265
0.473469  0.0653061  0.0163265
0.489796  0.0653061  0.0163265
0.506122  0.0653061  0.0163265
0.522449  0.0653061  0.0163265
0.538776  0.0653061  0.0163265
0.555102  0.0653061  0.0163265
0.571429  0.0653061  0.0163265
0.587755  0.0653061  0.0163265
0.604082  0.0653061  0.0163265
0.620408  0.0653061  0.0163265
0.636735  0.0653061  0.0163265
0.653061  0.0653061  0.0163265
0.669388  0.0653061  0.0163265
0.685714  0.0653061  0.0163265
0.702041  0.0653061  0.0163265
0.718367  0.0653061  0.0163265
0.734694  0.0653061  0.0163265
0.75102  0.0653061  0.0163265
0.767347  0.0653061  0.0163265
0.783673  0.0653061  0.0163265
0.8  0.0653061  0.0163265
0  0.0816327  0.0163265
0.0163265  0.0816327  0.0163265
0.0326531  0.0816327  0.0163265
0.0489796  0.0816327  0.0163265
0.0653061  0.0816327  0.0163265
0.0816327  0.0816327  0.0163265
0.0979592  0.0816327  0.0163265
0.114286  0.0816327  0.0163265
0.130612  0.0816327  0.0163265
0.146939  0.0816327  0.0163265
0.163265  0.0816327  0.0163265
0.179592  0.0816327  0.0163265
0.195918  0.0816327  0.0163265
0.212245  0.0816327  0.0163265
0.228571  0.0816327  0.0163265
0.244898  0.0816327  0.0163265
0.261224  0.0816327  0.0163265
0.277551  0.0816327  0.0163265
0.293878  0.0816327  0.0163265
0.310204  0.0816327  0.0163265
0.326531  0.0816327  0.0163265
0.342857  0.0816327  0.0163265
0.359184  0.0816327  0.0163265
0.37551  0.0816327  0.0163265
0.391837  0.0816327  0.0163265
0.408163  0.0816327  0.0163265
0.42449  0.0816327  0.0163265
0.440816  0.0816327  0.0163265
0.457143  0.0816327  0.0163265
0.473469  0.0816327  0.0163265
0.489796  0.0816327  0.0163265
0.506122  0.0816327  0.0163265
0.522449  0.0816327  0.0163265
0.538776  0.0816327  0.0163265
0.555102  0.0816327  0.0163265
0.571429  0.0816327  0.0163265
0.587755  0.0816327  0.0163265
0.604082  0.0816327  0.0163265
0.620408  0.0816327  0.0163265
0.636735  0.0816327  0.0163265
0.653061  0.0816327  0.0163265
0.669388  0.0816327  0.0163265
0.685714  0.0816327  0.0163265
0.702041  0.0816327  0.0163265
0.718367  0.0816327  0.0163265
0.734694  0.0816327  0.0163265
0.75102  0.0816327  0.0163265
0.767347  0.0816327  0.0163265
0.783673  0.0816327  0.0163265
0.8  0.0816327  0.0163265
0  0.0979592  0.0163265
0.0163265  0.0979592  0.0163265
0.0326531  0.0979592  0.0163265
0.0489796  0.0979592  0.0163265
0.0653061  0.0979592  0.0163265
0.0816327  0.0979592  0.0163265
0.0979592  0.0979592  0.0163265
0.114286  0.0979592  0.0163265
0.130612  0.0979592  0.0163265
0.146939  0.0979592  0.0163265
0.163265  0.0979592  0.0163265
0.179592  0.0979592  0.0163265
0.195918  0.0979592  0.0163265
0.212245  0.0979592  0.0163265
0.228571  0.0979592  0.0163265
0.244898  0.0979592  0.0163265
0.261224  0.0979592  0.0163265
0.277551  0.0979592  0.0163265
0.293878  0.0979592  0.0163265
0.310204  0.0979592  0.0163265
0.326531  0.0979592  0.0163265
0.342857  0.0979592  0.0163265
0.359184  0.0979592  0.0163265
0.37551  0.0979592  0.0163265
0.391837  0.0979592  0.0163265
0.408163  0.0979592  0.0163265
0.42449  0.0979592  0.0163265
0.440816  0.0979592  0.0163265
0.457143  0.0979592  0.0163265
0.473469  0.0979592  0.0163265
0.489796  0.0979592  0.0163265
0.506122  0.0979592  0.0163265
0.522449  0.0979592  0.0163265
0.538776  0.0979592  0.0163265
0.555102  0.0979592  0.0163265
0.571429  0.0979592  0.0163265
0.587755  0.0979592  0.0163265
0.604082  0.0979592  0.0163265
0.620408  0.0979592  0.0163265
0.636735  0.0979592  0.0163265
0.653061  0.0979592  0.0163265
0.669388  0.0979592  0.0163265
0.685714  0.0979592  0.0163265
0.702041  0.0979592  0.0163265
0.718367  0.0979592  0.0163265
0.734694  0.0979592  0.0163265
0.75102  0.0979592  0.0163265
0.767347  0.0979592  0.0163265
0.783673  0.0979592  0.0163265
0.8  0.0979592  0.0163265
0  0.114286  0.0163265
0.0163265  0.114286  0.0163265
0.0326531  0.114286  0.0163265
0.0489796  0.114286  0.0163265
0.0653061  0.114286  0.0163265
0.0816327  0.114286  0.0163265
0.0979592  0.114286  0.0163265
0.114286  0.114286  0.0163265
0.130612  0.114286  0.0163265
0.146939  0.114286  0.0163265
0.163265  0.114286  0.0163265
0.179592  0.114286  0.0163265
0.195918  0.114286  0.0163265
0.212245  0.114286  0.0163265
0.228571  0.114286  0.0163265
0.244898  0.114286  0.0163265
0.261224  0.114286  0.0163265
0.277551  0.114286  0.0163265
0.293878  0.114286  0.0163265
0.310204  0.114286  0.0163265
0.326531  0.114286  0.0163265
0.342857  0.114286  0.0163265
0.359184  0.114286  0.0163265
0.37551  0.114286  0.0163265
0.391837  0.114286  0.0163265
0.408163  0.114286  0.0163265
0.42449  0.114286  0.0163265
0.440816  0.114286  0.0163265
0.457143  0.114286  0.0163265
0.473469  0.114286  0.0163265
0.489796  0.114286  0.0163265
0.506122  0.114286  0.0163265
0.522449  0.114286  0.0163265
0.538776  0.114286  0.0163265
0.555102  0.114286  0.0163265
0.571429  0.114286  0.0163265
0.587755  0.114286  0.0163265
0.604082  0.114286  0.0163265
0.620408  0.114286  0.0163265
0.636735  0.114286  0.0163265
0.653061  0.114286  0.0163265
0.669388  0.114286  0.0163265
0.685714  0.114286  0.0163265
0.702041  0.114286  0.0163265
0.718367  0.114286  0.0163265
0.734694  0.114286  0.0163265
0.75102  0.114286  0.0163265
0.767347  0.114286  0.0163265
0.783673  0.114286  0.0163265
0.8  0.114286  0.0163265
0  0.130612  0.0163265
0.0163265  0.130612  0.0163265
0.0326531  0.130612  0.0163265
0.0489796  0.130612  0.0163265
0.0653061  0.130612  0.0163265
0.0816327  0.130612  0.0163265
0.0979592  0.130612  0.0163265
0.114286  0.130612  0.0163265
0.130612  0.130612  0.0163265
0.146939  0.130612  0.0163265
0.163265  0.130612  0.0163265
0.179592  0.130612  0.0163265
0.195918  0.130612  0.0163265
0.212245  0.130612  0.0163265
0.228571  0.130612  0.0163265
0.244898  0.130612  0.0163265
0.261224  0.130612  0.0163265
0.277551  0.130612  0.0163265
0.293878  0.130612  0.0163265
0.310204  0.130612  0.0163265
0.326531  0.130612  0.0163265
0.342857  0.130612  0.0163265
0.359184  0.130612  0.0163265
0.37551  0.130612  0.0163265
0.391837  0.130612  0.0163265
0.408163  0.130612  0.0163265
0.42449  0.130612  0.0163265
0.440816  0.130612  0.0163265
0.457143  0.130612  0.0163265
0.473469  0.130612  0.0163265
0.489796  0.130612  0.0163265
0.506122  0.130612  0.0163265
0.522449  0.130612  0.0163265
0.538776  0.130612  0.0163265
0.555102  0.130612  0.0163265
0.571429  0.130612  0.0163265
0.587755  0.130612  0.0163265
0.604082  0.130612  0.0163265
0.620408  0.130612  0.0163265
0.636735  0.130612  0.0163265
0.653061  0.130612  0.0163265
0.669388  0.130612  0.0163265
0.685714  0.130612  0.0163265
0.702041  0.130612  0.0163265
0.718367  0.130612  0.0163265
0.734694  0.130612  0.0163265
0.75102  0.130612  0.0163265
0.767347  0.130612  0.0163265
0.783673  0.130612  0.0163265
0.8  0.130612  0.0163265
0  0.146939  0.0163265
0.0163265  0.146939  0.0163265
0.0326531  0.146939  0.0163265
0.0489796  0.146939  0.0163265
0.0653061  0.146939  0.0163265
0.0816327  0.146939  0.0163265
0.0979592  0.146939  0.0163265
0.114286  0.146939  0.0163265
0.130612  0.146939  0.0163265
0.146939  0.146939  0.0163265
0.163265  0.146939  0.0163265
0.179592  0.146939  0.0163265
0.195918  0.146939  0.0163265
0.212245  0.146939  0.0163265
0.228571  0.146939  0.0163265
0.244898  0.146939  0.0163265
0.261224  0.146939  0.0163265
0.277551  0.146939  0.0163265
0.293878  0.146939  0.0163265
0.310204  0.146939  0.0163265
0.326531  0.146939  0.0163265
0.342857  0.146939  0.0163265
0.359184  0.146939  0.0163265
0.37551  0.146939  0.0163265
0.391837  0.146939  0.0163265
0.408163  0.146939  0.0163265
0.42449  0.146939  0.0163265
0.440816  0.146939  0.0163265
0.457143  0.146939  0.0163265
0.473469  0.146939  0.0163265
0.489796  0.146939  0.0163265
0.506122  0.146939  0.0163265
0.522449  0.146939  0.0163265
0.538776  0.146939  0.0163265
0.555102  0.146939  0.0163265
0.571429  0.146939  0.0163265
0.587755  0.146939  0.0163265
0.604082  0.146939  0.0163265
0.620408  0.146939  0.0163265
0.636735  0.146939  0.0163265
0.653061  0.146939  0.0163265
0.669388  0.146939  0.0163265
0.685714  0.146939  0.0163265
0.702041  0.146939  0.0163265
0.718367  0.146939  0.0163265
0.734694  0.146939  0.0163265
0.75102  0.146939  0.0163265
0.767347  0.146939  0.0163265
0.783673  0.146939  0.0163265
0.8  0.146939  0.0163265
0  0.163265  0.0163265
0.0163265  0.163265  0.0163265
0.0326531  0.163265  0.0163265
0.0489796  0.163265  0.0163265
0.0653061  0.163265  0.0163265
0.0816327  0.163265  0.0163265
0.0979592  0.163265  0.0163265
0.114286  0.163265  0.0163265
0.130612  0.163265  0.0163265
0.146939  0.163265  0.0163265
0.163265  0.163265  0.0163265
0.179592  0.163265  0.0163265
0.195918  0.163265  0.0163265
0.212245  0.163265  0.0163265
0.228571  0.163265  0.0163265
0.244898  0.163265  0.0163265
0.261224  0.163265  0.0163265
0.277551  0.163265  0.0163265
0.293878  0.163265  0.0163265
0.310204  0.163265  0.0163265
0.326531  0.163265  0.0163265
0.342857  0.163265  0.0163265
0.359184  0.163265  0.0163265
0.37551  0.163265  0.0163265
0.391837  0.163265  0.0163265
0.408163  0.163265  0.0163265
0.42449  0.163265  0.0163265
0.440816  0.163265  0.0163265
0.457143  0.163265  0.0163265
0.473469  0.163265  0.0163265
0.489796  0.163265  0.0163265
0.506122  0.163265  0.0163265
0.522449  0.163265  0.0163265
0.538776  0.163265  0.0163265
0.555102  0.163265  0.0163265
0.571429  0.163265  0.0163265
0.587755  0.163265  0.0163265
0.604082  0.163265  0.0163265
0.620408  0.163265  0.0163265
0.636735  0.163265  0.0163265
0.653061  0.163265  0.0163265
0.669388  0.163265  0.0163265
0.685714  0.163265  0.0163265
0.702041  0.163265  0.0163265
0.718367  0.163265  0.0163265
0.734694  0.163265  0.0163265
0.75102  0.163265  0.0163265
0.767347  0.163265  0.0163265
0.783673  0.163265  0.0163265
0.8  0.163265  0.0163265
0  0.179592  0.0163265
0.0163265  0.179592  0.0163265
0.0326531  0.179592  0.0163265
0.0489796  0.179592  0.0163265
0.0653061  0.179592  0.0163265
0.0816327  0.179592  0.0163265
0.0979592  0.179592  0.0163265
0.114286  0.179592  0.0163265
0.130612  0.179592  0.0163265
0.146939  0.179592  0.0163265
0.163265  0.179592  0.0163265
0.179592  0.179592  0.0163265
0.195918  0.179592  0.0163265
0.212245  0.179592  0.0163265
0.228571  0.179592  0.0163265
0.244898  0.179592  0.0163265
0.261224  0.179592  0.0163265
0.277551  0.179592  0.0163265
0.293878  0.179592  0.0163265
0.310204  0.179592  0.0163265
0.326531  0.179592  0.0163265
0.342857  0.179592  0.0163265
0.359184  0.179592  0.0163265
0.37551  0.179592  0.0163265
0.391837  0.179592  0.0163265
0.408163  0.179592  0.0163265
0.42449  0.179592  0.0163265
0.440816  0.179592  0.0163265
0.457143  0.179592  0.0163265
0.473469  0.179592  0.0163265
0.489796  0.179592  0.0163265
0.506122  0.179592  0.0163265
0.522449  0.179592  0.0163265
0.538776  0.179592  0.0163265
0.555102  0.179592  0.0163265
0.571429  0.179592  0.0163265
0.587755  0.179592  0.0163265
0.604082  0.179592  0.0163265
0.620408  0.179592  0.0163265
0.636735  0.179592  0.0163265
0.653061  0.179592  0.0163265
0.669388  0.179592  0.0163265
0.685714  0.179592  0.0163265
0.702041  0.179592  0.0163265
0.718367  0.179592  0.0163265
0.734694  0.179592  0.0163265
0.75102  0.179592  0.0163265
0.767347  0.179592  0.0163265
0.783673  0.179592  0.0163265
0.8  0.179592  0.0163265
0  0.195918  0.0163265
0.0163265  0.195918  0.0163265
0.0326531  0.195918  0.0163265
0.0489796  0.195918  0.0163265
0.0653061  0.195918  0.0163265
0.0816327  0.195918  0.0163265
0.0979592  0.195918  0.0163265
0.114286  0.195918  0.0163265
0.130612  0.195918  0.0163265
0.146939  0.195918  0.0163265
0.163265  0.195918  0.0163265
0.179592  0.195918  0.0163265
0.195918  0.195918  0.0163265
0.212245  0.195918  0.0163265
0.228571  0.195918  0.0163265
0.244898  0.195918  0.0163265
0.261224  0.195918  0.0163265
0.277551  0.195918  0.0163265
0.293878  0.195918  0.0163265
0.310204  0.195918  0.0163265
0.326531  0.195918  0.0163265
0.342857  0.195918  0.0163265
0.359184  0.195918  0.0163265
0.37551  0.195918  0.0163265
0.391837  0.195918  0.0163265
0.408163  0.195918  0.0163265
0.42449  0.195918  0.0163265
0.440816  0.195918  0.0163265
0.457143  0.195918  0.0163265
0.473469  0.195918  0.0163265
0.489796  0.195918  0.0163265
0.506122  0.195918  0.0163265
0.522449  0.195918  0.0163265
0.538776  0.195918  0.0163265
0.555102  0.195918  0.0163265
0.571429  0.195918  0.0163265
0.587755  0.195918  0.0163265
0.604082  0.195918  0.0163265
0.620408  0.195918  0.0163265
0.636735  0.195918  0.0163265
0.653061  0.195918  0.0163265
0.669388  0.195918  0.0163265
0.685714  0.195918  0.0163265
0.702041  0.195918  0.0163265
0.718367  0.195918  0.0163265
0.734694  0.195918  0.0163265
0.75102  0.195918  0.0163265
0.767347  0.195918  0.0163265
0.783673  0.195918  0.0163265
0.8  0.195918  0.0163265
0  0.212245  0.0163265
0.0163265  0.212245  0.0163265
0.0326531  0.212245  0.0163265
0.0489796  0.212245  0.0163265
0.0653061  0.212245  0.0163265
0.0816327  0.212245  0.0163265
0.0979592  0.212245  0.0163265
0.114286  0.212245  0.0163265
0.130612  0.212245  0.0163265
0.146939  0.212245  0.0163265
0.163265  0.212245  0.0163265
0.179592  0.212245  0.0163265
0.195918  0.212245  0.0163265
0.212245  0.212245  0.0163265
0.228571  0.212245  0.0163265
0.244898  0.212245  0.0163265
0.261224  0.212245  0.0163265
0.277551  0.212245  0.0163265
0.293878  0.212245  0.0163265
0.310204  0.212245  0.0163265
0.326531  0.212245  0.0163265
0.342857  0.212245  0.0163265
0.359184  0.212245  0.0163265
0.37551  0.212245  0.0163265
0.391837  0.212245  0.0163265
0.408163  0.212245  0.0163265
0.42449  0.212245  0.0163265
0.440816  0.212245  0.0163265
0.457143  0.212245  0.0163265
0.473469  0.212245  0.0163265
0.489796  0.212245  0.0163265
0.506122  0.212245  0.0163265
0.522449  0.212245  0.0163265
0.538776  0.212245  0.0163265
0.555102  0.212245  0.0163265
0.571429  0.212245  0.0163265
0.587755  0.212245  0.0163265
0.604082  0.212245  0.0163265
0.620408  0.212245  0.0163265
0.636735  0.212245  0.0163265
0.653061  0.212245  0.0163265
0.669388  0.212245  0.0163265
0.685714  0.212245  0.0163265
0.702041  0.212245  0.0163265
0.718367  0.212245  0.0163265
0.734694  0.212245  0.0163265
0.75102  0.212245  0.0163265
0.767347  0.212245  0.0163265
0.783673  0.212245  0.0163265
0.8  0.212245  0.0163265
0  0.228571  0.0163265
0.0163265  0.228571  0.0163265
0.0326531  0.228571  0.0163265
0.0489796  0.228571  0.0163265
0.0653061  0.228571  0.0163265
0.0816327  0.228571  0.0163265
0.0979592  0.228571  0.0163265
0.114286  0.228571  0.0163265
0.130612  0.228571  0.0163265
0.146939  0.228571  0.0163265
0.163265  0.228571  0.0163265
0.179592  0.228571  0.0163265
0.195918  0.228571  0.0163265
0.212245  0.228571  0.0163265
0.228571  0.228571  0.0163265
0.244898  0.228571  0.0163265
0.261224  0.228571  0.0163265
0.277551  0.228571  0.0163265
0.293878  0.228571  0.0163265
0.310204  0.228571  0.0163265
0.326531  0.228571  0.0163265
0.342857  0.228571  0.0163265
0.359184  0.228571  0.0163265
0.37551  0.228571  0.0163265
0.391837  0.228571  0.0163265
0.408163  0.228571  0.0163265
0.42449  0.228571  0.0163265
0.440816  0.228571  0.0163265
0.457143  0.228571  0.0163265
0.473469  0.228571  0.0163265
0.489796  0.228571  0.0163265
0.506122  0.228571  0.0163265
0.522449  0.228571  0.0163265
0.538776  0.228571  0.0163265
0.555102  0.228571  0.0163265
0.571429  0.228571  0.0163265
0.587755  0.228571  0.0163265
0.604082  0.228571  0.0163265
0.620408  0.228571  0.0163265
0.636735  0.228571  0.0163265
0.653061  0.228571  0.0163265
0.669388  0.228571  0.0163265
0.685714  0.228571  0.0163265
0.702041  0.228571  0.0163265
0.718367  0.228571  0.0163265
0.734694  0.228571  0.0163265
0.75102  0.228571  0.0163265
0.767347  0.228571  0.0163265
0.783673  0.228571  0.0163265
0.8  0.228571  0.0163265
0  0.244898  0.0163265
0.0163265  0.244898  0.0163265
0.0326531  0.244898  0.0163265
0.0489796  0.244898  0.0163265
0.0653061  0.244898  0.0163265
0.0816327  0.244898  0.0163265
0.0979592  0.244898  0.0163265
0.114286  0.244898  0.0163265
0.130612  0.244898  0.0163265
0.146939  0.244898  0.0163265
0.163265  0.244898  0.0163265
0.179592  0.244898  0.0163265
0.195918  0.244898  0.0163265
0.212245  0.244898  0.0163265
0.228571  0.244898  0.0163265
0.244898  0.244898  0.0163265
0.261224  0.244898  0.0163265
0.277551  0.244898  0.0163265
0.293878  0.244898  0.0163265
0.310204  0.244898  0.0163265
0.326531  0.244898  0.0163265
0.342857  0.244898  0.0163265
0.359184  0.244898  0.0163265
0.37551  0.244898  0.0163265
0.391837  0.244898  0.0163265
0.408163  0.244898  0.0163265
0.42449  0.244898  0.0163265
0.440816  0.244898  0.0163265
0.457143  0.244898  0.0163265
0.473469  0.244898  0.0163265
0.489796  0.244898  0.0163265
0.506122  0.244898  0.0163265
0.522449  0.244898  0.0163265
0.538776  0.244898  0.0163265
0.555102  0.244898  0.0163265
0.571429  0.244898  0.0163265
0.587755  0.244898  0.0163265
0.604082  0.244898  0.0163265
0.620408  0.244898  0.0163265
0.636735  0.244898  0.0163265
0.653061  0.244898  0.0163265
0.669388  0.244898  0.0163265
0.685714  0.244898  0.0163265
0.702041  0.244898  0.0163265
0.718367  0.244898  0.0163265
0.734694  0.244898  0.0163265
0.75102  0.244898  0.0163265
0.767347  0.244898  0.0163265
0.783673  0.244898  0.0163265
0.8  0.244898  0.0163265
0  0.261224  0.0163265
0.0163265  0.261224  0.0163265
0.0326531  0.261224  0.0163265
0.0489796  0.261224  0.0163265
0.0653061  0.261224  0.0163265
0.0816327  0.261224  0.0163265
0.0979592  0.261224  0.0163265
0.114286  0.261224  0.0163265
0.130612  0.261224  0.0163265
0.146939  0.261224  0.0163265
0.163265  0.261224  0.0163265
0.179592  0.261224  0.0163265
0.195918  0.261224  0.0163265
0.212245  0.261224  0.0163265
0.228571  0.261224  0.0163265
0.244898  0.261224  0.0163265
0.261224  0.261224  0.0163265
0.277551  0.261224  0.0163265
0.293878  0.261224  0.0163265
0.310204  0.261224  0.0163265
0.326531  0.261224  0.0163265
0.342857  0.261224  0.0163265
0.359184  0.261224  0.0163265
0.37551  0.261224  0.0163265
0.391837  0.261224  0.0163265
0.408163  0.261224  0.0163265
0.42449  0.261224  0.0163265
0.440816  0.261224  0.0163265
0.457143  0.261224  0.0163265
0.473469  0.261224  0.0163265
0.489796  0.261224  0.0163265
0.506122  0.261224  0.0163265
0.522449  0.261224  0.0163265
0.538776  0.261224  0.0163265
0.555102  0.261224  0.0163265
0.571429  0.261224  0.0163265
0.587755  0.261224  0.0163265
0.604082  0.261224  0.0163265
0.620408  0.261224  0.0163265
0.636735  0.261224  0.0163265
0.653061  0.261224  0.0163265
0.669388  0.261224  0.0163265
0.685714  0.261224  0.0163265
0.702041  0.261224  0.0163265
0.718367  0.261224  0.0163265
0.734694  0.261224  0.0163265
0.75102  0.261224  0.0163265
0.767347  0.261224  0.0163265
0.783673  0.261224  0.0163265
0.8  0.261224  0.0163265
0  0.277551  0.0163265
0.0163265  0.277551  0.0163265
0.0326531  0.277551  0.0163265
0.0489796  0.277551  0.0163265
0.0653061  0.277551  0.0163265
0.0816327  0.277551  0.0163265
0.0979592  0.277551  0.0163265
0.114286  0.277551  0.0163265
0.130612  0.277551  0.0163265
0.146939  0.277551  0.0163265
0.163265  0.277551  0.0163265
0.179592  0.277551  0.0163265
0.195918  0.277551  0.0163265
0.212245  0.277551  0.0163265
0.228571  0.277551  0.0163265
0.244898  0.277551  0.0163265
0.261224  0.277551  0.0163265
0.277551  0.277551  0.0163265
0.293878  0.277551  0.0163265
0.310204  0.277551  0.0163265
0.326531  0.277551  0.0163265
0.342857  0.277551  0.0163265
0.359184  0.277551  0.0163265
0.37551  0.277551  0.0163265
0.391837  0.277551  0.0163265
0.408163  0.277551  0.0163265
0.42449  0.277551  0.0163265
0.440816  0.277551  0.0163265
0.457143  0.277551  0.0163265
0.473469  0.277551  0.0163265
0.489796  0.277551  0.0163265
0.506122  0.277551  0.0163265
0.522449  0.277551  0.0163265
0.538776  0.277551  0.0163265
0.555102  0.277551  0.0163265
0.571429  0.277551  0.0163265
0.587755  0.277551  0.0163265
0.604082  0.277551  0.0163265
0.620408  0.277551  0.0163265
0.636735  0.277551  0.0163265
0.653061  0.277551  0.0163265
0.669388  0.277551  0.0163265
0.685714  0.277551  0.0163265
0.702041  0.277551  0.0163265
0.718367  0.277551  0.0163265
0.734694  0.277551  0.0163265
0.75102  0.277551  0.0163265
0.767347  0.277551  0.0163265
0.783673  0.277551  0.0163265
0.8  0.277551  0.0163265
0  0.293878  0.0163265
0.0163265  0.293878  0.0163265
0.0326531  0.293878  0.0163265
0.0489796  0.293878  0.0163265
0.0653061  0.293878  0.0163265
0.0816327  0.293878  0.0163265
0.0979592  0.293878  0.0163265
0.114286  0.293878  0.0163265
0.130612  0.293878  0.0163265
0.146939  0.293878  0.0163265
0.163265  0.293878  0.0163265
0.179592  0.293878  0.0163265
0.195918  0.293878  0.0163265
0.212245  0.293878  0.0163265
0.228571  0.293878  0.0163265
0.244898  0.293878  0.0163265
0.261224  0.293878  0.0163265
0.277551  0.293878  0.0163265
0.293878  0.293878  0.0163265
0.310204  0.293878  0.0163265
0.326531  0.293878  0.0163265
0.342857  0.293878  0.0163265
0.359184  0.293878  0.0163265
0.37551  0.293878  0.0163265
0.391837  0.293878  0.0163265
0.408163  0.293878  0.0163265
0.42449  0.293878  0.0163265
0.440816  0.293878  0.0163265
0.457143  0.293878  0.0163265
0.473469  0.293878  0.0163265
0.489796  0.293878  0.0163265
0.506122  0.293878  0.0163265
0.522449  0.293878  0.0163265
0.538776  0.293878  0.0163265
0.555102  0.293878  0.0163265
0.571429  0.293878  0.0163265
0.587755  0.293878  0.0163265
0.604082  0.293878  0.0163265
0.620408  0.293878  0.0163265
0.636735  0.293878  0.0163265
0.653061  0.293878  0.0163265
0.669388  0.293878  0.0163265
0.685714  0.293878  0.0163265
0.702041  0.293878  0.0163265
0.718367  0.293878  0.0163265
0.734694  0.293878  0.0163265
0.75102  0.293878  0.0163265
0.767347  0.293878  0.0163265
0.783673  0.293878  0.0163265
0.8  0.293878  0.0163265
0  0.310204  0.0163265
0.0163265  0.310204  0.0163265
0.0326531  0.310204  0.0163265
0.0489796  0.310204  0.0163265
0.0653061  0.310204  0.0163265
0.0816327  0.310204  0.0163265
0.0979592  0.310204  0.0163265
0.114286  0.310204  0.0163265
0.130612  0.310204  0.0163265
0.146939  0.310204  0.0163265
0.163265  0.310204  0.0163265
0.179592  0.310204  0.0163265
0.195918  0.310204  0.0163265
0.212245  0.310204  0.0163265
0.228571  0.310204  0.0163265
0.244898  0.310204  0.0163265
0.261224  0.310204  0.0163265
0.277551  0.310204  0.0163265
0.293878  0.310204  0.0163265
0.310204  0.310204  0.0163265
0.326531  0.310204  0.0163265
0.342857  0.310204  0.0163265
0.359184  0.310204  0.0163265
0.37551  0.310204  0.0163265
0.391837  0.310204  0.0163265
0.408163  0.310204  0.0163265
0.42449  0.310204  0.0163265
0.440816  0.310204  0.0163265
0.457143  0.310204  0.0163265
0.473469  0.310204  0.0163265
0.489796  0.310204  0.0163265
0.506122  0.310204  0.0163265
0.522449  0.310204  0.0163265
0.538776  0.310204  0.0163265
0.555102  0.310204  0.0163265
0.571429  0.310204  0.0163265
0.587755  0.310204  0.0163265
0.604082  0.310204  0.0163265
0.620408  0.310204  0.0163265
0.636735  0.310204  0.0163265
0.653061  0.310204  0.0163265
0.669388  0.310204  0.0163265
0.685714  0.310204  0.0163265
0.702041  0.310204  0.0163265
0.718367  0.310204  0.0163265
0.734694  0.310204  0.0163265
0.75102  0.310204  0.0163265
0.767347  0.310204  0.0163265
0.783673  0.310204  0.0163265
0.8  0.310204  0.0163265
0  0.326531  0.0163265
0.0163265  0.326531  0.0163265
0.0326531  0.326531  0.0163265
0.0489796  0.326531  0.0163265
0.0653061  0.326531  0.0163265
0.0816327  0.326531  0.0163265
0.0979592  0.326531  0.0163265
0.114286  0.326531  0.0163265
0.130612  0.326531  0.0163265
0.146939  0.326531  0.0163265
0.163265  0.326531  0.0163265
0.179592  0.326531  0.0163265
0.195918  0.326531  0.0163265
0.212245  0.326531  0.0163265
0.228571  0.326531  0.0163265
0.244898  0.326531  0.0163265
0.261224  0.326531  0.0163265
0.277551  0.326531  0.0163265
0.293878  0.326531  0.0163265
0.310204  0.326531  0.0163265
0.326531  0.326531  0.0163265
0.342857  0.326531  0.0163265
0.359184  0.326531  0.0163265
0.37551  0.326531  0.0163265
0.391837  0.326531  0.0163265
0.408163  0.326531  0.0163265
0.42449  0.326531  0.0163265
0.440816  0.326531  0.0163265
0.457143  0.326531  0.0163265
0.473469  0.326531  0.0163265
0.489796  0.326531  0.0163265
0.506122  0.326531  0.0163265
0.522449  0.326531  0.0163265
0.538776  0.326531  0.0163265
0.555102  0.326531  0.0163265
0.571429  0.326531  0.0163265
0.587755  0.326531  0.0163265
0.604082  0.326531  0.0163265
0.620408  0.326531  0.0163265
0.636735  0.326531  0.0163265
0.653061  0.326531  0.0163265
0.669388  0.326531  0.0163265
0.685714  0.326531  0.0163265
0.702041  0.326531  0.0163265
0.718367  0.326531  0.0163265
0.734694  0.326531  0.0163265
0.75102  0.326531  0.0163265
0.767347  0.326531  0.0163265
0.783673  0.326531  0.0163265
0.8  0.326531  0.0163265
0  0.342857  0.0163265
0.0163265  0.342857  0.0163265
0.0326531  0.342857  0.0163265
0.0489796  0.342857  0.0163265
0.0653061  0.342857  0.0163265
0.0816327  0.342857  0.0163265
0.0979592  0.342857  0.0163265
0.114286  0.342857  0.0163265
0.130612  0.342857  0.0163265
0.146939  0.342857  0.0163265
0.163265  0.342857  0.0163265
0.179592  0.342857  0.0163265
0.195918  0.342857  0.0163265
0.212245  0.342857  0.0163265
0.228571  0.342857  0.0163265
0.244898  0.342857  0.0163265
0.261224  0.342857  0.0163265
0.277551  0.342857  0.0163265
0.293878  0.342857  0.0163265
0.310204  0.342857  0.0163265
0.326531  0.342857  0.0163265
0.342857  0.342857  0.0163265
0.359184  0.342857  0.0163265
0.37551  0.342857  0.0163265
0.391837  0.342857  0.0163265
0.408163  0.342857  0.0163265
0.42449  0.342857  0.0163265
0.440816  0.342857  0.0163265
0.457143  0.342857  0.0163265
0.473469  0.342857  0.0163265
0.489796  0.342857  0.0163265
0.506122  0.342857  0.0163265
0.522449  0.342857  0.0163265
0.538776  0.342857  0.0163265
0.555102  0.342857  0.0163265
0.571429  0.342857  0.0163265
0.587755  0.342857  0.0163265
0.604082  0.342857  0.0163265
0.620408  0.342857  0.0163265
0.636735  0.342857  0.0163265
0.653061  0.342857  0.0163265
0.669388  0.342857  0.0163265
0.685714  0.342857  0.0163265
0.702041  0.342857  0.0163265
0.718367  0.342857  0.0163265
0.734694  0.342857  0.0163265
0.75102  0.342857  0.0163265
0.767347  0.342857  0.0163265
0.783673  0.342857  0.0163265
0.8  0.342857  0.0163265
0  0.359184  0.0163265
0.0163265  0.359184  0.0163265
0.0326531  0.359184  0.0163265
0.0489796  0.359184  0.0163265
0.0653061  0.359184  0.0163265
0.0816327  0.359184  0.0163265
0.0979592  0.359184  0.0163265
0.114286  0.359184  0.0163265
0.130612  0.359184  0.0163265
0.146939  0.359184  0.0163265
0.163265  0.359184  0.0163265
0.179592  0.359184  0.0163265
0.195918  0.359184  0.0163265
0.212245  0.359184  0.0163265
0.228571  0.359184  0.0163265
0.244898  0.359184  0.0163265
0.261224  0.359184  0.0163265
0.277551  0.359184  0.0163265
0.293878  0.359184  0.0163265
0.310204  0.359184  0.0163265
0.326531  0.359184  0.0163265
0.342857  0.359184  0.0163265
0.359184  0.359184  0.0163265
0.37551  0.359184  0.0163265
0.391837  0.359184  0.0163265
0.408163  0.359184  0.0163265
0.42449  0.359184  0.0163265
0.440816  0.359184  0.0163265
0.457143  0.359184  0.0163265
0.473469  0.359184  0.0163265
0.489796  0.359184  0.0163265
0.506122  0.359184  0.0163265
0.522449  0.359184  0.0163265
0.538776  0.359184  0.0163265
0.555102  0.359184  0.0163265
0.571429  0.359184  0.0163265
0.587755  0.359184  0.0163265
0.604082  0.359184  0.0163265
0.620408  0.359184  0.0163265
0.636735  0.359184  0.0163265
0.653061  0.359184  0.0163265
0.669388  0.359184  0.0163265
0.685714  0.359184  0.0163265
0.702041  0.359184  0.0163265
0.718367  0.359184  0.0163265
0.734694  0.359184  0.0163265
0.75102  0.359184  0.0163265
0.767347  0.359184  0.0163265
0.783673  0.359184  0.0163265
0.8  0.359184  0.0163265
0  0.37551  0.0163265
0.0163265  0.37551  0.0163265
0.0326531  0.37551  0.0163265
0.0489796  0.37551  0.0163265
0.0653061  0.37551  0.0163265
0.0816327  0.37551  0.0163265
0.0979592  0.37551  0.0163265
0.114286  0.37551  0.0163265
0.130612  0.37551  0.0163265
0.146939  0.37551  0.0163265
0.163265  0.37551  0.0163265
0.179592  0.37551  0.0163265
0.195918  0.37551  0.0163265
0.212245  0.37551  0.0163265
0.228571  0.37551  0.0163265
0.244898  0.37551  0.0163265
0.261224  0.37551  0.0163265
0.277551  0.37551  0.0163265
0.293878  0.37551  0.0163265
0.310204  0.37551  0.0163265
0.326531  0.37551  0.0163265
0.342857  0.37551  0.0163265
0.359184  0.37551  0.0163265
0.37551  0.37551  0.0163265
0.391837  0.37551  0.0163265
0.408163  0.37551  0.0163265
0.42449  0.37551  0.0163265
0.440816  0.37551  0.0163265
0.457143  0.37551  0.0163265
0.473469  0.37551  0.0163265
0.489796  0.37551  0.0163265
0.506122  0.37551  0.0163265
0.522449  0.37551  0.0163265
0.538776  0.37551  0.0163265
0.555102  0.37551  0.0163265
0.571429  0.37551  0.0163265
0.587755  0.37551  0.0163265
0.604082  0.37551  0.0163265
0.620408  0.37551  0.0163265
0.636735  0.37551  0.0163265
0.653061  0.37551  0.0163265
0.669388  0.37551  0.0163265
0.685714  0.37551  0.0163265
0.702041  0.37551  0.0163265
0.718367  0.37551  0.0163265
0.734694  0.37551  0.0163265
0.75102  0.37551  0.0163265
0.767347  0.37551  0.0163265
0.783673  0.37551  0.0163265
0.8  0.37551  0.0163265
0  0.391837  0.0163265
0.0163265  0.391837  0.0163265
0.0326531  0.391837  0.0163265
0.0489796  0.391837  0.0163265
0.0653061  0.391837  0.0163265
0.0816327  0.391837  0.0163265
0.0979592  0.391837  0.0163265
0.114286  0.391837  0.0163265
0.130612  0.391837  0.0163265
0.146939  0.391837  0.0163265
0.163265  0.391837  0.0163265
0.179592  0.391837  0.0163265
0.195918  0.391837  0.0163265
0.212245  0.391837  0.0163265
0.228571  0.391837  0.0163265
0.244898  0.391837  0.0163265
0.261224  0.391837  0.0163265
0.277551  0.391837  0.0163265
0.293878  0.391837  0.0163265
0.310204  0.391837  0.0163265
0.326531  0.391837  0.0163265
0.342857  0.391837  0.0163265
0.359184  0.391837  0.0163265
0.37551  0.391837  0.0163265
0.391837  0.391837  0.0163265
0.408163  0.391837  0.0163265
0.42449  0.391837  0.0163265
0.440816  0.391837  0.0163265
0.457143  0.391837  0.0163265
0.473469  0.391837  0.0163265
0.489796  0.391837  0.0163265
0.506122  0.391837  0.0163265
0.522449  0.391837  0.0163265
0.538776  0.391837  0.0163265
0.555102  0.391837  0.0163265
0.571429  0.391837  0.0163265
0.587755  0.391837  0.0163265
0.604082  0.391837  0.0163265
0.620408  0.391837  0.0163265
0.636735  0.391837  0.0163265
0.653061  0.391837  0.0163265
0.669388  0.391837  0.0163265
0.685714  0.391837  0.0163265
0.702041  0.391837  0.0163265
0.718367  0.391837  0.0163265
0.734694  0.391837  0.0163265
0.75102  0.391837  0.0163265
0.767347  0.391837  0.0163265
0.783673  0.391837  0.0163265
0.8  0.391837  0.0163265
0  0.408163  0.0163265
0.0163265  0.408163  0.0163265
0.0326531  0.408163  0.0163265
0.0489796  0.408163  0.0163265
0.0653061  0.408163  0.0163265
0.0816327  0.408163  0.0163265
0.0979592  0.408163  0.0163265
0.114286  0.408163  0.0163265
0.130612  0.408163  0.0163265
0.146939  0.408163  0.0163265
0.163265  0.408163  0.0163265
0.179592  0.408163  0.0163265
0.195918  0.408163  0.0163265
0.212245  0.408163  0.0163265
0.228571  0.408163  0.0163265
0.244898  0.408163  0.0163265
0.261224  0.408163  0.0163265
0.277551  0.408163  0.0163265
0.293878  0.408163  0.0163265
0.310204  0.408163  0.0163265
0.326531  0.408163  0.0163265
0.342857  0.408163  0.0163265
0.359184  0.408163  0.0163265
0.37551  0.408163  0.0163265
0.391837  0.408163  0.0163265
0.408163  0.408163  0.0163265
0.42449  0.408163  0.0163265
0.440816  0.408163  0.0163265
0.457143  0.408163  0.0163265
0.473469  0.408163  0.0163265
0.489796  0.408163  0.0163265
0.506122  0.408163  0.0163265
0.522449  0.408163  0.0163265
0.538776  0.408163  0.0163265
0.555102  0.408163  0.0163265
0.571429  0.408163  0.0163265
0.587755  0.408163  0.0163265
0.604082  0.408163  0.0163265
0.620408  0.408163  0.0163265
0.636735  0.408163  0.0163265
0.653061  0.408163  0.0163265
0.669388  0.408163  0.0163265
0.685714  0.408163  0.0163265
0.702041  0.408163  0.0163265
0.718367  0.408163  0.0163265
0.734694  0.408163  0.0163265
0.75102  0.408163  0.0163265
0.767347  0.408163  0.0163265
0.783673  0.408163  0.0163265
0.8  0.408163  0.0163265
0  0.42449  0.0163265
0.0163265  0.42449  0.0163265
0.0326531  0.42449  0.0163265
0.0489796  0.42449  0.0163265
0.0653061  0.42449  0.0163265
0.0816327  0.42449  0.0163265
0.0979592  0.42449  0.0163265
0.114286  0.42449  0.0163265
0.130612  0.42449  0.0163265
0.146939  0.42449  0.0163265
0.163265  0.42449  0.0163265
0.179592  0.42449  0.0163265
0.195918  0.42449  0.0163265
0.212245  0.42449  0.0163265
0.228571  0.42449  0.0163265
0.244898  0.42449  0.0163265
0.261224  0.42449  0.0163265
0.277551  0.42449  0.0163265
0.293878  0.42449  0.0163265
0.310204  0.42449  0.0163265
0.326531  0.42449  0.0163265
0.342857  0.42449  0.0163265
0.359184  0.42449  0.0163265
0.37551  0.42449  0.0163265
0.391837  0.42449  0.0163265
0.408163  0.42449  0.0163265
0.42449  0.42449  0.0163265
0.440816  0.42449  0.0163265
0.457143  0.42449  0.0163265
0.473469  0.42449  0.0163265
0.489796  0.42449  0.0163265
0.506122  0.42449  0.0163265
0.522449  0.42449  0.0163265
0.538776  0.42449  0.0163265
0.555102  0.42449  0.0163265
0.571429  0.42449  0.0163265
0.587755  0.42449  0.0163265
0.604082  0.42449  0.0163265
0.620408  0.42449  0.0163265
0.636735  0.42449  0.0163265
0.653061  0.42449  0.0163265
0.669388  0.42449  0.0163265
0.685714  0.42449  0.0163265
0.702041  0.42449  0.0163265
0.718367  0.42449  0.0163265
0.734694  0.42449  0.0163265
0.75102  0.42449  0.0163265
0.767347  0.42449  0.0163265
0.783673  0.42449  0.0163265
0.8  0.42449  0.0163265
0  0.440816  0.0163265
0.0163265  0.440816  0.0163265
0.0326531  0.440816  0.0163265
0.0489796  0.440816  0.0163265
0.0653061  0.440816  0.0163265
0.0816327  0.440816  0.0163265
0.0979592  0.440816  0.0163265
0.114286  0.440816  0.0163265
0.130612  0.440816  0.0163265
0.146939  0.440816  0.0163265
0.163265  0.440816  0.0163265
0.179592  0.440816  0.0163265
0.195918  0.440816  0.0163265
0.212245  0.440816  0.0163265
0.228571  0.440816  0.0163265
0.244898  0.440816  0.0163265
0.261224  0.440816  0.0163265
0.277551  0.440816  0.0163265
0.293878  0.440816  0.0163265
0.310204  0.440816  0.0163265
0.326531  0.440816  0.0163265
0.342857  0.440816  0.0163265
0.359184  0.440816  0.0163265
0.37551  0.440816  0.0163265
0.391837  0.440816  0.0163265
0.408163  0.440816  0.0163265
0.42449  0.440816  0.0163265
0.440816  0.440816  0.0163265
0.457143  0.440816  0.0163265
0.473469  0.440816  0.0163265
0.489796  0.440816  0.0163265
0.506122  0.440816  0.0163265
0.522449  0.440816  0.0163265
0.538776  0.440816  0.0163265
0.555102  0.440816  0.0163265
0.571429  0.440816  0.0163265
0.587755  0.440816  0.0163265
0.604082  0.440816  0.0163265
0.620408  0.440816  0.0163265
0.636735  0.440816  0.0163265
0.653061  0.440816  0.0163265
0.669388  0.440816  0.0163265
0.685714  0.440816  0.0163265
0.702041  0.440816  0.0163265
0.718367  0.440816  0.0163265
0.734694  0.440816  0.0163265
0.75102  0.440816  0.0163265
0.767347  0.440816  0.0163265
0.783673  0.440816  0.0163265
0.8  0.440816  0.0163265
0  0.457143  0.0163265
0.0163265  0.457143  0.0163265
0.0326531  0.457143  0.0163265
0.0489796  0.457143  0.0163265
0.0653061  0.457143  0.0163265
0.0816327  0.457143  0.0163265
0.0979592  0.457143  0.0163265
0.114286  0.457143  0.0163265
0.130612  0.457143  0.0163265
0.146939  0.457143  0.0163265
0.163265  0.457143  0.0163265
0.179592  0.457143  0.0163265
0.195918  0.457143  0.0163265
0.212245  0.457143  0.0163265
0.228571  0.457143  0.0163265
0.244898  0.457143  0.0163265
0.261224  0.457143  0.0163265
0.277551  0.457143  0.0163265
0.293878  0.457143  0.0163265
0.310204  0.457143  0.0163265
0.326531  0.457143  0.0163265
0.342857  0.457143  0.0163265
0.359184  0.457143  0.0163265
0.37551  0.457143  0.0163265
0.391837  0.457143  0.0163265
0.408163  0.457143  0.0163265
0.42449  0.457143  0.0163265
0.440816  0.457143  0.0163265
0.457143  0.457143  0.0163265
0.473469  0.457143  0.0163265
0.489796  0.457143  0.0163265
0.506122  0.457143  0.0163265
0.522449  0.457143  0.0163265
0.538776  0.457143  0.0163265
0.555102  0.457143  0.0163265
0.571429  0.457143  0.0163265
0.587755  0.457143  0.0163265
0.604082  0.457143  0.0163265
0.620408  0.457143  0.0163265
0.636735  0.457143  0.0163265
0.653061  0.457143  0.0163265
0.669388  0.457143  0.0163265
0.685714  0.457143  0.0163265
0.702041  0.457143  0.0163265
0.718367  0.457143  0.0163265
0.734694  0.457143  0.0163265
0.75102  0.457143  0.0163265
0.767347  0.457143  0.0163265
0.783673  0.457143  0.0163265
0.8  0.457143  0.0163265
0  0.473469  0.0163265
0.0163265  0.473469  0.0163265
0.0326531  0.473469  0.0163265
0.0489796  0.473469  0.0163265
0.0653061  0.473469  0.0163265
0.0816327  0.473469  0.0163265
0.0979592  0.473469  0.0163265
0.114286  0.473469  0.0163265
0.130612  0.473469  0.0163265
0.146939  0.473469  0.0163265
0.163265  0.473469  0.0163265
0.179592  0.473469  0.0163265
0.195918  0.473469  0.0163265
0.212245  0.473469  0.0163265
0.228571  0.473469  0.0163265
0.244898  0.473469  0.0163265
0.261224  0.473469  0.0163265
0.277551  0.473469  0.0163265
0.293878  0.473469  0.0163265
0.310204  0.473469  0.0163265
0.326531  0.473469  0.0163265
0.342857  0.473469  0.0163265
0.359184  0.473469  0.0163265
0.37551  0.473469  0.0163265
0.391837  0.473469  0.0163265
0.408163  0.473469  0.0163265
0.42449  0.473469  0.0163265
0.440816  0.473469  0.0163265
0.457143  0.473469  0.0163265
0.473469  0.473469  0.0163265
0.489796  0.473469  0.0163265
0.506122  0.473469  0.0163265
0.522449  0.473469  0.0163265
0.538776  0.473469  0.0163265
0.555102  0.473469  0.0163265
0.571429  0.473469  0.0163265
0.587755  0.473469  0.0163265
0.604082  0.473469  0.0163265
0.620408  0.473469  0.0163265
0.636735  0.473469  0.0163265
0.653061  0.473469  0.0163265
0.669388  0.473469  0.0163265
0.685714  0.473469  0.0163265
0.702041  0.473469  0.0163265
0.718367  0.473469  0.0163265
0.734694  0.473469  0.0163265
0.75102  0.473469  0.0163265
0.767347  0.473469  0.0163265
0.783673  0.473469  0.0163265
0.8  0.473469  0.0163265
0  0.489796  0.0163265
0.0163265  0.489796  0.0163265
0.0326531  0.489796  0.0163265
0.0489796  0.489796  0.0163265
0.0653061  0.489796  0.0163265
0.0816327  0.489796  0.0163265
0.0979592  0.489796  0.0163265
0.114286  0.489796  0.0163265
0.130612  0.489796  0.0163265
0.146939  0.489796  0.0163265
0.163265  0.489796  0.0163265
0.179592  0.489796  0.0163265
0.195918  0.489796  0.0163265
0.212245  0.489796  0.0163265
0.228571  0.489796  0.0163265
0.244898  0.489796  0.0163265
0.261224  0.489796  0.0163265
0.277551  0.489796  0.0163265
0.293878  0.489796  0.0163265
0.310204  0.489796  0.0163265
0.326531  0.489796  0.0163265
0.342857  0.489796  0.0163265
0.359184  0.489796  0.0163265
0.37551  0.489796  0.0163265
0.391837  0.489796  0.0163265
0.408163  0.489796  0.0163265
0.42449  0.489796  0.0163265
0.440816  0.489796  0.0163265
0.457143  0.489796  0.0163265
0.473469  0.489796  0.0163265
0.489796  0.489796  0.0163265
0.506122  0.489796  0.0163265
0.522449  0.489796  0.0163265
0.538776  0.489796  0.0163265
0.555102  0.489796  0.0163265
0.571429  0.489796  0.0163265
0.587755  0.489796  0.0163265
0.604082  0.489796  0.0163265
0.620408  0.489796  0.0163265
0.636735  0.489796  0.0163265
0.653061  0.489796  0.0163265
0.669388  0.489796  0.0163265
0.685714  0.489796  0.0163265
0.702041  0.489796  0.0163265
0.718367  0.489796  0.0163265
0.734694  0.489796  0.0163265
0.75102  0.489796  0.0163265
0.767347  0.489796  0.0163265
0.783673  0.489796  0.0163265
0.8  0.489796  0.0163265
0  0.506122  0.0163265
0.0163265  0.506122  0.0163265
0.0326531  0.506122  0.0163265
0.0489796  0.506122  0.0163265
0.0653061  0.506122  0.0163265
0.0816327  0.506122  0.0163265
0.0979592  0.506122  0.0163265
0.114286  0.506122  0.0163265
0.130612  0.506122  0.0163265
0.146939  0.506122  0.0163265
0.163265  0.506122  0.0163265
0.179592  0.506122  0.0163265
0.195918  0.506122  0.0163265
0.212245  0.506122  0.0163265
0.228571  0.506122  0.0163265
0.244898  0.506122  0.0163265
0.261224  0.506122  0.0163265
0.277551  0.506122  0.0163265
0.293878  0.506122  0.0163265
0.310204  0.506122  0.0163265
0.326531  0.506122  0.0163265
0.342857  0.506122  0.0163265
0.359184  0.506122  0.0163265
0.37551  0.506122  0.0163265
0.391837  0.506122  0.0163265
0.408163  0.506122  0.0163265
0.42449  0.506122  0.0163265
0.440816  0.506122  0.0163265
0.457143  0.506122  0.0163265
0.473469  0.506122  0.0163265
0.489796  0.506122  0.0163265
0.506122  0.506122  0.0163265
0.522449  0.506122  0.0163265
0.538776  0.506122  0.0163265
0.555102  0.506122  0.0163265
0.571429  0.506122  0.0163265
0.587755  0.506122  0.0163265
0.604082  0.506122  0.0163265
0.620408  0.506122  0.0163265
0.636735  0.506122  0.0163265
0.653061  0.506122  0.0163265
0.669388  0.506122  0.0163265
0.685714  0.506122  0.0163265
0.702041  0.506122  0.0163265
0.718367  0.506122  0.0163265
0.734694  0.506122  0.0163265
0.75102  0.506122  0.0163265
0.767347  0.506122  0.0163265
0.783673  0.506122  0.0163265
0.8  0.506122  0.0163265
0  0.522449  0.0163265
0.0163265  0.522449  0.0163265
0.0326531  0.522449  0.0163265
0.0489796  0.522449  0.0163265
0.0653061  0.522449  0.0163265
0.0816327  0.522449  0.0163265
0.0979592  0.522449  0.0163265
0.114286  0.522449  0.0163265
0.130612  0.522449  0.0163265
0.146939  0.522449  0.0163265
0.163265  0.522449  0.0163265
0.179592  0.522449  0.0163265
0.195918  0.522449  0.0163265
0.212245  0.522449  0.0163265
0.228571  0.522449  0.0163265
0.244898  0.522449  0.0163265
0.261224  0.522449  0.0163265
0.277551  0.522449  0.0163265
0.293878  0.522449  0.0163265
0.310204  0.522449  0.0163265
0.326531  0.522449  0.0163265
0.342857  0.522449  0.0163265
0.359184  0.522449  0.0163265
0.37551  0.522449  0.0163265
0.391837  0.522449  0.0163265
0.408163  0.522449  0.0163265
0.42449  0.522449  0.0163265
0.440816  0.522449  0.0163265
0.457143  0.522449  0.0163265
0.473469  0.522449  0.0163265
0.489796  0.522449  0.0163265
0.506122  0.522449  0.0163265
0.522449  0.522449  0.0163265
0.538776  0.522449  0.0163265
0.555102  0.522449  0.0163265
0.571429  0.522449  0.0163265
0.587755  0.522449  0.0163265
0.604082  0.522449  0.0163265
0.620408  0.522449  0.0163265
0.636735  0.522449  0.0163265
0.653061  0.522449  0.0163265
0.669388  0.522449  0.0163265
0.685714  0.522449  0.0163265
0.702041  0.522449  0.0163265
0.718367  0.522449  0.0163265
0.734694  0.522449  0.0163265
0.75102  0.522449  0.0163265
0.767347  0.522449  0.0163265
0.783673  0.522449  0.0163265
0.8  0.522449  0.0163265
0  0.538776  0.0163265
0.0163265  0.538776  0.0163265
0.0326531  0.538776  0.0163265
0.0489796  0.538776  0.0163265
0.0653061  0.538776  0.0163265
0.0816327  0.538776  0.0163265
0.0979592  0.538776  0.0163265
0.114286  0.538776  0.0163265
0.130612  0.538776  0.0163265
0.146939  0.538776  0.0163265
0.163265  0.538776  0.0163265
0.179592  0.538776  0.0163265
0.195918  0.538776  0.0163265
0.212245  0.538776  0.0163265
0.228571  0.538776  0.0163265
0.244898  0.538776  0.0163265
0.261224  0.538776  0.0163265
0.277551  0.538776  0.0163265
0.293878  0.538776  0.0163265
0.310204  0.538776  0.0163265
0.326531  0.538776  0.0163265
0.342857  0.538776  0.0163265
0.359184  0.538776  0.0163265
0.37551  0.538776  0.0163265
0.391837  0.538776  0.0163265
0.408163  0.538776  0.0163265
0.42449  0.538776  0.0163265
0.440816  0.538776  0.0163265
0.457143  0.538776  0.0163265
0.473469  0.538776  0.0163265
0.489796  0.538776  0.0163265
0.506122  0.538776  0.0163265
0.522449  0.538776  0.0163265
0.538776  0.538776  0.0163265
0.555102  0.538776  0.0163265
0.571429  0.538776  0.0163265
0.587755  0.538776  0.0163265
0.604082  0.538776  0.0163265
0.620408  0.538776  0.0163265
0.636735  0.538776  0.0163265
0.653061  0.538776  0.0163265
0.669388  0.538776  0.0163265
0.685714  0.538776  0.0163265
0.702041  0.538776  0.0163265
0.718367  0.538776  0.0163265
0.734694  0.538776  0.0163265
0.75102  0.538776  0.0163265
0.767347  0.538776  0.0163265
0.783673  0.538776  0.0163265
0.8  0.538776  0.0163265
0  0.555102  0.0163265
0.0163265  0.555102  0.0163265
0.0326531  0.555102  0.0163265
0.0489796  0.555102  0.0163265
0.0653061  0.555102  0.0163265
0.0816327  0.555102  0.0163265
0.0979592  0.555102  0.0163265
0.114286  0.555102  0.0163265
0.130612  0.555102  0.0163265
0.146939  0.555102  0.0163265
0.163265  0.555102  0.0163265
0.179592  0.555102  0.0163265
0.195918  0.555102  0.0163265
0.212245  0.555102  0.0163265
0.228571  0.555102  0.0163265
0.244898  0.555102  0.0163265
0.261224  0.555102  0.0163265
0.277551  0.555102  0.0163265
0.293878  0.555102  0.0163265
0.310204  0.555102  0.0163265
0.326531  0.555102  0.0163265
0.342857  0.555102  0.0163265
0.359184  0.555102  0.0163265
0.37551  0.555102  0.0163265
0.391837  0.555102  0.0163265
0.408163  0.555102  0.0163265
0.42449  0.555102  0.0163265
0.440816  0.555102  0.0163265
0.457143  0.555102  0.0163265
0.473469  0.555102  0.0163265
0.489796  0.555102  0.0163265
0.506122  0.555102  0.0163265
0.522449  0.555102  0.0163265
0.538776  0.555102  0.0163265
0.555102  0.555102  0.0163265
0.571429  0.555102  0.0163265
0.587755  0.555102  0.0163265
0.604082  0.555102  0.0163265
0.620408  0.555102  0.0163265
0.636735  0.555102  0.0163265
0.653061  0.555102  0.0163265
0.669388  0.555102  0.0163265
0.685714  0.555102  0.0163265
0.702041  0.555102  0.0163265
0.718367  0.555102  0.0163265
0.734694  0.555102  0.0163265
0.75102  0.555102  0.0163265
0.767347  0.555102  0.0163265
0.783673  0.555102  0.0163265
0.8  0.555102  0.0163265
0  0.571429  0.0163265
0.0163265  0.571429  0.0163265
0.0326531  0.571429  0.0163265
0.0489796  0.571429  0.0163265
0.0653061  0.571429  0.0163265
0.0816327  0.571429  0.0163265
0.0979592  0.571429  0.0163265
0.114286  0.571429  0.0163265
0.130612  0.571429  0.0163265
0.146939  0.571429  0.0163265
0.163265  0.571429  0.0163265
0.179592  0.571429  0.0163265
0.195918  0.571429  0.0163265
0.212245  0.571429  0.0163265
0.228571  0.571429  0.0163265
0.244898  0.571429  0.0163265
0.261224  0.571429  0.0163265
0.277551  0.571429  0.0163265
0.293878  0.571429  0.0163265
0.310204  0.571429  0.0163265
0.326531  0.571429  0.0163265
0.342857  0.571429  0.0163265
0.359184  0.571429  0.0163265
0.37551  0.571429  0.0163265
0.391837  0.571429  0.0163265
0.408163  0.571429  0.0163265
0.42449  0.571429  0.0163265
0.440816  0.571429  0.0163265
0.457143  0.571429  0.0163265
0.473469  0.571429  0.0163265
0.489796  0.571429  0.0163265
0.506122  0.571429  0.0163265
0.522449  0.571429  0.0163265
0.538776  0.571429  0.0163265
0.555102  0.571429  0.0163265
0.571429  0.571429  0.0163265
0.587755  0.571429  0.0163265
0.604082  0.571429  0.0163265
0.620408  0.571429  0.0163265
0.636735  0.571429  0.0163265
0.653061  0.571429  0.0163265
0.669388  0.571429  0.0163265
0.685714  0.571429  0.0163265
0.702041  0.571429  0.0163265
0.718367  0.571429  0.0163265
0.734694  0.571429  0.0163265
0.75102  0.571429  0.0163265
0.767347  0.571429  0.0163265
0.783673  0.571429  0.0163265
0.8  0.571429  0.0163265
0  0.587755  0.0163265
0.0163265  0.587755  0.0163265
0.0326531  0.587755  0.0163265
0.0489796  0.587755  0.0163265
0.0653061  0.587755  0.0163265
0.0816327  0.587755  0.0163265
0.0979592  0.587755  0.0163265
0.114286  0.587755  0.0163265
0.130612  0.587755  0.0163265
0.146939  0.587755  0.0163265
0.163265  0.587755  0.0163265
0.179592  0.587755  0.0163265
0.195918  0.587755  0.0163265
0.212245  0.587755  0.0163265
0.228571  0.587755  0.0163265
0.244898  0.587755  0.0163265
0.261224  0.587755  0.0163265
0.277551  0.587755  0.0163265
0.293878  0.587755  0.0163265
0.310204  0.587755  0.0163265
0.326531  0.587755  0.0163265
0.342857  0.587755  0.0163265
0.359184  0.587755  0.0163265
0.37551  0.587755  0.0163265
0.391837  0.587755  0.0163265
0.408163  0.587755  0.0163265
0.42449  0.587755  0.0163265
0.440816  0.587755  0.0163265
0.457143  0.587755  0.0163265
0.473469  0.587755  0.0163265
0.489796  0.587755  0.0163265
0.506122  0.587755  0.0163265
0.522449  0.587755  0.0163265
0.538776  0.587755  0.0163265
0.555102  0.587755  0.0163265
0.571429  0.587755  0.0163265
0.587755  0.587755  0.0163265
0.604082  0.587755  0.0163265
0.620408  0.587755  0.0163265
0.636735  0.587755  0.0163265
0.653061  0.587755  0.0163265
0.669388  0.587755  0.0163265
0.685714  0.587755  0.0163265
0.702041  0.587755  0.0163265
0.718367  0.587755  0.0163265
0.734694  0.587755  0.0163265
0.75102  0.587755  0.0163265
0.767347  0.587755  0.0163265
0.783673  0.587755  0.0163265
0.8  0.587755  0.0163265
0  0.604082  0.0163265
0.0163265  0.604082  0.0163265
0.0326531  0.604082  0.0163265
0.0489796  0.604082  0.0163265
0.0653061  0.604082  0.0163265
0.0816327  0.604082  0.0163265
0.0979592  0.604082  0.0163265
0.114286  0.604082  0.0163265
0.130612  0.604082  0.0163265
0.146939  0.604082  0.0163265
0.163265  0.604082  0.0163265
0.179592  0.604082  0.0163265
0.195918  0.604082  0.0163265
0.212245  0.604082  0.0163265
0.228571  0.604082  0.0163265
0.244898  0.604082  0.0163265
0.261224  0.604082  0.0163265
0.277551  0.604082  0.0163265
0.293878  0.604082  0.0163265
0.310204  0.604082  0.0163265
0.326531  0.604082  0.0163265
0.342857  0.604082  0.0163265
0.359184  0.604082  0.0163265
0.37551  0.604082  0.0163265
0.391837  0.604082  0.0163265
0.408163  0.604082  0.0163265
0.42449  0.604082  0.0163265
0.440816  0.604082  0.0163265
0.457143  0.604082  0.0163265
0.473469  0.604082  0.0163265
0.489796  0.604082  0.0163265
0.506122  0.604082  0.0163265
0.522449  0.604082  0.0163265
0.538776  0.604082  0.0163265
0.555102  0.604082  0.0163265
0.571429  0.604082  0.0163265
0.587755  0.604082  0.0163265
0.604082  0.604082  0.0163265
0.620408  0.604082  0.0163265
0.636735  0.604082  0.0163265
0.653061  0.604082  0.0163265
0.669388  0.604082  0.0163265
0.685714  0.604082  0.0163265
0.702041  0.604082  0.0163265
0.718367  0.604082  0.0163265
0.734694  0.604082  0.0163265
0.75102  0.604082  0.0163265
0.767347  0.604082  0.0163265
0.783673  0.604082  0.0163265
0.8  0.604082  0.0163265
0  0.620408  0.0163265
0.0163265  0.620408  0.0163265
0.0326531  0.620408  0.0163265
0.0489796  0.620408  0.0163265
0.0653061  0.620408  0.0163265
0.0816327  0.620408  0.0163265
0.0979592  0.620408  0.0163265
0.114286  0.620408  0.0163265
0.130612  0.620408  0.0163265
0.146939  0.620408  0.0163265
0.163265  0.620408  0.0163265
0.179592  0.620408  0.0163265
0.195918  0.620408  0.0163265
0.212245  0.620408  0.0163265
0.228571  0.620408  0.0163265
0.244898  0.620408  0.0163265
0.261224  0.620408  0.0163265
0.277551  0.620408  0.0163265
0.293878  0.620408  0.0163265
0.310204  0.620408  0.0163265
0.326531  0.620408  0.0163265
0.342857  0.620408  0.0163265
0.359184  0.620408  0.0163265
0.37551  0.620408  0.0163265
0.391837  0.620408  0.0163265
0.408163  0.620408  0.0163265
0.42449  0.620408  0.0163265
0.440816  0.620408  0.0163265
0.457143  0.620408  0.0163265
0.473469  0.620408  0.0163265
0.489796  0.620408  0.0163265
0.506122  0.620408  0.0163265
0.522449  0.620408  0.0163265
0.538776  0.620408  0.0163265
0.555102  0.620408  0.0163265
0.571429  0.620408  0.0163265
0.587755  0.620408  0.0163265
0.604082  0.620408  0.0163265
0.620408  0.620408  0.0163265
0.636735  0.620408  0.0163265
0.653061  0.620408  0.0163265
0.669388  0.620408  0.0163265
0.685714  0.620408  0.0163265
0.702041  0.620408  0.0163265
0.718367  0.620408  0.0163265
0.734694  0.620408  0.0163265
0.75102  0.620408  0.0163265
0.767347  0.620408  0.0163265
0.783673  0.620408  0.0163265
0.8  0.620408  0.0163265
0  0.636735  0.0163265
0.0163265  0.636735  0.0163265
0.0326531  0.636735  0.0163265
0.0489796  0.636735  0.0163265
0.0653061  0.636735  0.0163265
0.0816327  0.636735  0.0163265
0.0979592  0.636735  0.0163265
0.114286  0.636735  0.0163265
0.130612  0.636735  0.0163265
0.146939  0.636735  0.0163265
0.163265  0.636735  0.0163265
0.179592  0.636735  0.0163265
0.195918  0.636735  0.0163265
0.212245  0.636735  0.0163265
0.228571  0.636735  0.0163265
0.244898  0.636735  0.0163265
0.261224  0.636735  0.0163265
0.277551  0.636735  0.0163265
0.293878  0.636735  0.0163265
0.310204  0.636735  0.0163265
0.326531  0.636735  0.0163265
0.342857  0.636735  0.0163265
0.359184  0.636735  0.0163265
0.37551  0.636735  0.0163265
0.391837  0.636735  0.0163265
0.408163  0.636735  0.0163265
0.42449  0.636735  0.0163265
0.440816  0.636735  0.0163265
0.457143  0.636735  0.0163265
0.473469  0.636735  0.0163265
0.489796  0.636735  0.0163265
0.506122  0.636735  0.0163265
0.522449  0.636735  0.0163265
0.538776  0.636735  0.0163265
0.555102  0.636735  0.0163265
0.571429  0.636735  0.0163265
0.587755  0.636735  0.0163265
0.604082  0.636735  0.0163265
0.620408  0.636735  0.0163265
0.636735  0.636735  0.0163265
0.653061  0.636735  0.0163265
0.669388  0.636735  0.0163265
0.685714  0.636735  0.0163265
0.702041  0.636735  0.0163265
0.718367  0.636735  0.0163265
0.734694  0.636735  0.0163265
0.75102  0.636735  0.0163265
0.767347  0.636735  0.0163265
0.783673  0.636735  0.0163265
0.8  0.636735  0.0163265
0  0.653061  0.0163265
0.0163265  0.653061  0.0163265
0.0326531  0.653061  0.0163265
0.0489796  0.653061  0.0163265
0.0653061  0.653061  0.0163265
0.0816327  0.653061  0.0163265
0.0979592  0.653061  0.0163265
0.114286  0.653061  0.0163265
0.130612  0.653061  0.0163265
0.146939  0.653061  0.0163265
0.163265  0.653061  0.0163265
0.179592  0.653061  0.0163265
0.195918  0.653061  0.0163265
0.212245  0.653061  0.0163265
0.228571  0.653061  0.0163265
0.244898  0.653061  0.0163265
0.261224  0.653061  0.0163265
0.277551  0.653061  0.0163265
0.293878  0.653061  0.0163265
0.310204  0.653061  0.0163265
0.326531  0.653061  0.0163265
0.342857  0.653061  0.0163265
0.359184  0.653061  0.0163265
0.37551  0.653061  0.0163265
0.391837  0.653061  0.0163265
0.408163  0.653061  0.0163265
0.42449  0.653061  0.0163265
0.440816  0.653061  0.0163265
0.457143  0.653061  0.0163265
0.473469  0.653061  0.0163265
0.489796  0.653061  0.0163265
0.506122  0.653061  0.0163265
0.522449  0.653061  0.0163265
0.538776  0.653061  0.0163265
0.555102  0.653061  0.0163265
0.571429  0.653061  0.0163265
0.587755  0.653061  0.0163265
0.604082  0.653061  0.0163265
0.620408  0.653061  0.0163265
0.636735  0.653061  0.0163265
0.653061  0.653061  0.0163265
0.669388  0.653061  0.0163265
0.685714  0.653061  0.0163265
0.702041  0.653061  0.0163265
0.718367  0.653061  0.0163265
0.734694  0.653061  0.0163265
0.75102  0.653061  0.0163265
0.767347  0.653061  0.0163265
0.783673  0.653061  0.0163265
0.8  0.653061  0.0163265
0  0.669388  0.0163265
0.0163265  0.669388  0.0163265
0.0326531  0.669388  0.0163265
0.0489796  0.669388  0.0163265
0.0653061  0.669388  0.0163265
0.0816327  0.669388  0.0163265
0.0979592  0.669388  0.0163265
0.114286  0.669388  0.0163265
0.130612  0.669388  0.0163265
0.146939  0.669388  0.0163265
0.163265  0.669388  0.0163265
0.179592  0.669388  0.0163265
0.195918  0.669388  0.0163265
0.212245  0.669388  0.0163265
0.228571  0.669388  0.0163265
0.244898  0.669388  0.0163265
0.261224  0.669388  0.0163265
0.277551  0.669388  0.0163265
0.293878  0.669388  0.0163265
0.310204  0.669388  0.0163265
0.326531  0.669388  0.0163265
0.342857  0.669388  0.0163265
0.359184  0.669388  0.0163265
0.37551  0.669388  0.0163265
0.391837  0.669388  0.0163265
0.408163  0.669388  0.0163265
0.42449  0.669388  0.0163265
0.440816  0.669388  0.0163265
0.457143  0.669388  0.0163265
0.473469  0.669388  0.0163265
0.489796  0.669388  0.0163265
0.506122  0.669388  0.0163265
0.522449  0.669388  0.0163265
0.538776  0.669388  0.0163265
0.555102  0.669388  0.0163265
0.571429  0.669388  0.0163265
0.587755  0.669388  0.0163265
0.604082  0.669388  0.0163265
0.620408  0.669388  0.0163265
0.636735  0.669388  0.0163265
0.653061  0.669388  0.0163265
0.669388  0.669388  0.0163265
0.685714  0.669388  0.0163265
0.702041  0.669388  0.0163265
0.718367  0.669388  0.0163265
0.734694  0.669388  0.0163265
0.75102  0.669388  0.0163265
0.767347  0.669388  0.0163265
0.783673  0.669388  0.0163265
0.8  0.669388  0.0163265
0  0.685714  0.0163265
0.0163265  0.685714  0.0163265
0.0326531  0.685714  0.0163265
0.0489796  0.685714  0.0163265
0.0653061  0.685714  0.0163265
0.0816327  0.685714  0.0163265
0.0979592  0.685714  0.0163265
0.114286  0.685714  0.0163265
0.130612  0.685714  0.0163265
0.146939  0.685714  0.0163265
0.163265  0.685714  0.0163265
0.179592  0.685714  0.0163265
0.195918  0.685714  0.0163265
0.212245  0.685714  0.0163265
0.228571  0.685714  0.0163265
0.244898  0.685714  0.0163265
0.261224  0.685714  0.0163265
0.277551  0.685714  0.0163265
0.293878  0.685714  0.0163265
0.310204  0.685714  0.0163265
0.326531  0.685714  0.0163265
0.342857  0.685714  0.0163265
0.359184  0.685714  0.0163265
0.37551  0.685714  0.0163265
0.391837  0.685714  0.0163265
0.408163  0.685714  0.0163265
0.42449  0.685714  0.0163265
0.440816  0.685714  0.0163265
0.457143  0.685714  0.0163265
0.473469  0.685714  0.0163265
0.489796  0.685714  0.0163265
0.506122  0.685714  0.0163265
0.522449  0.685714  0.0163265
0.538776  0.685714  0.0163265
0.555102  0.685714  0.0163265
0.571429  0.685714  0.0163265
0.587755  0.685714  0.0163265
0.604082  0.685714  0.0163265
0.620408  0.685714  0.0163265
0.636735  0.685714  0.0163265
0.653061  0.685714  0.0163265
0.669388  0.685714  0.0163265
0.685714  0.685714  0.0163265
0.702041  0.685714  0.0163265
0.718367  0.685714  0.0163265
0.734694  0.685714  0.0163265
0.75102  0.685714  0.0163265
0.767347  0.685714  0.0163265
0.783673  0.685714  0.0163265
0.8  0.685714  0.0163265
0  0.702041  0.0163265
0.0163265  0.702041  0.0163265
0.0326531  0.702041  0.0163265
0.0489796  0.702041  0.0163265
0.0653061  0.702041  0.0163265
0.0816327  0.702041  0.0163265
0.0979592  0.702041  0.0163265
0.114286  0.702041  0.0163265
0.130612  0.702041  0.0163265
0.146939  0.702041  0.0163265
0.163265  0.702041  0.0163265
0.179592  0.702041  0.0163265
0.195918  0.702041  0.0163265
0.212245  0.702041  0.0163265
0.228571  0.702041  0.0163265
0.244898  0.702041  0.0163265
0.261224  0.702041  0.0163265
0.277551  0.702041  0.0163265
0.293878  0.702041  0.0163265
0.310204  0.702041  0.0163265
0.326531  0.702041  0.0163265
0.342857  0.702041  0.0163265
0.359184  0.702041  0.0163265
0.37551  0.702041  0.0163265
0.391837  0.702041  0.0163265
0.408163  0.702041  0.0163265
0.42449  0.702041  0.0163265
0.440816  0.702041  0.0163265
0.457143  0.702041  0.0163265
0.473469  0.702041  0.0163265
0.489796  0.702041  0.0163265
0.506122  0.702041  0.0163265
0.522449  0.702041  0.0163265
0.538776  0.702041  0.0163265
0.555102  0.702041  0.0163265
0.571429  0.702041  0.0163265
0.587755  0.702041  0.0163265
0.604082  0.702041  0.0163265
0.620408  0.702041  0.0163265
0.636735  0.702041  0.0163265
0.653061  0.702041  0.0163265
0.669388  0.702041  0.0163265
0.685714  0.702041  0.0163265
0.702041  0.702041  0.0163265
0.718367  0.702041  0.0163265
0.734694  0.702041  0.0163265
0.75102  0.702041  0.0163265
0.767347  0.702041  0.0163265
0.783673  0.702041  0.0163265
0.8  0.702041  0.0163265
0  0.718367  0.0163265
0.0163265  0.718367  0.0163265
0.0326531  0.718367  0.0163265
0.0489796  0.718367  0.0163265
0.0653061  0.718367  0.0163265
0.0816327  0.718367  0.0163265
0.0979592  0.718367  0.0163265
0.114286  0.718367  0.0163265
0.130612  0.718367  0.0163265
0.146939  0.718367  0.0163265
0.163265  0.718367  0.0163265
0.179592  0.718367  0.0163265
0.195918  0.718367  0.0163265
0.212245  0.718367  0.0163265
0.228571  0.718367  0.0163265
0.244898  0.718367  0.0163265
0.261224  0.718367  0.0163265
0.277551  0.718367  0.0163265
0.293878  0.718367  0.0163265
0.310204  0.718367  0.0163265
0.326531  0.718367  0.0163265
0.342857  0.718367  0.0163265
0.359184  0.718367  0.0163265
0.37551  0.718367  0.0163265
0.391837  0.718367  0.0163265
0.408163  0.718367  0.0163265
0.42449  0.718367  0.0163265
0.440816  0.718367  0.0163265
0.457143  0.718367  0.0163265
0.473469  0.718367  0.0163265
0.489796  0.718367  0.0163265
0.506122  0.718367  0.0163265
0.522449  0.718367  0.0163265
0.538776  0.718367  0.0163265
0.555102  0.718367  0.0163265
0.571429  0.718367  0.0163265
0.587755  0.718367  0.0163265
0.604082  0.718367  0.0163265
0.620408  0.718367  0.0163265
0.636735  0.718367  0.0163265
0.653061  0.718367  0.0163265
0.669388  0.718367  0.0163265
0.685714  0.718367  0.0163265
0.702041  0.718367  0.0163265
0.718367  0.718367  0.0163265
0.734694  0.718367  0.0163265
0.75102  0.718367  0.0163265
0.767347  0.718367  0.0163265
0.783673  0.718367  0.0163265
0.8  0.718367  0.0163265
0  0.734694  0.0163265
0.0163265  0.734694  0.0163265
0.0326531  0.734694  0.0163265
0.0489796  0.734694  0.0163265
0.0653061  0.734694  0.0163265
0.0816327  0.734694  0.0163265
0.0979592  0.734694  0.0163265
0.114286  0.734694  0.0163265
0.130612  0.734694  0.0163265
0.146939  0.734694  0.0163265
0.163265  0.734694  0.0163265
0.179592  0.734694  0.0163265
0.195918  0.734694  0.0163265
0.212245  0.734694  0.0163265
0.228571  0.734694  0.0163265
0.244898  0.734694  0.0163265
0.261224  0.734694  0.0163265
0.277551  0.734694  0.0163265
0.293878  0.734694  0.0163265
0.310204  0.734694  0.0163265
0.326531  0.734694  0.0163265
0.342857  0.734694  0.0163265
0.359184  0.734694  0.0163265
0.37551  0.734694  0.0163265
0.391837  0.734694  0.0163265
0.408163  0.734694  0.0163265
0.42449  0.734694  0.0163265
0.440816  0.734694  0.0163265
0.457143  0.734694  0.0163265
0.473469  0.734694  0.0163265
0.489796  0.734694  0.0163265
0.506122  0.734694  0.0163265
0.522449  0.734694  0.0163265
0.538776  0.734694  0.0163265
0.555102  0.734694  0.0163265
0.571429  0.734694  0.0163265
0.587755  0.734694  0.0163265
0.604082  0.734694  0.0163265
0.620408  0.734694  0.0163265
0.636735  0.734694  0.0163265
0.653061  0.734694  0.0163265
0.669388  0.734694  0.0163265
0.685714  0.734694  0.0163265
0.702041  0.734694  0.0163265
0.718367  0.734694  0.0163265
0.734694  0.734694  0.0163265
0.75102  0.734694  0.0163265
0.767347  0.734694  0.0163265
0.783673  0.734694  0.0163265
0.8  0.734694  0.0163265
0  0.75102  0.0163265
0.0163265  0.75102  0.0163265
0.0326531  0.75102  0.0163265
0.0489796  0.75102  0.0163265
0.0653061  0.75102  0.0163265
0.0816327  0.75102  0.0163265
0.0979592  0.75102  0.0163265
0.114286  0.75102  0.0163265
0.130612  0.75102  0.0163265
0.146939  0.75102  0.0163265
0.163265  0.75102  0.0163265
0.179592  0.75102  0.0163265
0.195918  0.75102  0.0163265
0.212245  0.75102  0.0163265
0.228571  0.75102  0.0163265
0.244898  0.75102  0.0163265
0.261224  0.75102  0.0163265
0.277551  0.75102  0.0163265
0.293878  0.75102  0.0163265
0.310204  0.75102  0.0163265
0.326531  0.75102  0.0163265
0.342857  0.75102  0.0163265
0.359184  0.75102  0.0163265
0.37551  0.75102  0.0163265
0.391837  0.75102  0.0163265
0.408163  0.75102  0.0163265
0.42449  0.75102  0.0163265
0.440816  0.75102  0.0163265
0.457143  0.75102  0.0163265
0.473469  0.75102  0.0163265
0.489796  0.75102  0.0163265
0.506122  0.75102  0.0163265
0.522449  0.75102  0.0163265
0.538776  0.75102  0.0163265
0.555102  0.75102  0.0163265
0.571429  0.75102  0.0163265
0.587755  0.75102  0.0163265
0.604082  0.75102  0.0163265
0.620408  0.75102  0.0163265
0.636735  0.75102  0.0163265
0.653061  0.75102  0.0163265
0.669388  0.75102  0.0163265
0.685714  0.75102  0.0163265
0.702041  0.75102  0.0163265
0.718367  0.75102  0.0163265
0.734694  0.75102  0.0163265
0.75102  0.75102  0.0163265
0.767347  0.75102  0.0163265
0.783673  0.75102  0.0163265
0.8  0.75102  0.0163265
0  0.767347  0.0163265
0.0163265  0.767347  0.0163265
0.0326531  0.767347  0.0163265
0.0489796  0.767347  0.0163265
0.0653061  0.767347  0.0163265
0.0816327  0.767347  0.0163265
0.0979592  0.767347  0.0163265
0.114286  0.767347  0.0163265
0.130612  0.767347  0.0163265
0.146939  0.767347  0.0163265
0.163265  0.767347  0.0163265
0.179592  0.767347  0.0163265
0.195918  0.767347  0.0163265
0.212245  0.767347  0.0163265
0.228571  0.767347  0.0163265
0.244898  0.767347  0.0163265
0.261224  0.767347  0.0163265
0.277551  0.767347  0.0163265
0.293878  0.767347  0.0163265
0.310204  0.767347  0.0163265
0.326531  0.767347  0.0163265
0.342857  0.767347  0.0163265
0.359184  0.767347  0.0163265
0.37551  0.767347  0.0163265
0.391837  0.767347  0.0163265
0.408163  0.767347  0.0163265
0.42449  0.767347  0.0163265
0.440816  0.767347  0.0163265
0.457143  0.767347  0.0163265
0.473469  0.767347  0.0163265
0.489796  0.767347  0.0163265
0.506122  0.767347  0.0163265
0.522449  0.767347  0.0163265
0.538776  0.767347  0.0163265
0.555102  0.767347  0.0163265
0.571429  0.767347  0.0163265
0.587755  0.767347  0.0163265
0.604082  0.767347  0.0163265
0.620408  0.767347  0.0163265
0.636735  0.767347  0.0163265
0.653061  0.767347  0.0163265
0.669388  0.767347  0.0163265
0.685714  0.767347  0.0163265
0.702041  0.767347  0.0163265
0.718367  0.767347  0.0163265
0.734694  0.767347  0.0163265
0.75102  0.767347  0.0163265
0.767347  0.767347  0.0163265
0.783673  0.767347  0.0163265
0.8  0.767347  0.0163265
0  0.783673  0.0163265
0.0163265  0.783673  0.0163265
0.0326531  0.783673  0.0163265
0.0489796  0.783673  0.0163265
0.0653061  0.783673  0.0163265
0.0816327  0.783673  0.0163265
0.0979592  0.783673  0.0163265
0.114286  0.783673  0.0163265
0.130612  0.783673  0.0163265
0.146939  0.783673  0.0163265
0.163265  0.783673  0.0163265
0.179592  0.783673  0.0163265
0.195918  0.783673  0.0163265
0.212245  0.783673  0.0163265
0.228571  0.783673  0.0163265
0.244898  0.783673  0.0163265
0.261224  0.783673  0.0163265
0.277551  0.783673  0.0163265
0.293878  0.783673  0.0163265
0.310204  0.783673  0.0163265
0.326531  0.783673  0.0163265
0.342857  0.783673  0.0163265
0.359184  0.783673  0.0163265
0.37551  0.783673  0.0163265
0.391837  0.783673  0.0163265
0.408163  0.783673  0.0163265
0.42449  0.783673  0.0163265
0.440816  0.783673  0.0163265
0.457143  0.783673  0.0163265
0.473469  0.783673  0.0163265
0.489796  0.783673  0.0163265
0.506122  0.783673  0.0163265
0.522449  0.783673  0.0163265
0.538776  0.783673  0.0163265
0.555102  0.783673  0.0163265
0.571429  0.783673  0.0163265
0.587755  0.783673  0.0163265
0.604082  0.783673  0.0163265
0.620408  0.783673  0.0163265
0.636735  0.783673  0.0163265
0.653061  0.783673  0.0163265
0.669388  0.783673  0.0163265
0.685714  0.783673  0.0163265
0.702041  0.783673  0.0163265
0.718367  0.783673  0.0163265
0.734694  0.783673  0.0163265
0.75102  0.783673  0.0163265
0.767347  0.783673  0.0163265
0.783673  0.783673  0.0163265
0.8  0.783673  0.0163265
0  0.8  0.0163265
0.0163265  0.8  0.0163265
0.0326531  0.8  0.0163265
0.0489796  0.8  0.0163265
0.0653061  0.8  0.0163265
0.0816327  0.8  0.0163265
0.0979592  0.8  0.0163265
0.114286  0.8  0.0163265
0.130612  0.8  0.0163265
0.146939  0.8  0.0163265
0.163265  0.8  0.0163265
0.179592  0.8  0.0163265
0.195918  0.8  0.0163265
0.212245  0.8  0.0163265
0.228571  0.8  0.0163265
0.244898  0.8  0.0163265
0.261224  0.8  0.0163265
0.277551  0.8  0.0163265
0.293878  0.8  0.0163265
0.310204  0.8  0.0163265
0.326531  0.8  0.0163265
0.342857  0.8  0.0163265
0.359184  0.8  0.0163265
0.37551  0.8  0.0163265
0.391837  0.8  0.0163265
0.408163  0.8  0.0163265
0.42449  0.8  0.0163265
0.440816  0.8  0.0163265
0.457143  0.8  0.0163265
0.473469  0.8  0.0163265
0.489796  0.8  0.0163265
0.506122  0.8  0.0163265
0.522449  0.8  0.0163265
0.538776  0.8  0.0163265
0.555102  0.8  0.0163265
0.571429  0.8  0.0163265
0.587755  0.8  0.0163265
0.604082  0.8  0.0163265
0.620408  0.8  0.0163265
0.636735  0.8  0.0163265
0.653061  0.8  0.0163265
0.669388  0.8  0.0163265
0.685714  0.8  0.0163265
0.702041  0.8  0.0163265
0.718367  0.8  0.0163265
0.734694  0.8  0.0163265
0.75102  0.8  0.0163265
0.767347  0.8  0.0163265
0.783673  0.8  0.0163265
0.8  0.8  0.0163265
0  0  0.0326531
0.0163265  0  0.0326531
0.0326531  0  0.0326531
0.0489796  0  0.0326531
0.0653061  0  0.0326531
0.0816327  0  0.0326531
0.0979592  0  0.0326531
0.114286  0  0.0326531
0.130612  0  0.0326531
0.146939  0  0.0326531
0.163265  0  0.0326531
0.179592  0  0.0326531
0.195918  0  0.0326531
0.212245  0  0.0326531
0.228571  0  0.0326531
0.244898  0  0.0326531
0.261224  0  0.0326531
0.277551  0  0.0326531
0.293878  0  0.0326531
0.310204  0  0.0326531
0.326531  0  0.0326531
0.342857  0  0.0326531
0.359184  0  0.0326531
0.37551  0  0.0326531
0.391837  0  0.0326531
0.408163  0  0.0326531
0.42449  0  0.0326531
0.440816  0  0.0326531
0.457143  0  0.0326531
0.473469  0  0.0326531
0.489796  0  0.0326531
0.506122  0  0.0326531
0.522449  0  0.0326531
0.538776  0  0.0326531
0.555102  0  0.0326531
0.571429  0  0.0326531
0.587755  0  0.0326531
0.604082  0  0.0326531
0.620408  0  0.0326531
0.636735  0  0.0326531
0.653061  0  0.0326531
0.669388  0  0.0326531
0.685714  0  0.0326531
0.702041  0  0.0326531
0.718367  0  0.0326531
0.734694  0  0.0326531
0.75102  0  0.0326531
0.767347  0  0.0326531
0.783673  0  0.0326531
0.8  0  0.0326531
0  0.0163265  0.0326531
0.0163265  0.0163265  0.0326531
0.0326531  0.0163265  0.0326531
0.0489796  0.0163265  0.0326531
0.0653061  0.0163265  0.0326531
0.0816327  0.0163265  0.0326531
0.0979592  0.0163265  0.0326531
0.114286  0.0163265  0.0326531
0.130612  0.0163265  0.0326531
0.146939  0.0163265  0.0326531
0.163265  0.0163265  0.0326531
0.179592  0.0163265  0.0326531
0.195918  0.0163265  0.0326531
0.212245  0.0163265  0.0326531
0.228571  0.0163265  0.0326531
0.244898  0.0163265  0.0326531
0.261224  0.0163265  0.0326531
0.277551  0.0163265  0.0326531
0.293878  0.0163265  0.0326531
0.310204  0.0163265  0.0326531
0.326531  0.0163265  0.0326531
0.342857  0.0163265  0.0326531
0.359184  0.0163265  0.0326531
0.37551  0.0163265  0.0326531
0.391837  0.0163265  0.0326531
0.408163  0.0163265  0.0326531
0.42449  0.0163265  0.0326531
0.440816  0.0163265  0.0326531
0.457143  0.0163265  0.0326531
0.473469  0.0163265  0.0326531
0.489796  0.0163265  0.0326531
0.506122  0.0163265  0.0326531
0.522449  0.0163265  0.0326531
0.538776  0.0163265  0.0326531
0.555102  0.0163265  0.0326531
0.571429  0.0163265  0.0326531
0.587755  0.0163265  0.0326531
0.604082  0.0163265  0.0326531
0.620408  0.0163265  0.0326531
0.636735  0.0163265  0.0326531
0.653061  0.0163265  0.0326531
0.669388  0.0163265  0.0326531
0.685714  0.0163265  0.0326531
0.702041  0.0163265  0.0326531
0.718367  0.0163265  0.0326531
0.734694  0.0163265  0.0326531
0.75102  0.0163265  0.0326531
0.767347  0.0163265  0.0326531
0.783673  0.0163265  0.0326531
0.8  0.0163265  0.0326531
0  0.0326531  0.0326531
0.0163265  0.0326531  0.0326531
0.0326531  0.0326531  0.0326531
0.0489796  0.0326531  0.0326531
0.0653061  0.0326531  0.0326531
0.0816327  0.0326531  0.0326531
0.0979592  0.0326531  0.0326531
0.114286  0.0326531  0.0326531
0.130612  0.0326531  0.0326531
0.146939  0.0326531  0.0326531
0.163265  0.0326531  0.0326531
0.179592  0.0326531  0.0326531
0.195918  0.0326531  0.0326531
0.212245  0.0326531  0.0326531
0.228571  0.0326531  0.0326531
0.244898  0.0326531  0.0326531
0.261224  0.0326531  0.0326531
0.277551  0.0326531  0.0326531
0.293878  0.0326531  0.0326531
0.310204  0.0326531  0.0326531
0.326531  0.0326531  0.0326531
0.342857  0.0326531  0.0326531
0.359184  0.0326531  0.0326531
0.37551  0.0326531  0.0326531
0.391837  0.0326531  0.0326531
0.408163  0.0326531  0.0326531
0.42449  0.0326531  0.0326531
0.440816  0.0326531  0.0326531
0.457143  0.0326531  0.0326531
0.473469  0.0326531  0.0326531
0.489796  0.0326531  0.0326531
0.506122  0.0326531  0.0326531
0.522449  0.0326531  0.0326531
0.538776  0.0326531  0.0326531
0.555102  0.0326531  0.0326531
0.571429  0.0326531  0.0326531
0.587755  0.0326531  0.0326531
0.604082  0.0326531  0.0326531
0.620408  0.0326531  0.0326531
0.636735  0.0326531  0.0326531
0.653061  0.0326531  0.0326531
0.669388  0.0326531  0.0326531
0.685714  0.0326531  0.0326531
0.702041  0.0326531  0.0326531
0.718367  0.0326531  0.0326531
0.734694  0.0326531  0.0326531
0.75102  0.0326531  0.0326531
0.767347  0.0326531  0.0326531
0.783673  0.0326531  0.0326531
0.8  0.0326531  0.0326531
0  0.0489796  0.0326531
0.0163265  0.0489796  0.0326531
0.0326531  0.0489796  0.0326531
0.0489796  0.0489796  0.0326531
0.0653061  0.0489796  0.0326531
0.0816327  0.0489796  0.0326531
0.0979592  0.0489796  0.0326531
0.114286  0.0489796  0.0326531
0.130612  0.0489796  0.0326531
0.146939  0.0489796  0.0326531
0.163265  0.0489796  0.0326531
0.179592  0.0489796  0.0326531
0.195918  0.0489796  0.0326531
0.212245  0.0489796  0.0326531
0.228571  0.0489796  0.0326531
0.244898  0.0489796  0.0326531
0.261224  0.0489796  0.0326531
0.277551  0.0489796  0.0326531
0.293878  0.0489796  0.0326531
0.310204  0.0489796  0.0326531
0.326531  0.0489796  0.0326531
0.342857  0.0489796  0.0326531
0.359184  0.0489796  0.0326531
0.37551  0.0489796  0.0326531
0.391837  0.0489796  0.0326531
0.408163  0.0489796  0.0326531
0.42449  0.0489796  0.0326531
0.440816  0.0489796  0.0326531
0.457143  0.0489796  0.0326531
0.473469  0.0489796  0.0326531
0.489796  0.0489796  0.0326531
0.506122  0.0489796  0.0326531
0.522449  0.0489796  0.0326531
0.538776  0.0489796  0.0326531
0.555102  0.0489796  0.0326531
0.571429  0.0489796  0.0326531
0.587755  0.0489796  0.0326531
0.604082  0.0489796  0.0326531
0.620408  0.0489796  0.0326531
0.636735  0.0489796  0.0326531
0.653061  0.0489796  0.0326531
0.669388  0.0489796  0.0326531
0.685714  0.0489796  0.0326531
0.702041  0.0489796  0.0326531
0.718367  0.0489796  0.0326531
0.734694  0.0489796  0.0326531
0.75102  0.0489796  0.0326531
0.767347  0.0489796  0.0326531
0.783673  0.0489796  0.0326531
0.8  0.0489796  0.0326531
0  0.0653061  0.0326531
0.0163265  0.0653061  0.0326531
0.0326531  0.0653061  0.0326531
0.0489796  0.0653061  0.0326531
0.0653061  0.0653061  0.0326531
0.0816327  0.0653061  0.0326531
0.0979592  0.0653061  0.0326531
0.114286  0.0653061  0.0326531
0.130612  0.0653061  0.0326531
0.146939  0.0653061  0.0326531
0.163265  0.0653061  0.0326531
0.179592  0.0653061  0.0326531
0.195918  0.0653061  0.0326531
0.212245  0.0653061  0.0326531
0.228571  0.0653061  0.0326531
0.244898  0.0653061  0.0326531
0.261224  0.0653061  0.0326531
0.277551  0.0653061  0.0326531
0.293878  0.0653061  0.0326531
0.310204  0.0653061  0.0326531
0.326531  0.0653061  0.0326531
0.342857  0.0653061  0.0326531
0.359184  0.0653061  0.0326531
0.37551  0.0653061  0.0326531
0.391837  0.0653061  0.0326531
0.408163  0.0653061  0.0326531
0.42449  0.0653061  0.0326531
0.440816  0.0653061  0.0326531
0.457143  0.0653061  0.0326531
0.473469  0.0653061  0.0326531
0.489796  0.0653061  0.0326531
0.506122  0.0653061  0.0326531
0.522449  0.0653061  0.0326531
0.538776  0.0653061  0.0326531
0.555102  0.0653061  0.0326531
0.571429  0.0653061  0.0326531
0.587755  0.0653061  0.0326531
0.604082  0.0653061  0.0326531
0.620408  0.0653061  0.0326531
0.636735  0.0653061  0.0326531
0.653061  0.0653061  0.0326531
0.669388  0.0653061  0.0326531
0.685714  0.0653061  0.0326531
0.702041  0.0653061  0.0326531
0.718367  0.0653061  0.0326531
0.734694  0.0653061  0.0326531
0.75102  0.0653061  0.0326531
0.767347  0.0653061  0.0326531
0.783673  0.0653061  0.0326531
0.8  0.0653061  0.0326531
0  0.0816327  0.0326531
0.0163265  0.0816327  0.0326531
0.0326531  0.0816327  0.0326531
0.0489796  0.0816327  0.0326531
0.0653061  0.0816327  0.0326531
0.0816327  0.0816327  0.0326531
0.0979592  0.0816327  0.0326531
0.114286  0.0816327  0.0326531
0.130612  0.0816327  0.0326531
0.146939  0.0816327  0.0326531
0.163265  0.0816327  0.0326531
0.179592  0.0816327  0.0326531
0.195918  0.0816327  0.0326531
0.212245  0.0816327  0.0326531
0.228571  0.0816327  0.0326531
0.244898  0.0816327  0.0326531
0.261224  0.0816327  0.0326531
0.277551  0.0816327  0.0326531
0.293878  0.0816327  0.0326531
0.310204  0.0816327  0.0326531
0.326531  0.0816327  0.0326531
0.342857  0.0816327  0.0326531
0.359184  0.0816327  0.0326531
0.37551  0.0816327  0.0326531
0.391837  0.0816327  0.0326531
0.408163  0.0816327  0.0326531
0.42449  0.0816327  0.0326531
0.440816  0.0816327  0.0326531
0.457143  0.0816327  0.0326531
0.473469  0.0816327  0.0326531
0.489796  0.0816327  0.0326531
0.506122  0.0816327  0.0326531
0.522449  0.0816327  0.0326531
0.538776  0.0816327  0.0326531
0.555102  0.0816327  0.0326531
0.571429  0.0816327  0.0326531
0.587755  0.0816327  0.0326531
0.604082  0.0816327  0.0326531
0.620408  0.0816327  0.0326531
0.636735  0.0816327  0.0326531
0.653061  0.0816327  0.0326531
0.669388  0.0816327  0.0326531
0.685714  0.0816327  0.0326531
0.702041  0.0816327  0.0326531
0.718367  0.0816327  0.0326531
0.734694  0.0816327  0.0326531
0.75102  0.0816327  0.0326531
0.767347  0.0816327  0.0326531
0.783673  0.0816327  0.0326531
0.8  0.0816327  0.0326531
0  0.0979592  0.0326531
0.0163265  0.0979592  0.0326531
0.0326531  0.0979592  0.0326531
0.0489796  0.0979592  0.0326531
0.0653061  0.0979592  0.0326531
0.0816327  0.0979592  0.0326531
0.0979592  0.0979592  0.0326531
0.114286  0.0979592  0.0326531
0.130612  0.0979592  0.0326531
0.146939  0.0979592  0.0326531
0.163265  0.0979592  0.0326531
0.179592  0.0979592  0.0326531
0.195918  0.0979592  0.0326531
0.212245  0.0979592  0.0326531
0.228571  0.0979592  0.0326531
0.244898  0.0979592  0.0326531
0.261224  0.0979592  0.0326531
0.277551  0.0979592  0.0326531
0.293878  0.0979592  0.0326531
0.310204  0.0979592  0.0326531
0.326531  0.0979592  0.0326531
0.342857  0.0979592  0.0326531
0.359184  0.0979592  0.0326531
0.37551  0.0979592  0.0326531
0.391837  0.0979592  0.0326531
0.408163  0.0979592  0.0326531
0.42449  0.0979592  0.0326531
0.440816  0.0979592  0.0326531
0.457143  0.0979592  0.0326531
0.473469  0.0979592  0.0326531
0.489796  0.0979592  0.0326531
0.506122  0.0979592  0.0326531
0.522449  0.0979592  0.0326531
0.538776  0.0979592  0.0326531
0.555102  0.0979592  0.0326531
0.571429  0.0979592  0.0326531
0.587755  0.0979592  0.0326531
0.604082  0.0979592  0.0326531
0.620408  0.0979592  0.0326531
0.636735  0.0979592  0.0326531
0.653061  0.0979592  0.0326531
0.669388  0.0979592  0.0326531
0.685714  0.0979592  0.0326531
0.702041  0.0979592  0.0326531
0.718367  0.0979592  0.0326531
0.734694  0.0979592  0.0326531
0.75102  0.0979592  0.0326531
0.767347  0.0979592  0.0326531
0.783673  0.0979592  0.0326531
0.8  0.0979592  0.0326531
0  0.114286  0.0326531
0.0163265  0.114286  0.0326531
0.0326531  0.114286  0.0326531
0.0489796  0.114286  0.0326531
0.0653061  0.114286  0.0326531
0.0816327  0.114286  0.0326531
0.0979592  0.114286  0.0326531
0.114286  0.114286  0.0326531
0.130612  0.114286  0.0326531
0.146939  0.114286  0.0326531
0.163265  0.114286  0.0326531
0.179592  0.114286  0.0326531
0.195918  0.114286  0.0326531
0.212245  0.114286  0.0326531
0.228571  0.114286  0.0326531
0.244898  0.114286  0.0326531
0.261224  0.114286  0.0326531
0.277551  0.114286  0.0326531
0.293878  0.114286  0.0326531
0.310204  0.114286  0.0326531
0.326531  0.114286  0.0326531
0.342857  0.114286  0.0326531
0.359184  0.114286  0.0326531
0.37551  0.114286  0.0326531
0.391837  0.114286  0.0326531
0.408163  0.114286  0.0326531
0.42449  0.114286  0.0326531
0.440816  0.114286  0.0326531
0.457143  0.114286  0.0326531
0.473469  0.114286  0.0326531
0.489796  0.114286  0.0326531
0.506122  0.114286  0.0326531
0.522449  0.114286  0.0326531
0.538776  0.114286  0.0326531
0.555102  0.114286  0.0326531
0.571429  0.114286  0.0326531
0.587755  0.114286  0.0326531
0.604082  0.114286  0.0326531
0.620408  0.114286  0.0326531
0.636735  0.114286  0.0326531
0.653061  0.114286  0.0326531
0.669388  0.114286  0.0326531
0.685714  0.114286  0.0326531
0.702041  0.114286  0.0326531
0.718367  0.114286  0.0326531
0.734694  0.114286  0.0326531
0.75102  0.114286  0.0326531
0.767347  0.114286  0.0326531
0.783673  0.114286  0.0326531
0.8  0.114286  0.0326531
0  0.130612  0.0326531
0.0163265  0.130612  0.0326531
0.0326531  0.130612  0.0326531
0.0489796  0.130612  0.0326531
0.0653061  0.130612  0.0326531
0.0816327  0.130612  0.0326531
0.0979592  0.130612  0.0326531
0.114286  0.130612  0.0326531
0.130612  0.130612  0.0326531
0.146939  0.130612  0.0326531
0.163265  0.130612  0.0326531
0.179592  0.130612  0.0326531
0.195918  0.130612  0.0326531
0.212245  0.130612  0.0326531
0.228571  0.130612  0.0326531
0.244898  0.130612  0.0326531
0.261224  0.130612  0.0326531
0.277551  0.130612  0.0326531
0.293878  0.130612  0.0326531
0.310204  0.130612  0.0326531
0.326531  0.130612  0.0326531
0.342857  0.130612  0.0326531
0.359184  0.130612  0.0326531
0.37551  0.130612  0.0326531
0.391837  0.130612  0.0326531
0.408163  0.130612  0.0326531
0.42449  0.130612  0.0326531
0.440816  0.130612  0.0326531
0.457143  0.130612  0.0326531
0.473469  0.130612  0.0326531
0.489796  0.130612  0.0326531
0.506122  0.130612  0.0326531
0.522449  0.130612  0.0326531
0.538776  0.130612  0.0326531
0.555102  0.130612  0.0326531
0.571429  0.130612  0.0326531
0.587755  0.130612  0.0326531
0.604082  0.130612  0.0326531
0.620408  0.130612  0.0326531
0.636735  0.130612  0.0326531
0.653061  0.130612  0.0326531
0.669388  0.130612  0.0326531
0.685714  0.130612  0.0326531
0.702041  0.130612  0.0326531
0.718367  0.130612  0.0326531
0.734694  0.130612  0.0326531
0.75102  0.130612  0.0326531
0.767347  0.130612  0.0326531
0.783673  0.130612  0.0326531
0.8  0.130612  0.0326531
0  0.146939  0.0326531
0.0163265  0.146939  0.0326531
0.0326531  0.146939  0.0326531
0.0489796  0.146939  0.0326531
0.0653061  0.146939  0.0326531
0.0816327  0.146939  0.0326531
0.0979592  0.146939  0.0326531
0.114286  0.146939  0.0326531
0.130612  0.146939  0.0326531
0.146939  0.146939  0.0326531
0.163265  0.146939  0.0326531
0.179592  0.146939  0.0326531
0.195918  0.146939  0.0326531
0.212245  0.146939  0.0326531
0.228571  0.146939  0.0326531
0.244898  0.146939  0.0326531
0.261224  0.146939  0.0326531
0.277551  0.146939  0.0326531
0.293878  0.146939  0.0326531
0.310204  0.146939  0.0326531
0.326531  0.146939  0.0326531
0.342857  0.146939  0.0326531
0.359184  0.146939  0.0326531
0.37551  0.146939  0.0326531
0.391837  0.146939  0.0326531
0.408163  0.146939  0.0326531
0.42449  0.146939  0.0326531
0.440816  0.146939  0.0326531
0.457143  0.146939  0.0326531
0.473469  0.146939  0.0326531
0.489796  0.146939  0.0326531
0.506122  0.146939  0.0326531
0.522449  0.146939  0.0326531
0.538776  0.146939  0.0326531
0.555102  0.146939  0.0326531
0.571429  0.146939  0.0326531
0.587755  0.146939  0.0326531
0.604082  0.146939  0.0326531
0.620408  0.146939  0.0326531
0.636735  0.146939  0.0326531
0.653061  0.146939  0.0326531
0.669388  0.146939  0.0326531
0.685714  0.146939  0.0326531
0.702041  0.146939  0.0326531
0.718367  0.146939  0.0326531
0.734694  0.146939  0.0326531
0.75102  0.146939  0.0326531
0.767347  0.146939  0.0326531
0.783673  0.146939  0.0326531
0.8  0.146939  0.0326531
0  0.163265  0.0326531
0.0163265  0.163265  0.0326531
0.0326531  0.163265  0.0326531
0.0489796  0.163265  0.0326531
0.0653061  0.163265  0.0326531
0.0816327  0.163265  0.0326531
0.0979592  0.163265  0.0326531
0.114286  0.163265  0.0326531
0.130612  0.163265  0.0326531
0.146939  0.163265  0.0326531
0.163265  0.163265  0.0326531
0.179592  0.163265  0.0326531
0.195918  0.163265  0.0326531
0.212245  0.163265  0.0326531
0.228571  0.163265  0.0326531
0.244898  0.163265  0.0326531
0.261224  0.163265  0.0326531
0.277551  0.163265  0.0326531
0.293878  0.163265  0.0326531
0.310204  0.163265  0.0326531
0.326531  0.163265  0.0326531
0.342857  0.163265  0.0326531
0.359184  0.163265  0.0326531
0.37551  0.163265  0.0326531
0.391837  0.163265  0.0326531
0.408163  0.163265  0.0326531
0.42449  0.163265  0.0326531
0.440816  0.163265  0.0326531
0.457143  0.163265  0.0326531
0.473469  0.163265  0.0326531
0.489796  0.163265  0.0326531
0.506122  0.163265  0.0326531
0.522449  0.163265  0.0326531
0.538776  0.163265  0.0326531
0.555102  0.163265  0.0326531
0.571429  0.163265  0.0326531
0.587755  0.163265  0.0326531
0.604082  0.163265  0.0326531
0.620408  0.163265  0.0326531
0.636735  0.163265  0.0326531
0.653061  0.163265  0.0326531
0.669388  0.163265  0.0326531
0.685714  0.163265  0.0326531
0.702041  0.163265  0.0326531
0.718367  0.163265  0.0326531
0.734694  0.163265  0.0326531
0.75102  0.163265  0.0326531
0.767347  0.163265  0.0326531
0.783673  0.163265  0.0326531
0.8  0.163265  0.0326531
0  0.179592  0.0326531
0.0163265  0.179592  0.0326531
0.0326531  0.179592  0.0326531
0.0489796  0.179592  0.0326531
0.0653061  0.179592  0.0326531
0.0816327  0.179592  0.0326531
0.0979592  0.179592  0.0326531
0.114286  0.179592  0.0326531
0.130612  0.179592  0.0326531
0.146939  0.179592  0.0326531
0.163265  0.179592  0.0326531
0.179592  0.179592  0.0326531
0.195918  0.179592  0.0326531
0.212245  0.179592  0.0326531
0.228571  0.179592  0.0326531
0.244898  0.179592  0.0326531
0.261224  0.179592  0.0326531
0.277551  0.179592  0.0326531
0.293878  0.179592  0.0326531
0.310204  0.179592  0.0326531
0.326531  0.179592  0.0326531
0.342857  0.179592  0.0326531
0.359184  0.179592  0.0326531
0.37551  0.179592  0.0326531
0.391837  0.179592  0.0326531
0.408163  0.179592  0.0326531
0.42449  0.179592  0.0326531
0.440816  0.179592  0.0326531
0.457143  0.179592  0.0326531
0.473469  0.179592  0.0326531
0.489796  0.179592  0.0326531
0.506122  0.179592  0.0326531
0.522449  0.179592  0.0326531
0.538776  0.179592  0.0326531
0.555102  0.179592  0.0326531
0.571429  0.179592  0.0326531
0.587755  0.179592  0.0326531
0.604082  0.179592  0.0326531
0.620408  0.179592  0.0326531
0.636735  0.179592  0.0326531
0.653061  0.179592  0.0326531
0.669388  0.179592  0.0326531
0.685714  0.179592  0.0326531
0.702041  0.179592  0.0326531
0.718367  0.179592  0.0326531
0.734694  0.179592  0.0326531
0.75102  0.179592  0.0326531
0.767347  0.179592  0.0326531
0.783673  0.179592  0.0326531
0.8  0.179592  0.0326531
0  0.195918  0.0326531
0.0163265  0.195918  0.0326531
0.0326531  0.195918  0.0326531
0.0489796  0.195918  0.0326531
0.0653061  0.195918  0.0326531
0.0816327  0.195918  0.0326531
0.0979592  0.195918  0.0326531
0.114286  0.195918  0.0326531
0.130612  0.195918  0.0326531
0.146939  0.195918  0.0326531
0.163265  0.195918  0.0326531
0.179592  0.195918  0.0326531
0.195918  0.195918  0.0326531
0.212245  0.195918  0.0326531
0.228571  0.195918  0.0326531
0.244898  0.195918  0.0326531
0.261224  0.195918  0.0326531
0.277551  0.195918  0.0326531
0.293878  0.195918  0.0326531
0.310204  0.195918  0.0326531
0.326531  0.195918  0.0326531
0.342857  0.195918  0.0326531
0.359184  0.195918  0.0326531
0.37551  0.195918  0.0326531
0.391837  0.195918  0.0326531
0.408163  0.195918  0.0326531
0.42449  0.195918  0.0326531
0.440816  0.195918  0.0326531
0.457143  0.195918  0.0326531
0.473469  0.195918  0.0326531
0.489796  0.195918  0.0326531
0.506122  0.195918  0.0326531
0.522449  0.195918  0.0326531
0.538776  0.195918  0.0326531
0.555102  0.195918  0.0326531
0.571429  0.195918  0.0326531
0.587755  0.195918  0.0326531
0.604082  0.195918  0.0326531
0.620408  0.195918  0.0326531
0.636735  0.195918  0.0326531
0.653061  0.195918  0.0326531
0.669388  0.195918  0.0326531
0.685714  0.195918  0.0326531
0.702041  0.195918  0.0326531
0.718367  0.195918  0.0326531
0.734694  0.195918  0.0326531
0.75102  0.195918  0.0326531
0.767347  0.195918  0.0326531
0.783673  0.195918  0.0326531
0.8  0.195918  0.0326531
0  0.212245  0.0326531
0.0163265  0.212245  0.0326531
0.0326531  0.212245  0.0326531
0.0489796  0.212245  0.0326531
0.0653061  0.212245  0.0326531
0.0816327  0.212245  0.0326531
0.0979592  0.212245  0.0326531
0.114286  0.212245  0.0326531
0.130612  0.212245  0.0326531
0.146939  0.212245  0.0326531
0.163265  0.212245  0.0326531
0.179592  0.212245  0.0326531
0.195918  0.212245  0.0326531
0.212245  0.212245  0.0326531
0.228571  0.212245  0.0326531
0.244898  0.212245  0.0326531
0.261224  0.212245  0.0326531
0.277551  0.212245  0.0326531
0.293878  0.212245  0.0326531
0.310204  0.212245  0.0326531
0.326531  0.212245  0.0326531
0.342857  0.212245  0.0326531
0.359184  0.212245  0.0326531
0.37551  0.212245  0.0326531
0.391837  0.212245  0.0326531
0.408163  0.212245  0.0326531
0.42449  0.212245  0.0326531
0.440816  0.212245  0.0326531
0.457143  0.212245  0.0326531
0.473469  0.212245  0.0326531
0.489796  0.212245  0.0326531
0.506122  0.212245  0.0326531
0.522449  0.212245  0.0326531
0.538776  0.212245  0.0326531
0.555102  0.212245  0.0326531
0.571429  0.212245  0.0326531
0.587755  0.212245  0.0326531
0.604082  0.212245  0.0326531
0.620408  0.212245  0.0326531
0.636735  0.212245  0.0326531
0.653061  0.212245  0.0326531
0.669388  0.212245  0.0326531
0.685714  0.212245  0.0326531
0.702041  0.212245  0.0326531
0.718367  0.212245  0.0326531
0.734694  0.212245  0.0326531
0.75102  0.212245  0.0326531
0.767347  0.212245  0.0326531
0.783673  0.212245  0.0326531
0.8  0.212245  0.0326531
0  0.228571  0.0326531
0.0163265  0.228571  0.0326531
0.0326531  0.228571  0.0326531
0.0489796  0.228571  0.0326531
0.0653061  0.228571  0.0326531
0.0816327  0.228571  0.0326531
0.0979592  0.228571  0.0326531
0.114286  0.228571  0.0326531
0.130612  0.228571  0.0326531
0.146939  0.228571  0.0326531
0.163265  0.228571  0.0326531
0.179592  0.228571  0.0326531
0.195918  0.228571  0.0326531
0.212245  0.228571  0.0326531
0.228571  0.228571  0.0326531
0.244898  0.228571  0.0326531
0.261224  0.228571  0.0326531
0.277551  0.228571  0.0326531
0.293878  0.228571  0.0326531
0.310204  0.228571  0.0326531
0.326531  0.228571  0.0326531
0.342857  0.228571  0.0326531
0.359184  0.228571  0.0326531
0.37551  0.228571  0.0326531
0.391837  0.228571  0.0326531
0.408163  0.228571  0.0326531
0.42449  0.228571  0.0326531
0.440816  0.228571  0.0326531
0.457143  0.228571  0.0326531
0.473469  0.228571  0.0326531
0.489796  0.228571  0.0326531
0.506122  0.228571  0.0326531
0.522449  0.228571  0.0326531
0.538776  0.228571  0.0326531
0.555102  0.228571  0.0326531
0.571429  0.228571  0.0326531
0.587755  0.228571  0.0326531
0.604082  0.228571  0.0326531
0.620408  0.228571  0.0326531
0.636735  0.228571  0.0326531
0.653061  0.228571  0.0326531
0.669388  0.228571  0.0326531
0.685714  0.228571  0.0326531
0.702041  0.228571  0.0326531
0.718367  0.228571  0.0326531
0.734694  0.228571  0.0326531
0.75102  0.228571  0.0326531
0.767347  0.228571  0.0326531
0.783673  0.228571  0.0326531
0.8  0.228571  0.0326531
0  0.244898  0.0326531
0.0163265  0.244898  0.0326531
0.0326531  0.244898  0.0326531
0.0489796  0.244898  0.0326531
0.0653061  0.244898  0.0326531
0.0816327  0.244898  0.0326531
0.0979592  0.244898  0.0326531
0.114286  0.244898  0.0326531
0.130612  0.244898  0.0326531
0.146939  0.244898  0.0326531
0.163265  0.244898  0.0326531
0.179592  0.244898  0.0326531
0.195918  0.244898  0.0326531
0.212245  0.244898  0.0326531
0.228571  0.244898  0.0326531
0.244898  0.244898  0.0326531
0.261224  0.244898  0.0326531
0.277551  0.244898  0.0326531
0.293878  0.244898  0.0326531
0.310204  0.244898  0.0326531
0.326531  0.244898  0.0326531
0.342857  0.244898  0.0326531
0.359184  0.244898  0.0326531
0.37551  0.244898  0.0326531
0.391837  0.244898  0.0326531
0.408163  0.244898  0.0326531
0.42449  0.244898  0.0326531
0.440816  0.244898  0.0326531
0.457143  0.244898  0.0326531
0.473469  0.244898  0.0326531
0.489796  0.244898  0.0326531
0.506122  0.244898  0.0326531
0.522449  0.244898  0.0326531
0.538776  0.244898  0.0326531
0.555102  0.244898  0.0326531
0.571429  0.244898  0.0326531
0.587755  0.244898  0.0326531
0.604082  0.244898  0.0326531
0.620408  0.244898  0.0326531
0.636735  0.244898  0.0326531
0.653061  0.244898  0.0326531
0.669388  0.244898  0.0326531
0.685714  0.244898  0.0326531
0.702041  0.244898  0.0326531
0.718367  0.244898  0.0326531
0.734694  0.244898  0.0326531
0.75102  0.244898  0.0326531
0.767347  0.244898  0.0326531
0.783673  0.244898  0.0326531
0.8  0.244898  0.0326531
0  0.261224  0.0326531
0.0163265  0.261224  0.0326531
0.0326531  0.261224  0.0326531
0.0489796  0.261224  0.0326531
0.0653061  0.261224  0.0326531
0.0816327  0.261224  0.0326531
0.0979592  0.261224  0.0326531
0.114286  0.261224  0.0326531
0.130612  0.261224  0.0326531
0.146939  0.261224  0.0326531
0.163265  0.261224  0.0326531
0.179592  0.261224  0.0326531
0.195918  0.261224  0.0326531
0.212245  0.261224  0.0326531
0.228571  0.261224  0.0326531
0.244898  0.261224  0.0326531
0.261224  0.261224  0.0326531
0.277551  0.261224  0.0326531
0.293878  0.261224  0.0326531
0.310204  0.261224  0.0326531
0.326531  0.261224  0.0326531
0.342857  0.261224  0.0326531
0.359184  0.261224  0.0326531
0.37551  0.261224  0.0326531
0.391837  0.261224  0.0326531
0.408163  0.261224  0.0326531
0.42449  0.261224  0.0326531
0.440816  0.261224  0.0326531
0.457143  0.261224  0.0326531
0.473469  0.261224  0.0326531
0.489796  0.261224  0.0326531
0.506122  0.261224  0.0326531
0.522449  0.261224  0.0326531
0.538776  0.261224  0.0326531
0.555102  0.261224  0.0326531
0.571429  0.261224  0.0326531
0.587755  0.261224  0.0326531
0.604082  0.261224  0.0326531
0.620408  0.261224  0.0326531
0.636735  0.261224  0.0326531
0.653061  0.261224  0.0326531
0.669388  0.261224  0.0326531
0.685714  0.261224  0.0326531
0.702041  0.261224  0.0326531
0.718367  0.261224  0.0326531
0.734694  0.261224  0.0326531
0.75102  0.261224  0.0326531
0.767347  0.261224  0.0326531
0.783673  0.261224  0.0326531
0.8  0.261224  0.0326531
0  0.277551  0.0326531
0.0163265  0.277551  0.0326531
0.0326531  0.277551  0.0326531
0.0489796  0.277551  0.0326531
0.0653061  0.277551  0.0326531
0.0816327  0.277551  0.0326531
0.0979592  0.277551  0.0326531
0.114286  0.277551  0.0326531
0.130612  0.277551  0.0326531
0.146939  0.277551  0.0326531
0.163265  0.277551  0.0326531
0.179592  0.277551  0.0326531
0.195918  0.277551  0.0326531
0.212245  0.277551  0.0326531
0.228571  0.277551  0.0326531
0.244898  0.277551  0.0326531
0.261224  0.277551  0.0326531
0.277551  0.277551  0.0326531
0.293878  0.277551  0.0326531
0.310204  0.277551  0.0326531
0.326531  0.277551  0.0326531
0.342857  0.277551  0.0326531
0.359184  0.277551  0.0326531
0.37551  0.277551  0.0326531
0.391837  0.277551  0.0326531
0.408163  0.277551  0.0326531
0.42449  0.277551  0.0326531
0.440816  0.277551  0.0326531
0.457143  0.277551  0.0326531
0.473469  0.277551  0.0326531
0.489796  0.277551  0.0326531
0.506122  0.277551  0.0326531
0.522449  0.277551  0.0326531
0.538776  0.277551  0.0326531
0.555102  0.277551  0.0326531
0.571429  0.277551  0.0326531
0.587755  0.277551  0.0326531
0.604082  0.277551  0.0326531
0.620408  0.277551  0.0326531
0.636735  0.277551  0.0326531
0.653061  0.277551  0.0326531
0.669388  0.277551  0.0326531
0.685714  0.277551  0.0326531
0.702041  0.277551  0.0326531
0.718367  0.277551  0.0326531
0.734694  0.277551  0.0326531
0.75102  0.277551  0.0326531
0.767347  0.277551  0.0326531
0.783673  0.277551  0.0326531
0.8  0.277551  0.0326531
0  0.293878  0.0326531
0.0163265  0.293878  0.0326531
0.0326531  0.293878  0.0326531
0.0489796  0.293878  0.0326531
0.0653061  0.293878  0.0326531
0.0816327  0.293878  0.0326531
0.0979592  0.293878  0.0326531
0.114286  0.293878  0.0326531
0.130612  0.293878  0.0326531
0.146939  0.293878  0.0326531
0.163265  0.293878  0.0326531
0.179592  0.293878  0.0326531
0.195918  0.293878  0.0326531
0.212245  0.293878  0.0326531
0.228571  0.293878  0.0326531
0.244898  0.293878  0.0326531
0.261224  0.293878  0.0326531
0.277551  0.293878  0.0326531
0.293878  0.293878  0.0326531
0.310204  0.293878  0.0326531
0.326531  0.293878  0.0326531
0.342857  0.293878  0.0326531
0.359184  0.293878  0.0326531
0.37551  0.293878  0.0326531
0.391837  0.293878  0.0326531
0.408163  0.293878  0.0326531
0.42449  0.293878  0.0326531
0.440816  0.293878  0.0326531
0.457143  0.293878  0.0326531
0.473469  0.293878  0.0326531
0.489796  0.293878  0.0326531
0.506122  0.293878  0.0326531
0.522449  0.293878  0.0326531
0.538776  0.293878  0.0326531
0.555102  0.293878  0.0326531
0.571429  0.293878  0.0326531
0.587755  0.293878  0.0326531
0.604082  0.293878  0.0326531
0.620408  0.293878  0.0326531
0.636735  0.293878  0.0326531
0.653061  0.293878  0.0326531
0.669388  0.293878  0.0326531
0.685714  0.293878  0.0326531
0.702041  0.293878  0.0326531
0.718367  0.293878  0.0326531
0.734694  0.293878  0.0326531
0.75102  0.293878  0.0326531
0.767347  0.293878  0.0326531
0.783673  0.293878  0.0326531
0.8  0.293878  0.0326531
0  0.310204  0.0326531
0.0163265  0.310204  0.0326531
0.0326531  0.310204  0.0326531
0.0489796  0.310204  0.0326531
0.0653061  0.310204  0.0326531
0.0816327  0.310204  0.0326531
0.0979592  0.310204  0.0326531
0.114286  0.310204  0.0326531
0.130612  0.310204  0.0326531
0.146939  0.310204  0.0326531
0.163265  0.310204  0.0326531
0.179592  0.310204  0.0326531
0.195918  0.310204  0.0326531
0.212245  0.310204  0.0326531
0.228571  0.310204  0.0326531
0.244898  0.310204  0.0326531
0.261224  0.310204  0.0326531
0.277551  0.310204  0.0326531
0.293878  0.310204  0.0326531
0.310204  0.310204  0.0326531
0.326531  0.310204  0.0326531
0.342857  0.310204  0.0326531
0.359184  0.310204  0.0326531
0.37551  0.310204  0.0326531
0.391837  0.310204  0.0326531
0.408163  0.310204  0.0326531
0.42449  0.310204  0.0326531
0.440816  0.310204  0.0326531
0.457143  0.310204  0.0326531
0.473469  0.310204  0.0326531
0.489796  0.310204  0.0326531
0.506122  0.310204  0.0326531
0.522449  0.310204  0.0326531
0.538776  0.310204  0.0326531
0.555102  0.310204  0.0326531
0.571429  0.310204  0.0326531
0.587755  0.310204  0.0326531
0.604082  0.310204  0.0326531
0.620408  0.310204  0.0326531
0.636735  0.310204  0.0326531
0.653061  0.310204  0.0326531
0.669388  0.310204  0.0326531
0.685714  0.310204  0.0326531
0.702041  0.310204  0.0326531
0.718367  0.310204  0.0326531
0.734694  0.310204  0.0326531
0.75102  0.310204  0.0326531
0.767347  0.310204  0.0326531
0.783673  0.310204  0.0326531
0.8  0.310204  0.0326531
0  0.326531  0.0326531
0.0163265  0.326531  0.0326531
0.0326531  0.326531  0.0326531
0.0489796  0.326531  0.0326531
0.0653061  0.326531  0.0326531
0.0816327  0.326531  0.0326531
0.0979592  0.326531  0.0326531
0.114286  0.326531  0.0326531
0.130612  0.326531  0.0326531
0.146939  0.326531  0.0326531
0.163265  0.326531  0.0326531
0.179592  0.326531  0.0326531
0.195918  0.326531  0.0326531
0.212245  0.326531  0.0326531
0.228571  0.326531  0.0326531
0.244898  0.326531  0.0326531
0.261224  0.326531  0.0326531
0.277551  0.326531  0.0326531
0.293878  0.326531  0.0326531
0.310204  0.326531  0.0326531
0.326531  0.326531  0.0326531
0.342857  0.326531  0.0326531
0.359184  0.326531  0.0326531
0.37551  0.326531  0.0326531
0.391837  0.326531  0.0326531
0.408163  0.326531  0.0326531
0.42449  0.326531  0.0326531
0.440816  0.326531  0.0326531
0.457143  0.326531  0.0326531
0.473469  0.326531  0.0326531
0.489796  0.326531  0.0326531
0.506122  0.326531  0.0326531
0.522449  0.326531  0.0326531
0.538776  0.326531  0.0326531
0.555102  0.326531  0.0326531
0.571429  0.326531  0.0326531
0.587755  0.326531  0.0326531
0.604082  0.326531  0.0326531
0.620408  0.326531  0.0326531
0.636735  0.326531  0.0326531
0.653061  0.326531  0.0326531
0.669388  0.326531  0.0326531
0.685714  0.326531  0.0326531
0.702041  0.326531  0.0326531
0.718367  0.326531  0.0326531
0.734694  0.326531  0.0326531
0.75102  0.326531  0.0326531
0.767347  0.326531  0.0326531
0.783673  0.326531  0.0326531
0.8  0.326531  0.0326531
0  0.342857  0.0326531
0.0163265  0.342857  0.0326531
0.0326531  0.342857  0.0326531
0.0489796  0.342857  0.0326531
0.0653061  0.342857  0.0326531
0.0816327  0.342857  0.0326531
0.0979592  0.342857  0.0326531
0.114286  0.342857  0.0326531
0.130612  0.342857  0.0326531
0.146939  0.342857  0.0326531
0.163265  0.342857  0.0326531
0.179592  0.342857  0.0326531
0.195918  0.342857  0.0326531
0.212245  0.342857  0.0326531
0.228571  0.342857  0.0326531
0.244898  0.342857  0.0326531
0.261224  0.342857  0.0326531
0.277551  0.342857  0.0326531
0.293878  0.342857  0.0326531
0.310204  0.342857  0.0326531
0.326531  0.342857  0.0326531
0.342857  0.342857  0.0326531
0.359184  0.342857  0.0326531
0.37551  0.342857  0.0326531
0.391837  0.342857  0.0326531
0.408163  0.342857  0.0326531
0.42449  0.342857  0.0326531
0.440816  0.342857  0.0326531
0.457143  0.342857  0.0326531
0.473469  0.342857  0.0326531
0.489796  0.342857  0.0326531
0.506122  0.342857  0.0326531
0.522449  0.342857  0.0326531
0.538776  0.342857  0.0326531
0.555102  0.342857  0.0326531
0.571429  0.342857  0.0326531
0.587755  0.342857  0.0326531
0.604082  0.342857  0.0326531
0.620408  0.342857  0.0326531
0.636735  0.342857  0.0326531
0.653061  0.342857  0.0326531
0.669388  0.342857  0.0326531
0.685714  0.342857  0.0326531
0.702041  0.342857  0.0326531
0.718367  0.342857  0.0326531
0.734694  0.342857  0.0326531
0.75102  0.342857  0.0326531
0.767347  0.342857  0.0326531
0.783673  0.342857  0.0326531
0.8  0.342857  0.0326531
0  0.359184  0.0326531
0.0163265  0.359184  0.0326531
0.0326531  0.359184  0.0326531
0.0489796  0.359184  0.0326531
0.0653061  0.359184  0.0326531
0.0816327  0.359184  0.0326531
0.0979592  0.359184  0.0326531
0.114286  0.359184  0.0326531
0.130612  0.359184  0.0326531
0.146939  0.359184  0.0326531
0.163265  0.359184  0.0326531
0.179592  0.359184  0.0326531
0.195918  0.359184  0.0326531
0.212245  0.359184  0.0326531
0.228571  0.359184  0.0326531
0.244898  0.359184  0.0326531
0.261224  0.359184  0.0326531
0.277551  0.359184  0.0326531
0.293878  0.359184  0.0326531
0.310204  0.359184  0.0326531
0.326531  0.359184  0.0326531
0.342857  0.359184  0.0326531
0.359184  0.359184  0.0326531
0.37551  0.359184  0.0326531
0.391837  0.359184  0.0326531
0.408163  0.359184  0.0326531
0.42449  0.359184  0.0326531
0.440816  0.359184  0.0326531
0.457143  0.359184  0.0326531
0.473469  0.359184  0.0326531
0.489796  0.359184  0.0326531
0.506122  0.359184  0.0326531
0.522449  0.359184  0.0326531
0.538776  0.359184  0.0326531
0.555102  0.359184  0.0326531
0.571429  0.359184  0.0326531
0.587755  0.359184  0.0326531
0.604082  0.359184  0.0326531
0.620408  0.359184  0.0326531
0.636735  0.359184  0.0326531
0.653061  0.359184  0.0326531
0.669388  0.359184  0.0326531
0.685714  0.359184  0.0326531
0.702041  0.359184  0.0326531
0.718367  0.359184  0.0326531
0.734694  0.359184  0.0326531
0.75102  0.359184  0.0326531
0.767347  0.359184  0.0326531
0.783673  0.359184  0.0326531
0.8  0.359184  0.0326531
0  0.37551  0.0326531
0.0163265  0.37551  0.0326531
0.0326531  0.37551  0.0326531
0.0489796  0.37551  0.0326531
0.0653061  0.37551  0.0326531
0.0816327  0.37551  0.0326531
0.0979592  0.37551  0.0326531
0.114286  0.37551  0.0326531
0.130612  0.37551  0.0326531
0.146939  0.37551  0.0326531
0.163265  0.37551  0.0326531
0.179592  0.37551  0.0326531
0.195918  0.37551  0.0326531
0.212245  0.37551  0.0326531
0.228571  0.37551  0.0326531
0.244898  0.37551  0.0326531
0.261224  0.37551  0.0326531
0.277551  0.37551  0.0326531
0.293878  0.37551  0.0326531
0.310204  0.37551  0.0326531
0.326531  0.37551  0.0326531
0.342857  0.37551  0.0326531
0.359184  0.37551  0.0326531
0.37551  0.37551  0.0326531
0.391837  0.37551  0.0326531
0.408163  0.37551  0.0326531
0.42449  0.37551  0.0326531
0.440816  0.37551  0.0326531
0.457143  0.37551  0.0326531
0.473469  0.37551  0.0326531
0.489796  0.37551  0.0326531
0.506122  0.37551  0.0326531
0.522449  0.37551  0.0326531
0.538776  0.37551  0.0326531
0.555102  0.37551  0.0326531
0.571429  0.37551  0.0326531
0.587755  0.37551  0.0326531
0.604082  0.37551  0.0326531
0.620408  0.37551  0.0326531
0.636735  0.37551  0.0326531
0.653061  0.37551  0.0326531
0.669388  0.37551  0.0326531
0.685714  0.37551  0.0326531
0.702041  0.37551  0.0326531
0.718367  0.37551  0.0326531
0.734694  0.37551  0.0326531
0.75102  0.37551  0.0326531
0.767347  0.37551  0.0326531
0.783673  0.37551  0.0326531
0.8  0.37551  0.0326531
0  0.391837  0.0326531
0.0163265  0.391837  0.0326531
0.0326531  0.391837  0.0326531
0.0489796  0.391837  0.0326531
0.0653061  0.391837  0.0326531
0.0816327  0.391837  0.0326531
0.0979592  0.391837  0.0326531
0.114286  0.391837  0.0326531
0.130612  0.391837  0.0326531
0.146939  0.391837  0.0326531
0.163265  0.391837  0.0326531
0.179592  0.391837  0.0326531
0.195918  0.391837  0.0326531
0.212245  0.391837  0.0326531
0.228571  0.391837  0.0326531
0.244898  0.391837  0.0326531
0.261224  0.391837  0.0326531
0.277551  0.391837  0.0326531
0.293878  0.391837  0.0326531
0.310204  0.391837  0.0326531
0.326531  0.391837  0.0326531
0.342857  0.391837  0.0326531
0.359184  0.391837  0.0326531
0.37551  0.391837  0.0326531
0.391837  0.391837  0.0326531
0.408163  0.391837  0.0326531
0.42449  0.391837  0.0326531
0.440816  0.391837  0.0326531
0.457143  0.391837  0.0326531
0.473469  0.391837  0.0326531
0.489796  0.391837  0.0326531
0.506122  0.391837  0.0326531
0.522449  0.391837  0.0326531
0.538776  0.391837  0.0326531
0.555102  0.391837  0.0326531
0.571429  0.391837  0.0326531
0.587755  0.391837  0.0326531
0.604082  0.391837  0.0326531
0.620408  0.391837  0.0326531
0.636735  0.391837  0.0326531
0.653061  0.391837  0.0326531
0.669388  0.391837  0.0326531
0.685714  0.391837  0.0326531
0.702041  0.391837  0.0326531
0.718367  0.391837  0.0326531
0.734694  0.391837  0.0326531
0.75102  0.391837  0.0326531
0.767347  0.391837  0.0326531
0.783673  0.391837  0.0326531
0.8  0.391837  0.0326531
0  0.408163  0.0326531
0.0163265  0.408163  0.0326531
0.0326531  0.408163  0.0326531
0.0489796  0.408163  0.0326531
0.0653061  0.408163  0.0326531
0.0816327  0.408163  0.0326531
0.0979592  0.408163  0.0326531
0.114286  0.408163  0.0326531
0.130612  0.408163  0.0326531
0.146939  0.408163  0.0326531
0.163265  0.408163  0.0326531
0.179592  0.408163  0.0326531
0.195918  0.408163  0.0326531
0.212245  0.408163  0.0326531
0.228571  0.408163  0.0326531
0.244898  0.408163  0.0326531
0.261224  0.408163  0.0326531
0.277551  0.408163  0.0326531
0.293878  0.408163  0.0326531
0.310204  0.408163  0.0326531
0.326531  0.408163  0.0326531
0.342857  0.408163  0.0326531
0.359184  0.408163  0.0326531
0.37551  0.408163  0.0326531
0.391837  0.408163  0.0326531
0.408163  0.408163  0.0326531
0.42449  0.408163  0.0326531
0.440816  0.408163  0.0326531
0.457143  0.408163  0.0326531
0.473469  0.408163  0.0326531
0.489796  0.408163  0.0326531
0.506122  0.408163  0.0326531
0.522449  0.408163  0.0326531
0.538776  0.408163  0.0326531
0.555102  0.408163  0.0326531
0.571429  0.408163  0.0326531
0.587755  0.408163  0.0326531
0.604082  0.408163  0.0326531
0.620408  0.408163  0.0326531
0.636735  0.408163  0.0326531
0.653061  0.408163  0.0326531
0.669388  0.408163  0.0326531
0.685714  0.408163  0.0326531
0.702041  0.408163  0.0326531
0.718367  0.408163  0.0326531
0.734694  0.408163  0.0326531
0.75102  0.408163  0.0326531
0.767347  0.408163  0.0326531
0.783673  0.408163  0.0326531
0.8  0.408163  0.0326531
0  0.42449  0.0326531
0.0163265  0.42449  0.0326531
0.0326531  0.42449  0.0326531
0.0489796  0.42449  0.0326531
0.0653061  0.42449  0.0326531
0.0816327  0.42449  0.0326531
0.0979592  0.42449  0.0326531
0.114286  0.42449  0.0326531
0.130612  0.42449  0.0326531
0.146939  0.42449  0.0326531
0.163265  0.42449  0.0326531
0.179592  0.42449  0.0326531
0.195918  0.42449  0.0326531
0.212245  0.42449  0.0326531
0.228571  0.42449  0.0326531
0.244898  0.42449  0.0326531
0.261224  0.42449  0.0326531
0.277551  0.42449  0.0326531
0.293878  0.42449  0.0326531
0.310204  0.42449  0.0326531
0.326531  0.42449  0.0326531
0.342857  0.42449  0.0326531
0.359184  0.42449  0.0326531
0.37551  0.42449  0.0326531
0.391837  0.42449  0.0326531
0.408163  0.42449  0.0326531
0.42449  0.42449  0.0326531
0.440816  0.42449  0.0326531
0.457143  0.42449  0.0326531
0.473469  0.42449  0.0326531
0.489796  0.42449  0.0326531
0.506122  0.42449  0.0326531
0.522449  0.42449  0.0326531
0.538776  0.42449  0.0326531
0.555102  0.42449  0.0326531
0.571429  0.42449  0.0326531
0.587755  0.42449  0.0326531
0.604082  0.42449  0.0326531
0.620408  0.42449  0.0326531
0.636735  0.42449  0.0326531
0.653061  0.42449  0.0326531
0.669388  0.42449  0.0326531
0.685714  0.42449  0.0326531
0.702041  0.42449  0.0326531
0.718367  0.42449  0.0326531
0.734694  0.42449  0.0326531
0.75102  0.42449  0.0326531
0.767347  0.42449  0.0326531
0.783673  0.42449  0.0326531
0.8  0.42449  0.0326531
0  0.440816  0.0326531
0.0163265  0.440816  0.0326531
0.0326531  0.440816  0.0326531
0.0489796  0.440816  0.0326531
0.0653061  0.440816  0.0326531
0.0816327  0.440816  0.0326531
0.0979592  0.440816  0.0326531
0.114286  0.440816  0.0326531
0.130612  0.440816  0.0326531
0.146939  0.440816  0.0326531
0.163265  0.440816  0.0326531
0.179592  0.440816  0.0326531
0.195918  0.440816  0.0326531
0.212245  0.440816  0.0326531
0.228571  0.440816  0.0326531
0.244898  0.440816  0.0326531
0.261224  0.440816  0.0326531
0.277551  0.440816  0.0326531
0.293878  0.440816  0.0326531
0.310204  0.440816  0.0326531
0.326531  0.440816  0.0326531
0.342857  0.440816  0.0326531
0.359184  0.440816  0.0326531
0.37551  0.440816  0.0326531
0.391837  0.440816  0.0326531
0.408163  0.440816  0.0326531
0.42449  0.440816  0.0326531
0.440816  0.440816  0.0326531
0.457143  0.440816  0.0326531
0.473469  0.440816  0.0326531
0.489796  0.440816  0.0326531
0.506122  0.440816  0.0326531
0.522449  0.440816  0.0326531
0.538776  0.440816  0.0326531
0.555102  0.440816  0.0326531
0.571429  0.440816  0.0326531
0.587755  0.440816  0.0326531
0.604082  0.440816  0.0326531
0.620408  0.440816  0.0326531
0.636735  0.440816  0.0326531
0.653061  0.440816  0.0326531
0.669388  0.440816  0.0326531
0.685714  0.440816  0.0326531
0.702041  0.440816  0.0326531
0.718367  0.440816  0.0326531
0.734694  0.440816  0.0326531
0.75102  0.440816  0.0326531
0.767347  0.440816  0.0326531
0.783673  0.440816  0.0326531
0.8  0.440816  0.0326531
0  0.457143  0.0326531
0.0163265  0.457143  0.0326531
0.0326531  0.457143  0.0326531
0.0489796  0.457143  0.0326531
0.0653061  0.457143  0.0326531
0.0816327  0.457143  0.0326531
0.0979592  0.457143  0.0326531
0.114286  0.457143  0.0326531
0.130612  0.457143  0.0326531
0.146939  0.457143  0.0326531
0.163265  0.457143  0.0326531
0.179592  0.457143  0.0326531
0.195918  0.457143  0.0326531
0.212245  0.457143  0.0326531
0.228571  0.457143  0.0326531
0.244898  0.457143  0.0326531
0.261224  0.457143  0.0326531
0.277551  0.457143  0.0326531
0.293878  0.457143  0.0326531
0.310204  0.457143  0.0326531
0.326531  0.457143  0.0326531
0.342857  0.457143  0.0326531
0.359184  0.457143  0.0326531
0.37551  0.457143  0.0326531
0.391837  0.457143  0.0326531
0.408163  0.457143  0.0326531
0.42449  0.457143  0.0326531
0.440816  0.457143  0.0326531
0.457143  0.457143  0.0326531
0.473469  0.457143  0.0326531
0.489796  0.457143  0.0326531
0.506122  0.457143  0.0326531
0.522449  0.457143  0.0326531
0.538776  0.457143  0.0326531
0.555102  0.457143  0.0326531
0.571429  0.457143  0.0326531
0.587755  0.457143  0.0326531
0.604082  0.457143  0.0326531
0.620408  0.457143  0.0326531
0.636735  0.457143  0.0326531
0.653061  0.457143  0.0326531
0.669388  0.457143  0.0326531
0.685714  0.457143  0.0326531
0.702041  0.457143  0.0326531
0.718367  0.457143  0.0326531
0.734694  0.457143  0.0326531
0.75102  0.457143  0.0326531
0.767347  0.457143  0.0326531
0.783673  0.457143  0.0326531
0.8  0.457143  0.0326531
0  0.473469  0.0326531
0.0163265  0.473469  0.0326531
0.0326531  0.473469  0.0326531
0.0489796  0.473469  0.0326531
0.0653061  0.473469  0.0326531
0.0816327  0.473469  0.0326531
0.0979592  0.473469  0.0326531
0.114286  0.473469  0.0326531
0.130612  0.473469  0.0326531
0.146939  0.473469  0.0326531
0.163265  0.473469  0.0326531
0.179592  0.473469  0.0326531
0.195918  0.473469  0.0326531
0.212245  0.473469  0.0326531
0.228571  0.473469  0.0326531
0.244898  0.473469  0.0326531
0.261224  0.473469  0.0326531
0.277551  0.473469  0.0326531
0.293878  0.473469  0.0326531
0.310204  0.473469  0.0326531
0.326531  0.473469  0.0326531
0.342857  0.473469  0.0326531
0.359184  0.473469  0.0326531
0.37551  0.473469  0.0326531
0.391837  0.473469  0.0326531
0.408163  0.473469  0.0326531
0.42449  0.473469  0.0326531
0.440816  0.473469  0.0326531
0.457143  0.473469  0.0326531
0.473469  0.473469  0.0326531
0.489796  0.473469  0.0326531
0.506122  0.473469  0.0326531
0.522449  0.473469  0.0326531
0.538776  0.473469  0.0326531
0.555102  0.473469  0.0326531
0.571429  0.473469  0.0326531
0.587755  0.473469  0.0326531
0.604082  0.473469  0.0326531
0.620408  0.473469  0.0326531
0.636735  0.473469  0.0326531
0.653061  0.473469  0.0326531
0.669388  0.473469  0.0326531
0.685714  0.473469  0.0326531
0.702041  0.473469  0.0326531
0.718367  0.473469  0.0326531
0.734694  0.473469  0.0326531
0.75102  0.473469  0.0326531
0.767347  0.473469  0.0326531
0.783673  0.473469  0.0326531
0.8  0.473469  0.0326531
0  0.489796  0.0326531
0.0163265  0.489796  0.0326531
0.0326531  0.489796  0.0326531
0.0489796  0.489796  0.0326531
0.0653061  0.489796  0.0326531
0.0816327  0.489796  0.0326531
0.0979592  0.489796  0.0326531
0.114286  0.489796  0.0326531
0.130612  0.489796  0.0326531
0.146939  0.489796  0.0326531
0.163265  0.489796  0.0326531
0.179592  0.489796  0.0326531
0.195918  0.489796  0.0326531
0.212245  0.489796  0.0326531
0.228571  0.489796  0.0326531
0.244898  0.489796  0.0326531
0.261224  0.489796  0.0326531
0.277551  0.489796  0.0326531
0.293878  0.489796  0.0326531
0.310204  0.489796  0.0326531
0.326531  0.489796  0.0326531
0.342857  0.489796  0.0326531
0.359184  0.489796  0.0326531
0.37551  0.489796  0.0326531
0.391837  0.489796  0.0326531
0.408163  0.489796  0.0326531
0.42449  0.489796  0.0326531
0.440816  0.489796  0.0326531
0.457143  0.489796  0.0326531
0.473469  0.489796  0.0326531
0.489796  0.489796  0.0326531
0.506122  0.489796  0.0326531
0.522449  0.489796  0.0326531
0.538776  0.489796  0.0326531
0.555102  0.489796  0.0326531
0.571429  0.489796  0.0326531
0.587755  0.489796  0.0326531
0.604082  0.489796  0.0326531
0.620408  0.489796  0.0326531
0.636735  0.489796  0.0326531
0.653061  0.489796  0.0326531
0.669388  0.489796  0.0326531
0.685714  0.489796  0.0326531
0.702041  0.489796  0.0326531
0.718367  0.489796  0.0326531
0.734694  0.489796  0.0326531
0.75102  0.489796  0.0326531
0.767347  0.489796  0.0326531
0.783673  0.489796  0.0326531
0.8  0.489796  0.0326531
0  0.506122  0.0326531
0.0163265  0.506122  0.0326531
0.0326531  0.506122  0.0326531
0.0489796  0.506122  0.0326531
0.0653061  0.506122  0.0326531
0.0816327  0.506122  0.0326531
0.0979592  0.506122  0.0326531
0.114286  0.506122  0.0326531
0.130612  0.506122  0.0326531
0.146939  0.506122  0.0326531
0.163265  0.506122  0.0326531
0.179592  0.506122  0.0326531
0.195918  0.506122  0.0326531
0.212245  0.506122  0.0326531
0.228571  0.506122  0.0326531
0.244898  0.506122  0.0326531
0.261224  0.506122  0.0326531
0.277551  0.506122  0.0326531
0.293878  0.506122  0.0326531
0.310204  0.506122  0.0326531
0.326531  0.506122  0.0326531
0.342857  0.506122  0.0326531
0.359184  0.506122  0.0326531
0.37551  0.506122  0.0326531
0.391837  0.506122  0.0326531
0.408163  0.506122  0.0326531
0.42449  0.506122  0.0326531
0.440816  0.506122  0.0326531
0.457143  0.506122  0.0326531
0.473469  0.506122  0.0326531
0.489796  0.506122  0.0326531
0.506122  0.506122  0.0326531
0.522449  0.506122  0.0326531
0.538776  0.506122  0.0326531
0.555102  0.506122  0.0326531
0.571429  0.506122  0.0326531
0.587755  0.506122  0.0326531
0.604082  0.506122  0.0326531
0.620408  0.506122  0.0326531
0.636735  0.506122  0.0326531
0.653061  0.506122  0.0326531
0.669388  0.506122  0.0326531
0.685714  0.506122  0.0326531
0.702041  0.506122  0.0326531
0.718367  0.506122  0.0326531
0.734694  0.506122  0.0326531
0.75102  0.506122  0.0326531
0.767347  0.506122  0.0326531
0.783673  0.506122  0.0326531
0.8  0.506122  0.0326531
0  0.522449  0.0326531
0.0163265  0.522449  0.0326531
0.0326531  0.522449  0.0326531
0.0489796  0.522449  0.0326531
0.0653061  0.522449  0.0326531
0.0816327  0.522449  0.0326531
0.0979592  0.522449  0.0326531
0.114286  0.522449  0.0326531
0.130612  0.522449  0.0326531
0.146939  0.522449  0.0326531
0.163265  0.522449  0.0326531
0.179592  0.522449  0.0326531
0.195918  0.522449  0.0326531
0.212245  0.522449  0.0326531
0.228571  0.522449  0.0326531
0.244898  0.522449  0.0326531
0.261224  0.522449  0.0326531
0.277551  0.522449  0.0326531
0.293878  0.522449  0.0326531
0.310204  0.522449  0.0326531
0.326531  0.522449  0.0326531
0.342857  0.522449  0.0326531
0.359184  0.522449  0.0326531
0.37551  0.522449  0.0326531
0.391837  0.522449  0.0326531
0.408163  0.522449  0.0326531
0.42449  0.522449  0.0326531
0.440816  0.522449  0.0326531
0.457143  0.522449  0.0326531
0.473469  0.522449  0.0326531
0.489796  0.522449  0.0326531
0.506122  0.522449  0.0326531
0.522449  0.522449  0.0326531
0.538776  0.522449  0.0326531
0.555102  0.522449  0.0326531
0.571429  0.522449  0.0326531
0.587755  0.522449  0.0326531
0.604082  0.522449  0.0326531
0.620408  0.522449  0.0326531
0.636735  0.522449  0.0326531
0.653061  0.522449  0.0326531
0.669388  0.522449  0.0326531
0.685714  0.522449  0.0326531
0.702041  0.522449  0.0326531
0.718367  0.522449  0.0326531
0.734694  0.522449  0.0326531
0.75102  0.522449  0.0326531
0.767347  0.522449  0.0326531
0.783673  0.522449  0.0326531
0.8  0.522449  0.0326531
0  0.538776  0.0326531
0.0163265  0.538776  0.0326531
0.0326531  0.538776  0.0326531
0.0489796  0.538776  0.0326531
0.0653061  0.538776  0.0326531
0.0816327  0.538776  0.0326531
0.0979592  0.538776  0.0326531
0.114286  0.538776  0.0326531
0.130612  0.538776  0.0326531
0.146939  0.538776  0.0326531
0.163265  0.538776  0.0326531
0.179592  0.538776  0.0326531
0.195918  0.538776  0.0326531
0.212245  0.538776  0.0326531
0.228571  0.538776  0.0326531
0.244898  0.538776  0.0326531
0.261224  0.538776  0.0326531
0.277551  0.538776  0.0326531
0.293878  0.538776  0.0326531
0.310204  0.538776  0.0326531
0.326531  0.538776  0.0326531
0.342857  0.538776  0.0326531
0.359184  0.538776  0.0326531
0.37551  0.538776  0.0326531
0.391837  0.538776  0.0326531
0.408163  0.538776  0.0326531
0.42449  0.538776  0.0326531
0.440816  0.538776  0.0326531
0.457143  0.538776  0.0326531
0.473469  0.538776  0.0326531
0.489796  0.538776  0.0326531
0.506122  0.538776  0.0326531
0.522449  0.538776  0.0326531
0.538776  0.538776  0.0326531
0.555102  0.538776  0.0326531
0.571429  0.538776  0.0326531
0.587755  0.538776  0.0326531
0.604082  0.538776  0.0326531
0.620408  0.538776  0.0326531
0.636735  0.538776  0.0326531
0.653061  0.538776  0.0326531
0.669388  0.538776  0.0326531
0.685714  0.538776  0.0326531
0.702041  0.538776  0.0326531
0.718367  0.538776  0.0326531
0.734694  0.538776  0.0326531
0.75102  0.538776  0.0326531
0.767347  0.538776  0.0326531
0.783673  0.538776  0.0326531
0.8  0.538776  0.0326531
0  0.555102  0.0326531
0.0163265  0.555102  0.0326531
0.0326531  0.555102  0.0326531
0.0489796  0.555102  0.0326531
0.0653061  0.555102  0.0326531
0.0816327  0.555102  0.0326531
0.0979592  0.555102  0.0326531
0.114286  0.555102  0.0326531
0.130612  0.555102  0.0326531
0.146939  0.555102  0.0326531
0.163265  0.555102  0.0326531
0.179592  0.555102  0.0326531
0.195918  0.555102  0.0326531
0.212245  0.555102  0.0326531
0.228571  0.555102  0.0326531
0.244898  0.555102  0.0326531
0.261224  0.555102  0.0326531
0.277551  0.555102  0.0326531
0.293878  0.555102  0.0326531
0.310204  0.555102  0.0326531
0.326531  0.555102  0.0326531
0.342857  0.555102  0.0326531
0.359184  0.555102  0.0326531
0.37551  0.555102  0.0326531
0.391837  0.555102  0.0326531
0.408163  0.555102  0.0326531
0.42449  0.555102  0.0326531
0.440816  0.555102  0.0326531
0.457143  0.555102  0.0326531
0.473469  0.555102  0.0326531
0.489796  0.555102  0.0326531
0.506122  0.555102  0.0326531
0.522449  0.555102  0.0326531
0.538776  0.555102  0.0326531
0.555102  0.555102  0.0326531
0.571429  0.555102  0.0326531
0.587755  0.555102  0.0326531
0.604082  0.555102  0.0326531
0.620408  0.555102  0.0326531
0.636735  0.555102  0.0326531
0.653061  0.555102  0.0326531
0.669388  0.555102  0.0326531
0.685714  0.555102  0.0326531
0.702041  0.555102  0.0326531
0.718367  0.555102  0.0326531
0.734694  0.555102  0.0326531
0.75102  0.555102  0.0326531
0.767347  0.555102  0.0326531
0.783673  0.555102  0.0326531
0.8  0.555102  0.0326531
0  0.571429  0.0326531
0.0163265  0.571429  0.0326531
0.0326531  0.571429  0.0326531
0.0489796  0.571429  0.0326531
0.0653061  0.571429  0.0326531
0.0816327  0.571429  0.0326531
0.0979592  0.571429  0.0326531
0.114286  0.571429  0.0326531
0.130612  0.571429  0.0326531
0.146939  0.571429  0.0326531
0.163265  0.571429  0.0326531
0.179592  0.571429  0.0326531
0.195918  0.571429  0.0326531
0.212245  0.571429  0.0326531
0.228571  0.571429  0.0326531
0.244898  0.571429  0.0326531
0.261224  0.571429  0.0326531
0.277551  0.571429  0.0326531
0.293878  0.571429  0.0326531
0.310204  0.571429  0.0326531
0.326531  0.571429  0.0326531
0.342857  0.571429  0.0326531
0.359184  0.571429  0.0326531
0.37551  0.571429  0.0326531
0.391837  0.571429  0.0326531
0.408163  0.571429  0.0326531
0.42449  0.571429  0.0326531
0.440816  0.571429  0.0326531
0.457143  0.571429  0.0326531
0.473469  0.571429  0.0326531
0.489796  0.571429  0.0326531
0.506122  0.571429  0.0326531
0.522449  0.571429  0.0326531
0.538776  0.571429  0.0326531
0.555102  0.571429  0.0326531
0.571429  0.571429  0.0326531
0.587755  0.571429  0.0326531
0.604082  0.571429  0.0326531
0.620408  0.571429  0.0326531
0.636735  0.571429  0.0326531
0.653061  0.571429  0.0326531
0.669388  0.571429  0.0326531
0.685714  0.571429  0.0326531
0.702041  0.571429  0.0326531
0.718367  0.571429  0.0326531
0.734694  0.571429  0.0326531
0.75102  0.571429  0.0326531
0.767347  0.571429  0.0326531
0.783673  0.571429  0.0326531
0.8  0.571429  0.0326531
0  0.587755  0.0326531
0.0163265  0.587755  0.0326531
0.0326531  0.587755  0.0326531
0.0489796  0.587755  0.0326531
0.0653061  0.587755  0.0326531
0.0816327  0.587755  0.0326531
0.0979592  0.587755  0.0326531
0.114286  0.587755  0.0326531
0.130612  0.587755  0.0326531
0.146939  0.587755  0.0326531
0.163265  0.587755  0.0326531
0.179592  0.587755  0.0326531
0.195918  0.587755  0.0326531
0.212245  0.587755  0.0326531
0.228571  0.587755  0.0326531
0.244898  0.587755  0.0326531
0.261224  0.587755  0.0326531
0.277551  0.587755  0.0326531
0.293878  0.587755  0.0326531
0.310204  0.587755  0.0326531
0.326531  0.587755  0.0326531
0.342857  0.587755  0.0326531
0.359184  0.587755  0.0326531
0.37551  0.587755  0.0326531
0.391837  0.587755  0.0326531
0.408163  0.587755  0.0326531
0.42449  0.587755  0.0326531
0.440816  0.587755  0.0326531
0.457143  0.587755  0.0326531
0.473469  0.587755  0.0326531
0.489796  0.587755  0.0326531
0.506122  0.587755  0.0326531
0.522449  0.587755  0.0326531
0.538776  0.587755  0.0326531
0.555102  0.587755  0.0326531
0.571429  0.587755  0.0326531
0.587755  0.587755  0.0326531
0.604082  0.587755  0.0326531
0.620408  0.587755  0.0326531
0.636735  0.587755  0.0326531
0.653061  0.587755  0.0326531
0.669388  0.587755  0.0326531
0.685714  0.587755  0.0326531
0.702041  0.587755  0.0326531
0.718367  0.587755  0.0326531
0.734694  0.587755  0.0326531
0.75102  0.587755  0.0326531
0.767347  0.587755  0.0326531
0.783673  0.587755  0.0326531
0.8  0.587755  0.0326531
0  0.604082  0.0326531
0.0163265  0.604082  0.0326531
0.0326531  0.604082  0.0326531
0.0489796  0.604082  0.0326531
0.0653061  0.604082  0.0326531
0.0816327  0.604082  0.0326531
0.0979592  0.604082  0.0326531
0.114286  0.604082  0.0326531
0.130612  0.604082  0.0326531
0.146939  0.604082  0.0326531
0.163265  0.604082  0.0326531
0.179592  0.604082  0.0326531
0.195918  0.604082  0.0326531
0.212245  0.604082  0.0326531
0.228571  0.604082  0.0326531
0.244898  0.604082  0.0326531
0.261224  0.604082  0.0326531
0.277551  0.604082  0.0326531
0.293878  0.604082  0.0326531
0.310204  0.604082  0.0326531
0.326531  0.604082  0.0326531
0.342857  0.604082  0.0326531
0.359184  0.604082  0.0326531
0.37551  0.604082  0.0326531
0.391837  0.604082  0.0326531
0.408163  0.604082  0.0326531
0.42449  0.604082  0.0326531
0.440816  0.604082  0.0326531
0.457143  0.604082  0.0326531
0.473469  0.604082  0.0326531
0.489796  0.604082  0.0326531
0.506122  0.604082  0.0326531
0.522449  0.604082  0.0326531
0.538776  0.604082  0.0326531
0.555102  0.604082  0.0326531
0.571429  0.604082  0.0326531
0.587755  0.604082  0.0326531
0.604082  0.604082  0.0326531
0.620408  0.604082  0.0326531
0.636735  0.604082  0.0326531
0.653061  0.604082  0.0326531
0.669388  0.604082  0.0326531
0.685714  0.604082  0.0326531
0.702041  0.604082  0.0326531
0.718367  0.604082  0.0326531
0.734694  0.604082  0.0326531
0.75102  0.604082  0.0326531
0.767347  0.604082  0.0326531
0.783673  0.604082  0.0326531
0.8  0.604082  0.0326531
0  0.620408  0.0326531
0.0163265  0.620408  0.0326531
0.0326531  0.620408  0.0326531
0.0489796  0.620408  0.0326531
0.0653061  0.620408  0.0326531
0.0816327  0.620408  0.0326531
0.0979592  0.620408  0.0326531
0.114286  0.620408  0.0326531
0.130612  0.620408  0.0326531
0.146939  0.620408  0.0326531
0.163265  0.620408  0.0326531
0.179592  0.620408  0.0326531
0.195918  0.620408  0.0326531
0.212245  0.620408  0.0326531
0.228571  0.620408  0.0326531
0.244898  0.620408  0.0326531
0.261224  0.620408  0.0326531
0.277551  0.620408  0.0326531
0.293878  0.620408  0.0326531
0.310204  0.620408  0.0326531
0.326531  0.620408  0.0326531
0.342857  0.620408  0.0326531
0.359184  0.620408  0.0326531
0.37551  0.620408  0.0326531
0.391837  0.620408  0.0326531
0.408163  0.620408  0.0326531
0.42449  0.620408  0.0326531
0.440816  0.620408  0.0326531
0.457143  0.620408  0.0326531
0.473469  0.620408  0.0326531
0.489796  0.620408  0.0326531
0.506122  0.620408  0.0326531
0.522449  0.620408  0.0326531
0.538776  0.620408  0.0326531
0.555102  0.620408  0.0326531
0.571429  0.620408  0.0326531
0.587755  0.620408  0.0326531
0.604082  0.620408  0.0326531
0.620408  0.620408  0.0326531
0.636735  0.620408  0.0326531
0.653061  0.620408  0.0326531
0.669388  0.620408  0.0326531
0.685714  0.620408  0.0326531
0.702041  0.620408  0.0326531
0.718367  0.620408  0.0326531
0.734694  0.620408  0.0326531
0.75102  0.620408  0.0326531
0.767347  0.620408  0.0326531
0.783673  0.620408  0.0326531
0.8  0.620408  0.0326531
0  0.636735  0.0326531
0.0163265  0.636735  0.0326531
0.0326531  0.636735  0.0326531
0.0489796  0.636735  0.0326531
0.0653061  0.636735  0.0326531
0.0816327  0.636735  0.0326531
0.0979592  0.636735  0.0326531
0.114286  0.636735  0.0326531
0.130612  0.636735  0.0326531
0.146939  0.636735  0.0326531
0.163265  0.636735  0.0326531
0.179592  0.636735  0.0326531
0.195918  0.636735  0.0326531
0.212245  0.636735  0.0326531
0.228571  0.636735  0.0326531
0.244898  0.636735  0.0326531
0.261224  0.636735  0.0326531
0.277551  0.636735  0.0326531
0.293878  0.636735  0.0326531
0.310204  0.636735  0.0326531
0.326531  0.636735  0.0326531
0.342857  0.636735  0.0326531
0.359184  0.636735  0.0326531
0.37551  0.636735  0.0326531
0.391837  0.636735  0.0326531
0.408163  0.636735  0.0326531
0.42449  0.636735  0.0326531
0.440816  0.636735  0.0326531
0.457143  0.636735  0.0326531
0.473469  0.636735  0.0326531
0.489796  0.636735  0.0326531
0.506122  0.636735  0.0326531
0.522449  0.636735  0.0326531
0.538776  0.636735  0.0326531
0.555102  0.636735  0.0326531
0.571429  0.636735  0.0326531
0.587755  0.636735  0.0326531
0.604082  0.636735  0.0326531
0.620408  0.636735  0.0326531
0.636735  0.636735  0.0326531
0.653061  0.636735  0.0326531
0.669388  0.636735  0.0326531
0.685714  0.636735  0.0326531
0.702041  0.636735  0.0326531
0.718367  0.636735  0.0326531
0.734694  0.636735  0.0326531
0.75102  0.636735  0.0326531
0.767347  0.636735  0.0326531
0.783673  0.636735  0.0326531
0.8  0.636735  0.0326531
0  0.653061  0.0326531
0.0163265  0.653061  0.0326531
0.0326531  0.653061  0.0326531
0.0489796  0.653061  0.0326531
0.0653061  0.653061  0.0326531
0.0816327  0.653061  0.0326531
0.0979592  0.653061  0.0326531
0.114286  0.653061  0.0326531
0.130612  0.653061  0.0326531
0.146939  0.653061  0.0326531
0.163265  0.653061  0.0326531
0.179592  0.653061  0.0326531
0.195918  0.653061  0.0326531
0.212245  0.653061  0.0326531
0.228571  0.653061  0.0326531
0.244898  0.653061  0.0326531
0.261224  0.653061  0.0326531
0.277551  0.653061  0.0326531
0.293878  0.653061  0.0326531
0.310204  0.653061  0.0326531
0.326531  0.653061  0.0326531
0.342857  0.653061  0.0326531
0.359184  0.653061  0.0326531
0.37551  0.653061  0.0326531
0.391837  0.653061  0.0326531
0.408163  0.653061  0.0326531
0.42449  0.653061  0.0326531
0.440816  0.653061  0.0326531
0.457143  0.653061  0.0326531
0.473469  0.653061  0.0326531
0.489796  0.653061  0.0326531
0.506122  0.653061  0.0326531
0.522449  0.653061  0.0326531
0.538776  0.653061  0.0326531
0.555102  0.653061  0.0326531
0.571429  0.653061  0.0326531
0.587755  0.653061  0.0326531
0.604082  0.653061  0.0326531
0.620408  0.653061  0.0326531
0.636735  0.653061  0.0326531
0.653061  0.653061  0.0326531
0.669388  0.653061  0.0326531
0.685714  0.653061  0.0326531
0.702041  0.653061  0.0326531
0.718367  0.653061  0.0326531
0.734694  0.653061  0.0326531
0.75102  0.653061  0.0326531
0.767347  0.653061  0.0326531
0.783673  0.653061  0.0326531
0.8  0.653061  0.0326531
0  0.669388  0.0326531
0.0163265  0.669388  0.0326531
0.0326531  0.669388  0.0326531
0.0489796  0.669388  0.0326531
0.0653061  0.669388  0.0326531
0.0816327  0.669388  0.0326531
0.0979592  0.669388  0.0326531
0.114286  0.669388  0.0326531
0.130612  0.669388  0.0326531
0.146939  0.669388  0.0326531
0.163265  0.669388  0.0326531
0.179592  0.669388  0.0326531
0.195918  0.669388  0.0326531
0.212245  0.669388  0.0326531
0.228571  0.669388  0.0326531
0.244898  0.669388  0.0326531
0.261224  0.669388  0.0326531
0.277551  0.669388  0.0326531
0.293878  0.669388  0.0326531
0.310204  0.669388  0.0326531
0.326531  0.669388  0.0326531
0.342857  0.669388  0.0326531
0.359184  0.669388  0.0326531
0.37551  0.669388  0.0326531
0.391837  0.669388  0.0326531
0.408163  0.669388  0.0326531
0.42449  0.669388  0.0326531
0.440816  0.669388  0.0326531
0.457143  0.669388  0.0326531
0.473469  0.669388  0.0326531
0.489796  0.669388  0.0326531
0.506122  0.669388  0.0326531
0.522449  0.669388  0.0326531
0.538776  0.669388  0.0326531
0.555102  0.669388  0.0326531
0.571429  0.669388  0.0326531
0.587755  0.669388  0.0326531
0.604082  0.669388  0.0326531
0.620408  0.669388  0.0326531
0.636735  0.669388  0.0326531
0.653061  0.669388  0.0326531
0.669388  0.669388  0.0326531
0.685714  0.669388  0.0326531
0.702041  0.669388  0.0326531
0.718367  0.669388  0.0326531
0.734694  0.669388  0.0326531
0.75102  0.669388  0.0326531
0.767347  0.669388  0.0326531
0.783673  0.669388  0.0326531
0.8  0.669388  0.0326531
0  0.685714  0.0326531
0.0163265  0.685714  0.0326531
0.0326531  0.685714  0.0326531
0.0489796  0.685714  0.0326531
0.0653061  0.685714  0.0326531
0.0816327  0.685714  0.0326531
0.0979592  0.685714  0.0326531
0.114286  0.685714  0.0326531
0.130612  0.685714  0.0326531
0.146939  0.685714  0.0326531
0.163265  0.685714  0.0326531
0.179592  0.685714  0.0326531
0.195918  0.685714  0.0326531
0.212245  0.685714  0.0326531
0.228571  0.685714  0.0326531
0.244898  0.685714  0.0326531
0.261224  0.685714  0.0326531
0.277551  0.685714  0.0326531
0.293878  0.685714  0.0326531
0.310204  0.685714  0.0326531
0.326531  0.685714  0.0326531
0.342857  0.685714  0.0326531
0.359184  0.685714  0.0326531
0.37551  0.685714  0.0326531
0.391837  0.685714  0.0326531
0.408163  0.685714  0.0326531
0.42449  0.685714  0.0326531
0.440816  0.685714  0.0326531
0.457143  0.685714  0.0326531
0.473469  0.685714  0.0326531
0.489796  0.685714  0.0326531
0.506122  0.685714  0.0326531
0.522449  0.685714  0.0326531
0.538776  0.685714  0.0326531
0.555102  0.685714  0.0326531
0.571429  0.685714  0.0326531
0.587755  0.685714  0.0326531
0.604082  0.685714  0.0326531
0.620408  0.685714  0.0326531
0.636735  0.685714  0.0326531
0.653061  0.685714  0.0326531
0.669388  0.685714  0.0326531
0.685714  0.685714  0.0326531
0.702041  0.685714  0.0326531
0.718367  0.685714  0.0326531
0.734694  0.685714  0.0326531
0.75102  0.685714  0.0326531
0.767347  0.685714  0.0326531
0.783673  0.685714  0.0326531
0.8  0.685714  0.0326531
0  0.702041  0.0326531
0.0163265  0.702041  0.0326531
0.0326531  0.702041  0.0326531
0.0489796  0.702041  0.0326531
0.0653061  0.702041  0.0326531
0.0816327  0.702041  0.0326531
0.0979592  0.702041  0.0326531
0.114286  0.702041  0.0326531
0.130612  0.702041  0.0326531
0.146939  0.702041  0.0326531
0.163265  0.702041  0.0326531
0.179592  0.702041  0.0326531
0.195918  0.702041  0.0326531
0.212245  0.702041  0.0326531
0.228571  0.702041  0.0326531
0.244898  0.702041  0.0326531
0.261224  0.702041  0.0326531
0.277551  0.702041  0.0326531
0.293878  0.702041  0.0326531
0.310204  0.702041  0.0326531
0.326531  0.702041  0.0326531
0.342857  0.702041  0.0326531
0.359184  0.702041  0.0326531
0.37551  0.702041  0.0326531
0.391837  0.702041  0.0326531
0.408163  0.702041  0.0326531
0.42449  0.702041  0.0326531
0.440816  0.702041  0.0326531
0.457143  0.702041  0.0326531
0.473469  0.702041  0.0326531
0.489796  0.702041  0.0326531
0.506122  0.702041  0.0326531
0.522449  0.702041  0.0326531
0.538776  0.702041  0.0326531
0.555102  0.702041  0.0326531
0.571429  0.702041  0.0326531
0.587755  0.702041  0.0326531
0.604082  0.702041  0.0326531
0.620408  0.702041  0.0326531
0.636735  0.702041  0.0326531
0.653061  0.702041  0.0326531
0.669388  0.702041  0.0326531
0.685714  0.702041  0.0326531
0.702041  0.702041  0.0326531
0.718367  0.702041  0.0326531
0.734694  0.702041  0.0326531
0.75102  0.702041  0.0326531
0.767347  0.702041  0.0326531
0.783673  0.702041  0.0326531
0.8  0.702041  0.0326531
0  0.718367  0.0326531
0.0163265  0.718367  0.0326531
0.0326531  0.718367  0.0326531
0.0489796  0.718367  0.0326531
0.0653061  0.718367  0.0326531
0.0816327  0.718367  0.0326531
0.0979592  0.718367  0.0326531
0.114286  0.718367  0.0326531
0.130612  0.718367  0.0326531
0.146939  0.718367  0.0326531
0.163265  0.718367  0.0326531
0.179592  0.718367  0.0326531
0.195918  0.718367  0.0326531
0.212245  0.718367  0.0326531
0.228571  0.718367  0.0326531
0.244898  0.718367  0.0326531
0.261224  0.718367  0.0326531
0.277551  0.718367  0.0326531
0.293878  0.718367  0.0326531
0.310204  0.718367  0.0326531
0.326531  0.718367  0.0326531
0.342857  0.718367  0.0326531
0.359184  0.718367  0.0326531
0.37551  0.718367  0.0326531
0.391837  0.718367  0.0326531
0.408163  0.718367  0.0326531
0.42449  0.718367  0.0326531
0.440816  0.718367  0.0326531
0.457143  0.718367  0.0326531
0.473469  0.718367  0.0326531
0.489796  0.718367  0.0326531
0.506122  0.718367  0.0326531
0.522449  0.718367  0.0326531
0.538776  0.718367  0.0326531
0.555102  0.718367  0.0326531
0.571429  0.718367  0.0326531
0.587755  0.718367  0.0326531
0.604082  0.718367  0.0326531
0.620408  0.718367  0.0326531
0.636735  0.718367  0.0326531
0.653061  0.718367  0.0326531
0.669388  0.718367  0.0326531
0.685714  0.718367  0.0326531
0.702041  0.718367  0.0326531
0.718367  0.718367  0.0326531
0.734694  0.718367  0.0326531
0.75102  0.718367  0.0326531
0.767347  0.718367  0.0326531
0.783673  0.718367  0.0326531
0.8  0.718367  0.0326531
0  0.734694  0.0326531
0.0163265  0.734694  0.0326531
0.0326531  0.734694  0.0326531
0.0489796  0.734694  0.0326531
0.0653061  0.734694  0.0326531
0.0816327  0.734694  0.0326531
0.0979592  0.734694  0.0326531
0.114286  0.734694  0.0326531
0.130612  0.734694  0.0326531
0.146939  0.734694  0.0326531
0.163265  0.734694  0.0326531
0.179592  0.734694  0.0326531
0.195918  0.734694  0.0326531
0.212245  0.734694  0.0326531
0.228571  0.734694  0.0326531
0.244898  0.734694  0.0326531
0.261224  0.734694  0.0326531
0.277551  0.734694  0.0326531
0.293878  0.734694  0.0326531
0.310204  0.734694  0.0326531
0.326531  0.734694  0.0326531
0.342857  0.734694  0.0326531
0.359184  0.734694  0.0326531
0.37551  0.734694  0.0326531
0.391837  0.734694  0.0326531
0.408163  0.734694  0.0326531
0.42449  0.734694  0.0326531
0.440816  0.734694  0.0326531
0.457143  0.734694  0.0326531
0.473469  0.734694  0.0326531
0.489796  0.734694  0.0326531
0.506122  0.734694  0.0326531
0.522449  0.734694  0.0326531
0.538776  0.734694  0.0326531
0.555102  0.734694  0.0326531
0.571429  0.734694  0.0326531
0.587755  0.734694  0.0326531
0.604082  0.734694  0.0326531
0.620408  0.734694  0.0326531
0.636735  0.734694  0.0326531
0.653061  0.734694  0.0326531
0.669388  0.734694  0.0326531
0.685714  0.734694  0.0326531
0.702041  0.734694  0.0326531
0.718367  0.734694  0.0326531
0.734694  0.734694  0.0326531
0.75102  0.734694  0.0326531
0.767347  0.734694  0.0326531
0.783673  0.734694  0.0326531
0.8  0.734694  0.0326531
0  0.75102  0.0326531
0.0163265  0.75102  0.0326531
0.0326531  0.75102  0.0326531
0.0489796  0.75102  0.0326531
0.0653061  0.75102  0.0326531
0.0816327  0.75102  0.0326531
0.0979592  0.75102  0.0326531
0.114286  0.75102  0.0326531
0.130612  0.75102  0.0326531
0.146939  0.75102  0.0326531
0.163265  0.75102  0.0326531
0.179592  0.75102  0.0326531
0.195918  0.75102  0.0326531
0.212245  0.75102  0.0326531
0.228571  0.75102  0.0326531
0.244898  0.75102  0.0326531
0.261224  0.75102  0.0326531
0.277551  0.75102  0.0326531
0.293878  0.75102  0.0326531
0.310204  0.75102  0.0326531
0.326531  0.75102  0.0326531
0.342857  0.75102  0.0326531
0.359184  0.75102  0.0326531
0.37551  0.75102  0.0326531
0.391837  0.75102  0.0326531
0.408163  0.75102  0.0326531
0.42449  0.75102  0.0326531
0.440816  0.75102  0.0326531
0.457143  0.75102  0.0326531
0.473469  0.75102  0.0326531
0.489796  0.75102  0.0326531
0.506122  0.75102  0.0326531
0.522449  0.75102  0.0326531
0.538776  0.75102  0.0326531
0.555102  0.75102  0.0326531
0.571429  0.75102  0.0326531
0.587755  0.75102  0.0326531
0.604082  0.75102  0.0326531
0.620408  0.75102  0.0326531
0.636735  0.75102  0.0326531
0.653061  0.75102  0.0326531
0.669388  0.75102  0.0326531
0.685714  0.75102  0.0326531
0.702041  0.75102  0.0326531
0.718367  0.75102  0.0326531
0.734694  0.75102  0.0326531
0.75102  0.75102  0.0326531
0.767347  0.75102  0.0326531
0.783673  0.75102  0.0326531
0.8  0.75102  0.0326531
0  0.767347  0.0326531
0.0163265  0.767347  0.0326531
0.0326531  0.767347  0.0326531
0.0489796  0.767347  0.0326531
0.0653061  0.767347  0.0326531
0.0816327  0.767347  0.0326531
0.0979592  0.767347  0.0326531
0.114286  0.767347  0.0326531
0.130612  0.767347  0.0326531
0.146939  0.767347  0.0326531
0.163265  0.767347  0.0326531
0.179592  0.767347  0.0326531
0.195918  0.767347  0.0326531
0.212245  0.767347  0.0326531
0.228571  0.767347  0.0326531
0.244898  0.767347  0.0326531
0.261224  0.767347  0.0326531
0.277551  0.767347  0.0326531
0.293878  0.767347  0.0326531
0.310204  0.767347  0.0326531
0.326531  0.767347  0.0326531
0.342857  0.767347  0.0326531
0.359184  0.767347  0.0326531
0.37551  0.767347  0.0326531
0.391837  0.767347  0.0326531
0.408163  0.767347  0.0326531
0.42449  0.767347  0.0326531
0.440816  0.767347  0.0326531
0.457143  0.767347  0.0326531
0.473469  0.767347  0.0326531
0.489796  0.767347  0.0326531
0.506122  0.767347  0.0326531
0.522449  0.767347  0.0326531
0.538776  0.767347  0.0326531
0.555102  0.767347  0.0326531
0.571429  0.767347  0.0326531
0.587755  0.767347  0.0326531
0.604082  0.767347  0.0326531
0.620408  0.767347  0.0326531
0.636735  0.767347  0.0326531
0.653061  0.767347  0.0326531
0.669388  0.767347  0.0326531
0.685714  0.767347  0.0326531
0.702041  0.767347  0.0326531
0.718367  0.767347  0.0326531
0.734694  0.767347  0.0326531
0.75102  0.767347  0.0326531
0.767347  0.767347  0.0326531
0.783673  0.767347  0.0326531
0.8  0.767347  0.0326531
0  0.783673  0.0326531
0.0163265  0.783673  0.0326531
0.0326531  0.783673  0.0326531
0.0489796  0.783673  0.0326531
0.0653061  0.783673  0.0326531
0.0816327  0.783673  0.0326531
0.0979592  0.783673  0.0326531
0.114286  0.783673  0.0326531
0.130612  0.783673  0.0326531
0.146939  0.783673  0.0326531
0.163265  0.783673  0.0326531
0.179592  0.783673  0.0326531
0.195918  0.783673  0.0326531
0.212245  0.783673  0.0326531
0.228571  0.783673  0.0326531
0.244898  0.783673  0.0326531
0.261224  0.783673  0.0326531
0.277551  0.783673  0.0326531
0.293878  0.783673  0.0326531
0.310204  0.783673  0.0326531
0.326531  0.783673  0.0326531
0.342857  0.783673  0.0326531
0.359184  0.783673  0.0326531
0.37551  0.783673  0.0326531
0.391837  0.783673  0.0326531
0.408163  0.783673  0.0326531
0.42449  0.783673  0.0326531
0.440816  0.783673  0.0326531
0.457143  0.783673  0.0326531
0.473469  0.783673  0.0326531
0.489796  0.783673  0.0326531
0.506122  0.783673  0.0326531
0.522449  0.783673  0.0326531
0.538776  0.783673  0.0326531
0.555102  0.783673  0.0326531
0.571429  0.783673  0.0326531
0.587755  0.783673  0.0326531
0.604082  0.783673  0.0326531
0.620408  0.783673  0.0326531
0.636735  0.783673  0.0326531
0.653061  0.783673  0.0326531
0.669388  0.783673  0.0326531
0.685714  0.783673  0.0326531
0.702041  0.783673  0.0326531
0.718367  0.783673  0.0326531
0.734694  0.783673  0.0326531
0.75102  0.783673  0.0326531
0.767347  0.783673  0.0326531
0.783673  0.783673  0.0326531
0.8  0.783673  0.0326531
0  0.8  0.0326531
0.0163265  0.8  0.0326531
0.0326531  0.8  0.0326531
0.0489796  0.8  0.0326531
0.0653061  0.8  0.0326531
0.0816327  0.8  0.0326531
0.0979592  0.8  0.0326531
0.114286  0.8  0.0326531
0.130612  0.8  0.0326531
0.146939  0.8  0.0326531
0.163265  0.8  0.0326531
0.179592  0.8  0.0326531
0.195918  0.8  0.0326531
0.212245  0.8  0.0326531
0.228571  0.8  0.0326531
0.244898  0.8  0.0326531
0.261224  0.8  0.0326531
0.277551  0.8  0.0326531
0.293878  0.8  0.0326531
0.310204  0.8  0.0326531
0.326531  0.8  0.0326531
0.342857  0.8  0.0326531
0.359184  0.8  0.0326531
0.37551  0.8  0.0326531
0.391837  0.8  0.0326531
0.408163  0.8  0.0326531
0.42449  0.8  0.0326531
0.440816  0.8  0.0326531
0.457143  0.8  0.0326531
0.473469  0.8  0.0326531
0.489796  0.8  0.0326531
0.506122  0.8  0.0326531
0.522449  0.8  0.0326531
0.538776  0.8  0.0326531
0.555102  0.8  0.0326531
0.571429  0.8  0.0326531
0.587755  0.8  0.0326531
0.604082  0.8  0.0326531
0.620408  0.8  0.0326531
0.636735  0.8  0.0326531
0.653061  0.8  0.0326531
0.669388  0.8  0.0326531
0.685714  0.8  0.0326531
0.702041  0.8  0.0326531
0.718367  0.8  0.0326531
0.734694  0.8  0.0326531
0.75102  0.8  0.0326531
0.767347  0.8  0.0326531
0.783673  0.8  0.0326531
0.8  0.8  0.0326531
0  0  0.0489796
0.0163265  0  0.0489796
0.0326531  0  0.0489796
0.0489796  0  0.0489796
0.0653061  0  0.0489796
0.0816327  0  0.0489796
0.0979592  0  0.0489796
0.114286  0  0.0489796
0.130612  0  0.0489796
0.146939  0  0.0489796
0.163265  0  0.0489796
0.179592  0  0.0489796
0.195918  0  0.0489796
0.212245  0  0.0489796
0.228571  0  0.0489796
0.244898  0  0.0489796
0.261224  0  0.0489796
0.277551  0  0.0489796
0.293878  0  0.0489796
0.310204  0  0.0489796
0.326531  0  0.0489796
0.342857  0  0.0489796
0.359184  0  0.0489796
0.37551  0  0.0489796
0.391837  0  0.0489796
0.408163  0  0.0489796
0.42449  0  0.0489796
0.440816  0  0.0489796
0.457143  0  0.0489796
0.473469  0  0.0489796
0.489796  0  0.0489796
0.506122  0  0.0489796
0.522449  0  0.0489796
0.538776  0  0.0489796
0.555102  0  0.0489796
0.571429  0  0.0489796
0.587755  0  0.0489796
0.604082  0  0.0489796
0.620408  0  0.0489796
0.636735  0  0.0489796
0.653061  0  0.0489796
0.669388  0  0.0489796
0.685714  0  0.0489796
0.702041  0  0.0489796
0.718367  0  0.0489796
0.734694  0  0.0489796
0.75102  0  0.0489796
0.767347  0  0.0489796
0.783673  0  0.0489796
0.8  0  0.0489796
0  0.0163265  0.0489796
0.0163265  0.0163265  0.0489796
0.0326531  0.0163265  0.0489796
0.0489796  0.0163265  0.0489796
0.0653061  0.0163265  0.0489796
0.0816327  0.0163265  0.0489796
0.0979592  0.0163265  0.0489796
0.114286  0.0163265  0.0489796
0.130612  0.0163265  0.0489796
0.146939  0.0163265  0.0489796
0.163265  0.0163265  0.0489796
0.179592  0.0163265  0.0489796
0.195918  0.0163265  0.0489796
0.212245  0.0163265  0.0489796
0.228571  0.0163265  0.0489796
0.244898  0.0163265  0.0489796
0.261224  0.0163265  0.0489796
0.277551  0.0163265  0.0489796
0.293878  0.0163265  0.0489796
0.310204  0.0163265  0.0489796
0.326531  0.0163265  0.0489796
0.342857  0.0163265  0.0489796
0.359184  0.0163265  0.0489796
0.37551  0.0163265  0.0489796
0.391837  0.0163265  0.0489796
0.408163  0.0163265  0.0489796
0.42449  0.0163265  0.0489796
0.440816  0.0163265  0.0489796
0.457143  0.0163265  0.0489796
0.473469  0.0163265  0.0489796
0.489796  0.0163265  0.0489796
0.506122  0.0163265  0.0489796
0.522449  0.0163265  0.0489796
0.538776  0.0163265  0.0489796
0.555102  0.0163265  0.0489796
0.571429  0.0163265  0.0489796
0.587755  0.0163265  0.0489796
0.604082  0.0163265  0.0489796
0.620408  0.0163265  0.0489796
0.636735  0.0163265  0.0489796
0.653061  0.0163265  0.0489796
0.669388  0.0163265  0.0489796
0.685714  0.0163265  0.0489796
0.702041  0.0163265  0.0489796
0.718367  0.0163265  0.0489796
0.734694  0.0163265  0.0489796
0.75102  0.0163265  0.0489796
0.767347  0.0163265  0.0489796
0.783673  0.0163265  0.0489796
0.8  0.0163265  0.0489796
0  0.0326531  0.0489796
0.0163265  0.0326531  0.0489796
0.0326531  0.0326531  0.0489796
0.0489796  0.0326531  0.0489796
0.0653061  0.0326531  0.0489796
0.0816327  0.0326531  0.0489796
0.0979592  0.0326531  0.0489796
0.114286  0.0326531  0.0489796
0.130612  0.0326531  0.0489796
0.146939  0.0326531  0.0489796
0.163265  0.0326531  0.0489796
0.179592  0.0326531  0.0489796
0.195918  0.0326531  0.0489796
0.212245  0.0326531  0.0489796
0.228571  0.0326531  0.0489796
0.244898  0.0326531  0.0489796
0.261224  0.0326531  0.0489796
0.277551  0.0326531  0.0489796
0.293878  0.0326531  0.0489796
0.310204  0.0326531  0.0489796
0.326531  0.0326531  0.0489796
0.342857  0.0326531  0.0489796
0.359184  0.0326531  0.0489796
0.37551  0.0326531  0.0489796
0.391837  0.0326531  0.0489796
0.408163  0.0326531  0.0489796
0.42449  0.0326531  0.0489796
0.440816  0.0326531  0.0489796
0.457143  0.0326531  0.0489796
0.473469  0.0326531  0.0489796
0.489796  0.0326531  0.0489796
0.506122  0.0326531  0.0489796
0.522449  0.0326531  0.0489796
0.538776  0.0326531  0.0489796
0.555102  0.0326531  0.0489796
0.571429  0.0326531  0.0489796
0.587755  0.0326531  0.0489796
0.604082  0.0326531  0.0489796
0.620408  0.0326531  0.0489796
0.636735  0.0326531  0.0489796
0.653061  0.0326531  0.0489796
0.669388  0.0326531  0.0489796
0.685714  0.0326531  0.0489796
0.702041  0.0326531  0.0489796
0.718367  0.0326531  0.0489796
0.734694  0.0326531  0.0489796
0.75102  0.0326531  0.0489796
0.767347  0.0326531  0.0489796
0.783673  0.0326531  0.0489796
0.8  0.0326531  0.0489796
0  0.0489796  0.0489796
0.0163265  0.0489796  0.0489796
0.0326531  0.0489796  0.0489796
0.0489796  0.0489796  0.0489796
0.0653061  0.0489796  0.0489796
0.0816327  0.0489796  0.0489796
0.0979592  0.0489796  0.0489796
0.114286  0.0489796  0.0489796
0.130612  0.0489796  0.0489796
0.146939  0.0489796  0.0489796
0.163265  0.0489796  0.0489796
0.179592  0.0489796  0.0489796
0.195918  0.0489796  0.0489796
0.212245  0.0489796  0.0489796
0.228571  0.0489796  0.0489796
0.244898  0.0489796  0.0489796
0.261224  0.0489796  0.0489796
0.277551  0.0489796  0.0489796
0.293878  0.0489796  0.0489796
0.310204  0.0489796  0.0489796
0.326531  0.0489796  0.0489796
0.342857  0.0489796  0.0489796
0.359184  0.0489796  0.0489796
0.37551  0.0489796  0.0489796
0.391837  0.0489796  0.0489796
0.408163  0.0489796  0.0489796
0.42449  0.0489796  0.0489796
0.440816  0.0489796  0.0489796
0.457143  0.0489796  0.0489796
0.473469  0.0489796  0.0489796
0.489796  0.0489796  0.0489796
0.506122  0.0489796  0.0489796
0.522449  0.0489796  0.0489796
0.538776  0.0489796  0.0489796
0.555102  0.0489796  0.0489796
0.571429  0.0489796  0.0489796
0.587755  0.0489796  0.0489796
0.604082  0.0489796  0.0489796
0.620408  0.0489796  0.0489796
0.636735  0.0489796  0.0489796
0.653061  0.0489796  0.0489796
0.669388  0.0489796  0.0489796
0.685714  0.0489796  0.0489796
0.702041  0.0489796  0.0489796
0.718367  0.0489796  0.0489796
0.734694  0.0489796  0.0489796
0.75102  0.0489796  0.0489796
0.767347  0.0489796  0.0489796
0.783673  0.0489796  0.0489796
0.8  0.0489796  0.0489796
0  0.0653061  0.0489796
0.0163265  0.0653061  0.0489796
0.0326531  0.0653061  0.0489796
0.0489796  0.0653061  0.0489796
0.0653061  0.0653061  0.0489796
0.0816327  0.0653061  0.0489796
0.0979592  0.0653061  0.0489796
0.114286  0.0653061  0.0489796
0.130612  0.0653061  0.0489796
0.146939  0.0653061  0.0489796
0.163265  0.0653061  0.0489796
0.179592  0.0653061  0.0489796
0.195918  0.0653061  0.0489796
0.212245  0.0653061  0.0489796
0.228571  0.0653061  0.0489796
0.244898  0.0653061  0.0489796
0.261224  0.0653061  0.0489796
0.277551  0.0653061  0.0489796
0.293878  0.0653061  0.0489796
0.310204  0.0653061  0.0489796
0.326531  0.0653061  0.0489796
0.342857  0.0653061  0.0489796
0.359184  0.0653061  0.0489796
0.37551  0.0653061  0.0489796
0.391837  0.0653061  0.0489796
0.408163  0.0653061  0.0489796
0.42449  0.0653061  0.0489796
0.440816  0.0653061  0.0489796
0.457143  0.0653061  0.0489796
0.473469  0.0653061  0.0489796
0.489796  0.0653061  0.0489796
0.506122  0.0653061  0.0489796
0.522449  0.0653061  0.0489796
0.538776  0.0653061  0.0489796
0.555102  0.0653061  0.0489796
0.571429  0.0653061  0.0489796
0.587755  0.0653061  0.0489796
0.604082  0.0653061  0.0489796
0.620408  0.0653061  0.0489796
0.636735  0.0653061  0.0489796
0.653061  0.0653061  0.0489796
0.669388  0.0653061  0.0489796
0.685714  0.0653061  0.0489796
0.702041  0.0653061  0.0489796
0.718367  0.0653061  0.0489796
0.734694  0.0653061  0.0489796
0.75102  0.0653061  0.0489796
0.767347  0.0653061  0.0489796
0.783673  0.0653061  0.0489796
0.8  0.0653061  0.0489796
0  0.0816327  0.0489796
0.0163265  0.0816327  0.0489796
0.0326531  0.0816327  0.0489796
0.0489796  0.0816327  0.0489796
0.0653061  0.0816327  0.0489796
0.0816327  0.0816327  0.0489796
0.0979592  0.0816327  0.0489796
0.114286  0.0816327  0.0489796
0.130612  0.0816327  0.0489796
0.146939  0.0816327  0.0489796
0.163265  0.0816327  0.0489796
0.179592  0.0816327  0.0489796
0.195918  0.0816327  0.0489796
0.212245  0.0816327  0.0489796
0.228571  0.0816327  0.0489796
0.244898  0.0816327  0.0489796
0.261224  0.0816327  0.0489796
0.277551  0.0816327  0.0489796
0.293878  0.0816327  0.0489796
0.310204  0.0816327  0.0489796
0.326531  0.0816327  0.0489796
0.342857  0.0816327  0.0489796
0.359184  0.0816327  0.0489796
0.37551  0.0816327  0.0489796
0.391837  0.0816327  0.0489796
0.408163  0.0816327  0.0489796
0.42449  0.0816327  0.0489796
0.440816  0.0816327  0.0489796
0.457143  0.0816327  0.0489796
0.473469  0.0816327  0.0489796
0.489796  0.0816327  0.0489796
0.506122  0.0816327  0.0489796
0.522449  0.0816327  0.0489796
0.538776  0.0816327  0.0489796
0.555102  0.0816327  0.0489796
0.571429  0.0816327  0.0489796
0.587755  0.0816327  0.0489796
0.604082  0.0816327  0.0489796
0.620408  0.0816327  0.0489796
0.636735  0.0816327  0.0489796
0.653061  0.0816327  0.0489796
0.669388  0.0816327  0.0489796
0.685714  0.0816327  0.0489796
0.702041  0.0816327  0.0489796
0.718367  0.0816327  0.0489796
0.734694  0.0816327  0.0489796
0.75102  0.0816327  0.0489796
0.767347  0.0816327  0.0489796
0.783673  0.0816327  0.0489796
0.8  0.0816327  0.0489796
0  0.0979592  0.0489796
0.0163265  0.0979592  0.0489796
0.0326531  0.0979592  0.0489796
0.0489796  0.0979592  0.0489796
0.0653061  0.0979592  0.0489796
0.0816327  0.0979592  0.0489796
0.0979592  0.0979592  0.0489796
0.114286  0.0979592  0.0489796
0.130612  0.0979592  0.0489796
0.146939  0.0979592  0.0489796
0.163265  0.0979592  0.0489796
0.179592  0.0979592  0.0489796
0.195918  0.0979592  0.0489796
0.212245  0.0979592  0.0489796
0.228571  0.0979592  0.0489796
0.244898  0.0979592  0.0489796
0.261224  0.0979592  0.0489796
0.277551  0.0979592  0.0489796
0.293878  0.0979592  0.0489796
0.310204  0.0979592  0.0489796
0.326531  0.0979592  0.0489796
0.342857  0.0979592  0.0489796
0.359184  0.0979592  0.0489796
0.37551  0.0979592  0.0489796
0.391837  0.0979592  0.0489796
0.408163  0.0979592  0.0489796
0.42449  0.0979592  0.0489796
0.440816  0.0979592  0.0489796
0.457143  0.0979592  0.0489796
0.473469  0.0979592  0.0489796
0.489796  0.0979592  0.0489796
0.506122  0.0979592  0.0489796
0.522449  0.0979592  0.0489796
0.538776  0.0979592  0.0489796
0.555102  0.0979592  0.0489796
0.571429  0.0979592  0.0489796
0.587755  0.0979592  0.0489796
0.604082  0.0979592  0.0489796
0.620408  0.0979592  0.0489796
0.636735  0.0979592  0.0489796
0.653061  0.0979592  0.0489796
0.669388  0.0979592  0.0489796
0.685714  0.0979592  0.0489796
0.702041  0.0979592  0.0489796
0.718367  0.0979592  0.0489796
0.734694  0.0979592  0.0489796
0.75102  0.0979592  0.0489796
0.767347  0.0979592  0.0489796
0.783673  0.0979592  0.0489796
0.8  0.0979592  0.0489796
0  0.114286  0.0489796
0.0163265  0.114286  0.0489796
0.0326531  0.114286  0.0489796
0.0489796  0.114286  0.0489796
0.0653061  0.114286  0.0489796
0.0816327  0.114286  0.0489796
0.0979592  0.114286  0.0489796
0.114286  0.114286  0.0489796
0.130612  0.114286  0.0489796
0.146939  0.114286  0.0489796
0.163265  0.114286  0.0489796
0.179592  0.114286  0.0489796
0.195918  0.114286  0.0489796
0.212245  0.114286  0.0489796
0.228571  0.114286  0.0489796
0.244898  0.114286  0.0489796
0.261224  0.114286  0.0489796
0.277551  0.114286  0.0489796
0.293878  0.114286  0.0489796
0.310204  0.114286  0.0489796
0.326531  0.114286  0.0489796
0.342857  0.114286  0.0489796
0.359184  0.114286  0.0489796
0.37551  0.114286  0.0489796
0.391837  0.114286  0.0489796
0.408163  0.114286  0.0489796
0.42449  0.114286  0.0489796
0.440816  0.114286  0.0489796
0.457143  0.114286  0.0489796
0.473469  0.114286  0.0489796
0.489796  0.114286  0.0489796
0.506122  0.114286  0.0489796
0.522449  0.114286  0.0489796
0.538776  0.114286  0.0489796
0.555102  0.114286  0.0489796
0.571429  0.114286  0.0489796
0.587755  0.114286  0.0489796
0.604082  0.114286  0.0489796
0.620408  0.114286  0.0489796
0.636735  0.114286  0.0489796
0.653061  0.114286  0.0489796
0.669388  0.114286  0.0489796
0.685714  0.114286  0.0489796
0.702041  0.114286  0.0489796
0.718367  0.114286  0.0489796
0.734694  0.114286  0.0489796
0.75102  0.114286  0.0489796
0.767347  0.114286  0.0489796
0.783673  0.114286  0.0489796
0.8  0.114286  0.0489796
0  0.130612  0.0489796
0.0163265  0.130612  0.0489796
0.0326531  0.130612  0.0489796
0.0489796  0.130612  0.0489796
0.0653061  0.130612  0.0489796
0.0816327  0.130612  0.0489796
0.0979592  0.130612  0.0489796
0.114286  0.130612  0.0489796
0.130612  0.130612  0.0489796
0.146939  0.130612  0.0489796
0.163265  0.130612  0.0489796
0.179592  0.130612  0.0489796
0.195918  0.130612  0.0489796
0.212245  0.130612  0.0489796
0.228571  0.130612  0.0489796
0.244898  0.130612  0.0489796
0.261224  0.130612  0.0489796
0.277551  0.130612  0.0489796
0.293878  0.130612  0.0489796
0.310204  0.130612  0.0489796
0.326531  0.130612  0.0489796
0.342857  0.130612  0.0489796
0.359184  0.130612  0.0489796
0.37551  0.130612  0.0489796
0.391837  0.130612  0.0489796
0.408163  0.130612  0.0489796
0.42449  0.130612  0.0489796
0.440816  0.130612  0.0489796
0.457143  0.130612  0.0489796
0.473469  0.130612  0.0489796
0.489796  0.130612  0.0489796
0.506122  0.130612  0.0489796
0.522449  0.130612  0.0489796
0.538776  0.130612  0.0489796
0.555102  0.130612  0.0489796
0.571429  0.130612  0.0489796
0.587755  0.130612  0.0489796
0.604082  0.130612  0.0489796
0.620408  0.130612  0.0489796
0.636735  0.130612  0.0489796
0.653061  0.130612  0.0489796
0.669388  0.130612  0.0489796
0.685714  0.130612  0.0489796
0.702041  0.130612  0.0489796
0.718367  0.130612  0.0489796
0.734694  0.130612  0.0489796
0.75102  0.130612  0.0489796
0.767347  0.130612  0.0489796
0.783673  0.130612  0.0489796
0.8  0.130612  0.0489796
0  0.146939  0.0489796
0.0163265  0.146939  0.0489796
0.0326531  0.146939  0.0489796
0.0489796  0.146939  0.0489796
0.0653061  0.146939  0.0489796
0.0816327  0.146939  0.0489796
0.0979592  0.146939  0.0489796
0.114286  0.146939  0.0489796
0.130612  0.146939  0.0489796
0.146939  0.146939  0.0489796
0.163265  0.146939  0.0489796
0.179592  0.146939  0.0489796
0.195918  0.146939  0.0489796
0.212245  0.146939  0.0489796
0.228571  0.146939  0.0489796
0.244898  0.146939  0.0489796
0.261224  0.146939  0.0489796
0.277551  0.146939  0.0489796
0.293878  0.146939  0.0489796
0.310204  0.146939  0.0489796
0.326531  0.146939  0.0489796
0.342857  0.146939  0.0489796
0.359184  0.146939  0.0489796
0.37551  0.146939  0.0489796
0.391837  0.146939  0.0489796
0.408163  0.146939  0.0489796
0.42449  0.146939  0.0489796
0.440816  0.146939  0.0489796
0.457143  0.146939  0.0489796
0.473469  0.146939  0.0489796
0.489796  0.146939  0.0489796
0.506122  0.146939  0.0489796
0.522449  0.146939  0.0489796
0.538776  0.146939  0.0489796
0.555102  0.146939  0.0489796
0.571429  0.146939  0.0489796
0.587755  0.146939  0.0489796
0.604082  0.146939  0.0489796
0.620408  0.146939  0.0489796
0.636735  0.146939  0.0489796
0.653061  0.146939  0.0489796
0.669388  0.146939  0.0489796
0.685714  0.146939  0.0489796
0.702041  0.146939  0.0489796
0.718367  0.146939  0.0489796
0.734694  0.146939  0.0489796
0.75102  0.146939  0.0489796
0.767347  0.146939  0.0489796
0.783673  0.146939  0.0489796
0.8  0.146939  0.0489796
0  0.163265  0.0489796
0.0163265  0.163265  0.0489796
0.0326531  0.163265  0.0489796
0.0489796  0.163265  0.0489796
0.0653061  0.163265  0.0489796
0.0816327  0.163265  0.0489796
0.0979592  0.163265  0.0489796
0.114286  0.163265  0.0489796
0.130612  0.163265  0.0489796
0.146939  0.163265  0.0489796
0.163265  0.163265  0.0489796
0.179592  0.163265  0.0489796
0.195918  0.163265  0.0489796
0.212245  0.163265  0.0489796
0.228571  0.163265  0.0489796
0.244898  0.163265  0.0489796
0.261224  0.163265  0.0489796
0.277551  0.163265  0.0489796
0.293878  0.163265  0.0489796
0.310204  0.163265  0.0489796
0.326531  0.163265  0.0489796
0.342857  0.163265  0.0489796
0.359184  0.163265  0.0489796
0.37551  0.163265  0.0489796
0.391837  0.163265  0.0489796
0.408163  0.163265  0.0489796
0.42449  0.163265  0.0489796
0.440816  0.163265  0.0489796
0.457143  0.163265  0.0489796
0.473469  0.163265  0.0489796
0.489796  0.163265  0.0489796
0.506122  0.163265  0.0489796
0.522449  0.163265  0.0489796
0.538776  0.163265  0.0489796
0.555102  0.163265  0.0489796
0.571429  0.163265  0.0489796
0.587755  0.163265  0.0489796
0.604082  0.163265  0.0489796
0.620408  0.163265  0.0489796
0.636735  0.163265  0.0489796
0.653061  0.163265  0.0489796
0.669388  0.163265  0.0489796
0.685714  0.163265  0.0489796
0.702041  0.163265  0.0489796
0.718367  0.163265  0.0489796
0.734694  0.163265  0.0489796
0.75102  0.163265  0.0489796
0.767347  0.163265  0.0489796
0.783673  0.163265  0.0489796
0.8  0.163265  0.0489796
0  0.179592  0.0489796
0.0163265  0.179592  0.0489796
0.0326531  0.179592  0.0489796
0.0489796  0.179592  0.0489796
0.0653061  0.179592  0.0489796
0.0816327  0.179592  0.0489796
0.0979592  0.179592  0.0489796
0.114286  0.179592  0.0489796
0.130612  0.179592  0.0489796
0.146939  0.179592  0.0489796
0.163265  0.179592  0.0489796
0.179592  0.179592  0.0489796
0.195918  0.179592  0.0489796
0.212245  0.179592  0.0489796
0.228571  0.179592  0.0489796
0.244898  0.179592  0.0489796
0.261224  0.179592  0.0489796
0.277551  0.179592  0.0489796
0.293878  0.179592  0.0489796
0.310204  0.179592  0.0489796
0.326531  0.179592  0.0489796
0.342857  0.179592  0.0489796
0.359184  0.179592  0.0489796
0.37551  0.179592  0.0489796
0.391837  0.179592  0.0489796
0.408163  0.179592  0.0489796
0.42449  0.179592  0.0489796
0.440816  0.179592  0.0489796
0.457143  0.179592  0.0489796
0.473469  0.179592  0.0489796
0.489796  0.179592  0.0489796
0.506122  0.179592  0.0489796
0.522449  0.179592  0.0489796
0.538776  0.179592  0.0489796
0.555102  0.179592  0.0489796
0.571429  0.179592  0.0489796
0.587755  0.179592  0.0489796
0.604082  0.179592  0.0489796
0.620408  0.179592  0.0489796
0.636735  0.179592  0.0489796
0.653061  0.179592  0.0489796
0.669388  0.179592  0.0489796
0.685714  0.179592  0.0489796
0.702041  0.179592  0.0489796
0.718367  0.179592  0.0489796
0.734694  0.179592  0.0489796
0.75102  0.179592  0.0489796
0.767347  0.179592  0.0489796
0.783673  0.179592  0.0489796
0.8  0.179592  0.0489796
0  0.195918  0.0489796
0.0163265  0.195918  0.0489796
0.0326531  0.195918  0.0489796
0.0489796  0.195918  0.0489796
0.0653061  0.195918  0.0489796
0.0816327  0.195918  0.0489796
0.0979592  0.195918  0.0489796
0.114286  0.195918  0.0489796
0.130612  0.195918  0.0489796
0.146939  0.195918  0.0489796
0.163265  0.195918  0.0489796
0.179592  0.195918  0.0489796
0.195918  0.195918  0.0489796
0.212245  0.195918  0.0489796
0.228571  0.195918  0.0489796
0.244898  0.195918  0.0489796
0.261224  0.195918  0.0489796
0.277551  0.195918  0.0489796
0.293878  0.195918  0.0489796
0.310204  0.195918  0.0489796
0.326531  0.195918  0.0489796
0.342857  0.195918  0.0489796
0.359184  0.195918  0.0489796
0.37551  0.195918  0.0489796
0.391837  0.195918  0.0489796
0.408163  0.195918  0.0489796
0.42449  0.195918  0.0489796
0.440816  0.195918  0.0489796
0.457143  0.195918  0.0489796
0.473469  0.195918  0.0489796
0.489796  0.195918  0.0489796
0.506122  0.195918  0.0489796
0.522449  0.195918  0.0489796
0.538776  0.195918  0.0489796
0.555102  0.195918  0.0489796
0.571429  0.195918  0.0489796
0.587755  0.195918  0.0489796
0.604082  0.195918  0.0489796
0.620408  0.195918  0.0489796
0.636735  0.195918  0.0489796
0.653061  0.195918  0.0489796
0.669388  0.195918  0.0489796
0.685714  0.195918  0.0489796
0.702041  0.195918  0.0489796
0.718367  0.195918  0.0489796
0.734694  0.195918  0.0489796
0.75102  0.195918  0.0489796
0.767347  0.195918  0.0489796
0.783673  0.195918  0.0489796
0.8  0.195918  0.0489796
0  0.212245  0.0489796
0.0163265  0.212245  0.0489796
0.0326531  0.212245  0.0489796
0.0489796  0.212245  0.0489796
0.0653061  0.212245  0.0489796
0.0816327  0.212245  0.0489796
0.0979592  0.212245  0.0489796
0.114286  0.212245  0.0489796
0.130612  0.212245  0.0489796
0.146939  0.212245  0.0489796
0.163265  0.212245  0.0489796
0.179592  0.212245  0.0489796
0.195918  0.212245  0.0489796
0.212245  0.212245  0.0489796
0.228571  0.212245  0.0489796
0.244898  0.212245  0.0489796
0.261224  0.212245  0.0489796
0.277551  0.212245  0.0489796
0.293878  0.212245  0.0489796
0.310204  0.212245  0.0489796
0.326531  0.212245  0.0489796
0.342857  0.212245  0.0489796
0.359184  0.212245  0.0489796
0.37551  0.212245  0.0489796
0.391837  0.212245  0.0489796
0.408163  0.212245  0.0489796
0.42449  0.212245  0.0489796
0.440816  0.212245  0.0489796
0.457143  0.212245  0.0489796
0.473469  0.212245  0.0489796
0.489796  0.212245  0.0489796
0.506122  0.212245  0.0489796
0.522449  0.212245  0.0489796
0.538776  0.212245  0.0489796
0.555102  0.212245  0.0489796
0.571429  0.212245  0.0489796
0.587755  0.212245  0.0489796
0.604082  0.212245  0.0489796
0.620408  0.212245  0.0489796
0.636735  0.212245  0.0489796
0.653061  0.212245  0.0489796
0.669388  0.212245  0.0489796
0.685714  0.212245  0.0489796
0.702041  0.212245  0.0489796
0.718367  0.212245  0.0489796
0.734694  0.212245  0.0489796
0.75102  0.212245  0.0489796
0.767347  0.212245  0.0489796
0.783673  0.212245  0.0489796
0.8  0.212245  0.0489796
0  0.228571  0.0489796
0.0163265  0.228571  0.0489796
0.0326531  0.228571  0.0489796
0.0489796  0.228571  0.0489796
0.0653061  0.228571  0.0489796
0.0816327  0.228571  0.0489796
0.0979592  0.228571  0.0489796
0.114286  0.228571  0.0489796
0.130612  0.228571  0.0489796
0.146939  0.228571  0.0489796
0.163265  0.228571  0.0489796
0.179592  0.228571  0.0489796
0.195918  0.228571  0.0489796
0.212245  0.228571  0.0489796
0.228571  0.228571  0.0489796
0.244898  0.228571  0.0489796
0.261224  0.228571  0.0489796
0.277551  0.228571  0.0489796
0.293878  0.228571  0.0489796
0.310204  0.228571  0.0489796
0.326531  0.228571  0.0489796
0.342857  0.228571  0.0489796
0.359184  0.228571  0.0489796
0.37551  0.228571  0.0489796
0.391837  0.228571  0.0489796
0.408163  0.228571  0.0489796
0.42449  0.228571  0.0489796
0.440816  0.228571  0.0489796
0.457143  0.228571  0.0489796
0.473469  0.228571  0.0489796
0.489796  0.228571  0.0489796
0.506122  0.228571  0.0489796
0.522449  0.228571  0.0489796
0.538776  0.228571  0.0489796
0.555102  0.228571  0.0489796
0.571429  0.228571  0.0489796
0.587755  0.228571  0.0489796
0.604082  0.228571  0.0489796
0.620408  0.228571  0.0489796
0.636735  0.228571  0.0489796
0.653061  0.228571  0.0489796
0.669388  0.228571  0.0489796
0.685714  0.228571  0.0489796
0.702041  0.228571  0.0489796
0.718367  0.228571  0.0489796
0.734694  0.228571  0.0489796
0.75102  0.228571  0.0489796
0.767347  0.228571  0.0489796
0.783673  0.228571  0.0489796
0.8  0.228571  0.0489796
0  0.244898  0.0489796
0.0163265  0.244898  0.0489796
0.0326531  0.244898  0.0489796
0.0489796  0.244898  0.0489796
0.0653061  0.244898  0.0489796
0.0816327  0.244898  0.0489796
0.0979592  0.244898  0.0489796
0.114286  0.244898  0.0489796
0.130612  0.244898  0.0489796
0.146939  0.244898  0.0489796
0.163265  0.244898  0.0489796
0.179592  0.244898  0.0489796
0.195918  0.244898  0.0489796
0.212245  0.244898  0.0489796
0.228571  0.244898  0.0489796
0.244898  0.244898  0.0489796
0.261224  0.244898  0.0489796
0.277551  0.244898  0.0489796
0.293878  0.244898  0.0489796
0.310204  0.244898  0.0489796
0.326531  0.244898  0.0489796
0.342857  0.244898  0.0489796
0.359184  0.244898  0.0489796
0.37551  0.244898  0.0489796
0.391837  0.244898  0.0489796
0.408163  0.244898  0.0489796
0.42449  0.244898  0.0489796
0.440816  0.244898  0.0489796
0.457143  0.244898  0.0489796
0.473469  0.244898  0.0489796
0.489796  0.244898  0.0489796
0.506122  0.244898  0.0489796
0.522449  0.244898  0.0489796
0.538776  0.244898  0.0489796
0.555102  0.244898  0.0489796
0.571429  0.244898  0.0489796
0.587755  0.244898  0.0489796
0.604082  0.244898  0.0489796
0.620408  0.244898  0.0489796
0.636735  0.244898  0.0489796
0.653061  0.244898  0.0489796
0.669388  0.244898  0.0489796
0.685714  0.244898  0.0489796
0.702041  0.244898  0.0489796
0.718367  0.244898  0.0489796
0.734694  0.244898  0.0489796
0.75102  0.244898  0.0489796
0.767347  0.244898  0.0489796
0.783673  0.244898  0.0489796
0.8  0.244898  0.0489796
0  0.261224  0.0489796
0.0163265  0.261224  0.0489796
0.0326531  0.261224  0.0489796
0.0489796  0.261224  0.0489796
0.0653061  0.261224  0.0489796
0.0816327  0.261224  0.0489796
0.0979592  0.261224  0.0489796
0.114286  0.261224  0.0489796
0.130612  0.261224  0.0489796
0.146939  0.261224  0.0489796
0.163265  0.261224  0.0489796
0.179592  0.261224  0.0489796
0.195918  0.261224  0.0489796
0.212245  0.261224  0.0489796
0.228571  0.261224  0.0489796
0.244898  0.261224  0.0489796
0.261224  0.261224  0.0489796
0.277551  0.261224  0.0489796
0.293878  0.261224  0.0489796
0.310204  0.261224  0.0489796
0.326531  0.261224  0.0489796
0.342857  0.261224  0.0489796
0.359184  0.261224  0.0489796
0.37551  0.261224  0.0489796
0.391837  0.261224  0.0489796
0.408163  0.261224  0.0489796
0.42449  0.261224  0.0489796
0.440816  0.261224  0.0489796
0.457143  0.261224  0.0489796
0.473469  0.261224  0.0489796
0.489796  0.261224  0.0489796
0.506122  0.261224  0.0489796
0.522449  0.261224  0.0489796
0.538776  0.261224  0.0489796
0.555102  0.261224  0.0489796
0.571429  0.261224  0.0489796
0.587755  0.261224  0.0489796
0.604082  0.261224  0.0489796
0.620408  0.261224  0.0489796
0.636735  0.261224  0.0489796
0.653061  0.261224  0.0489796
0.669388  0.261224  0.0489796
0.685714  0.261224  0.0489796
0.702041  0.261224  0.0489796
0.718367  0.261224  0.0489796
0.734694  0.261224  0.0489796
0.75102  0.261224  0.0489796
0.767347  0.261224  0.0489796
0.783673  0.261224  0.0489796
0.8  0.261224  0.0489796
0  0.277551  0.0489796
0.0163265  0.277551  0.0489796
0.0326531  0.277551  0.0489796
0.0489796  0.277551  0.0489796
0.0653061  0.277551  0.0489796
0.0816327  0.277551  0.0489796
0.0979592  0.277551  0.0489796
0.114286  0.277551  0.0489796
0.130612  0.277551  0.0489796
0.146939  0.277551  0.0489796
0.163265  0.277551  0.0489796
0.179592  0.277551  0.0489796
0.195918  0.277551  0.0489796
0.212245  0.277551  0.0489796
0.228571  0.277551  0.0489796
0.244898  0.277551  0.0489796
0.261224  0.277551  0.0489796
0.277551  0.277551  0.0489796
0.293878  0.277551  0.0489796
0.310204  0.277551  0.0489796
0.326531  0.277551  0.0489796
0.342857  0.277551  0.0489796
0.359184  0.277551  0.0489796
0.37551  0.277551  0.0489796
0.391837  0.277551  0.0489796
0.408163  0.277551  0.0489796
0.42449  0.277551  0.0489796
0.440816  0.277551  0.0489796
0.457143  0.277551  0.0489796
0.473469  0.277551  0.0489796
0.489796  0.277551  0.0489796
0.506122  0.277551  0.0489796
0.522449  0.277551  0.0489796
0.538776  0.277551  0.0489796
0.555102  0.277551  0.0489796
0.571429  0.277551  0.0489796
0.587755  0.277551  0.0489796
0.604082  0.277551  0.0489796
0.620408  0.277551  0.0489796
0.636735  0.277551  0.0489796
0.653061  0.277551  0.0489796
0.669388  0.277551  0.0489796
0.685714  0.277551  0.0489796
0.702041  0.277551  0.0489796
0.718367  0.277551  0.0489796
0.734694  0.277551  0.0489796
0.75102  0.277551  0.0489796
0.767347  0.277551  0.0489796
0.783673  0.277551  0.0489796
0.8  0.277551  0.0489796
0  0.293878  0.0489796
0.0163265  0.293878  0.0489796
0.0326531  0.293878  0.0489796
0.0489796  0.293878  0.0489796
0.0653061  0.293878  0.0489796
0.0816327  0.293878  0.0489796
0.0979592  0.293878  0.0489796
0.114286  0.293878  0.0489796
0.130612  0.293878  0.0489796
0.146939  0.293878  0.0489796
0.163265  0.293878  0.0489796
0.179592  0.293878  0.0489796
0.195918  0.293878  0.0489796
0.212245  0.293878  0.0489796
0.228571  0.293878  0.0489796
0.244898  0.293878  0.0489796
0.261224  0.293878  0.0489796
0.277551  0.293878  0.0489796
0.293878  0.293878  0.0489796
0.310204  0.293878  0.0489796
0.326531  0.293878  0.0489796
0.342857  0.293878  0.0489796
0.359184  0.293878  0.0489796
0.37551  0.293878  0.0489796
0.391837  0.293878  0.0489796
0.408163  0.293878  0.0489796
0.42449  0.293878  0.0489796
0.440816  0.293878  0.0489796
0.457143  0.293878  0.0489796
0.473469  0.293878  0.0489796
0.489796  0.293878  0.0489796
0.506122  0.293878  0.0489796
0.522449  0.293878  0.0489796
0.538776  0.293878  0.0489796
0.555102  0.293878  0.0489796
0.571429  0.293878  0.0489796
0.587755  0.293878  0.0489796
0.604082  0.293878  0.0489796
0.620408  0.293878  0.0489796
0.636735  0.293878  0.0489796
0.653061  0.293878  0.0489796
0.669388  0.293878  0.0489796
0.685714  0.293878  0.0489796
0.702041  0.293878  0.0489796
0.718367  0.293878  0.0489796
0.734694  0.293878  0.0489796
0.75102  0.293878  0.0489796
0.767347  0.293878  0.0489796
0.783673  0.293878  0.0489796
0.8  0.293878  0.0489796
0  0.310204  0.0489796
0.0163265  0.310204  0.0489796
0.0326531  0.310204  0.0489796
0.0489796  0.310204  0.0489796
0.0653061  0.310204  0.0489796
0.0816327  0.310204  0.0489796
0.0979592  0.310204  0.0489796
0.114286  0.310204  0.0489796
0.130612  0.310204  0.0489796
0.146939  0.310204  0.0489796
0.163265  0.310204  0.0489796
0.179592  0.310204  0.0489796
0.195918  0.310204  0.0489796
0.212245  0.310204  0.0489796
0.228571  0.310204  0.0489796
0.244898  0.310204  0.0489796
0.261224  0.310204  0.0489796
0.277551  0.310204  0.0489796
0.293878  0.310204  0.0489796
0.310204  0.310204  0.0489796
0.326531  0.310204  0.0489796
0.342857  0.310204  0.0489796
0.359184  0.310204  0.0489796
0.37551  0.310204  0.0489796
0.391837  0.310204  0.0489796
0.408163  0.310204  0.0489796
0.42449  0.310204  0.0489796
0.440816  0.310204  0.0489796
0.457143  0.310204  0.0489796
0.473469  0.310204  0.0489796
0.489796  0.310204  0.0489796
0.506122  0.310204  0.0489796
0.522449  0.310204  0.0489796
0.538776  0.310204  0.0489796
0.555102  0.310204  0.0489796
0.571429  0.310204  0.0489796
0.587755  0.310204  0.0489796
0.604082  0.310204  0.0489796
0.620408  0.310204  0.0489796
0.636735  0.310204  0.0489796
0.653061  0.310204  0.0489796
0.669388  0.310204  0.0489796
0.685714  0.310204  0.0489796
0.702041  0.310204  0.0489796
0.718367  0.310204  0.0489796
0.734694  0.310204  0.0489796
0.75102  0.310204  0.0489796
0.767347  0.310204  0.0489796
0.783673  0.310204  0.0489796
0.8  0.310204  0.0489796
0  0.326531  0.0489796
0.0163265  0.326531  0.0489796
0.0326531  0.326531  0.0489796
0.0489796  0.326531  0.0489796
0.0653061  0.326531  0.0489796
0.0816327  0.326531  0.0489796
0.0979592  0.326531  0.0489796
0.114286  0.326531  0.0489796
0.130612  0.326531  0.0489796
0.146939  0.326531  0.0489796
0.163265  0.326531  0.0489796
0.179592  0.326531  0.0489796
0.195918  0.326531  0.0489796
0.212245  0.326531  0.0489796
0.228571  0.326531  0.0489796
0.244898  0.326531  0.0489796
0.261224  0.326531  0.0489796
0.277551  0.326531  0.0489796
0.293878  0.326531  0.0489796
0.310204  0.326531  0.0489796
0.326531  0.326531  0.0489796
0.342857  0.326531  0.0489796
0.359184  0.326531  0.0489796
0.37551  0.326531  0.0489796
0.391837  0.326531  0.0489796
0.408163  0.326531  0.0489796
0.42449  0.326531  0.0489796
0.440816  0.326531  0.0489796
0.457143  0.326531  0.0489796
0.473469  0.326531  0.0489796
0.489796  0.326531  0.0489796
0.506122  0.326531  0.0489796
0.522449  0.326531  0.0489796
0.538776  0.326531  0.0489796
0.555102  0.326531  0.0489796
0.571429  0.326531  0.0489796
0.587755  0.326531  0.0489796
0.604082  0.326531  0.0489796
0.620408  0.326531  0.0489796
0.636735  0.326531  0.0489796
0.653061  0.326531  0.0489796
0.669388  0.326531  0.0489796
0.685714  0.326531  0.0489796
0.702041  0.326531  0.0489796
0.718367  0.326531  0.0489796
0.734694  0.326531  0.0489796
0.75102  0.326531  0.0489796
0.767347  0.326531  0.0489796
0.783673  0.326531  0.0489796
0.8  0.326531  0.0489796
0  0.342857  0.0489796
0.0163265  0.342857  0.0489796
0.0326531  0.342857  0.0489796
0.0489796  0.342857  0.0489796
0.0653061  0.342857  0.0489796
0.0816327  0.342857  0.0489796
0.0979592  0.342857  0.0489796
0.114286  0.342857  0.0489796
0.130612  0.342857  0.0489796
0.146939  0.342857  0.0489796
0.163265  0.342857  0.0489796
0.179592  0.342857  0.0489796
0.195918  0.342857  0.0489796
0.212245  0.342857  0.0489796
0.228571  0.342857  0.0489796
0.244898  0.342857  0.0489796
0.261224  0.342857  0.0489796
0.277551  0.342857  0.0489796
0.293878  0.342857  0.0489796
0.310204  0.342857  0.0489796
0.326531  0.342857  0.0489796
0.342857  0.342857  0.0489796
0.359184  0.342857  0.0489796
0.37551  0.342857  0.0489796
0.391837  0.342857  0.0489796
0.408163  0.342857  0.0489796
0.42449  0.342857  0.0489796
0.440816  0.342857  0.0489796
0.457143  0.342857  0.0489796
0.473469  0.342857  0.0489796
0.489796  0.342857  0.0489796
0.506122  0.342857  0.0489796
0.522449  0.342857  0.0489796
0.538776  0.342857  0.0489796
0.555102  0.342857  0.0489796
0.571429  0.342857  0.0489796
0.587755  0.342857  0.0489796
0.604082  0.342857  0.0489796
0.620408  0.342857  0.0489796
0.636735  0.342857  0.0489796
0.653061  0.342857  0.0489796
0.669388  0.342857  0.0489796
0.685714  0.342857  0.0489796
0.702041  0.342857  0.0489796
0.718367  0.342857  0.0489796
0.734694  0.342857  0.0489796
0.75102  0.342857  0.0489796
0.767347  0.342857  0.0489796
0.783673  0.342857  0.0489796
0.8  0.342857  0.0489796
0  0.359184  0.0489796
0.0163265  0.359184  0.0489796
0.0326531  0.359184  0.0489796
0.0489796  0.359184  0.0489796
0.0653061  0.359184  0.0489796
0.0816327  0.359184  0.0489796
0.0979592  0.359184  0.0489796
0.114286  0.359184  0.0489796
0.130612  0.359184  0.0489796
0.146939  0.359184  0.0489796
0.163265  0.359184  0.0489796
0.179592  0.359184  0.0489796
0.195918  0.359184  0.0489796
0.212245  0.359184  0.0489796
0.228571  0.359184  0.0489796
0.244898  0.359184  0.0489796
0.261224  0.359184  0.0489796
0.277551  0.359184  0.0489796
0.293878  0.359184  0.0489796
0.310204  0.359184  0.0489796
0.326531  0.359184  0.0489796
0.342857  0.359184  0.0489796
0.359184  0.359184  0.0489796
0.37551  0.359184  0.0489796
0.391837  0.359184  0.0489796
0.408163  0.359184  0.0489796
0.42449  0.359184  0.0489796
0.440816  0.359184  0.0489796
0.457143  0.359184  0.0489796
0.473469  0.359184  0.0489796
0.489796  0.359184  0.0489796
0.506122  0.359184  0.0489796
0.522449  0.359184  0.0489796
0.538776  0.359184  0.0489796
0.555102  0.359184  0.0489796
0.571429  0.359184  0.0489796
0.587755  0.359184  0.0489796
0.604082  0.359184  0.0489796
0.620408  0.359184  0.0489796
0.636735  0.359184  0.0489796
0.653061  0.359184  0.0489796
0.669388  0.359184  0.0489796
0.685714  0.359184  0.0489796
0.702041  0.359184  0.0489796
0.718367  0.359184  0.0489796
0.734694  0.359184  0.0489796
0.75102  0.359184  0.0489796
0.767347  0.359184  0.0489796
0.783673  0.359184  0.0489796
0.8  0.359184  0.0489796
0  0.37551  0.0489796
0.0163265  0.37551  0.0489796
0.0326531  0.37551  0.0489796
0.0489796  0.37551  0.0489796
0.0653061  0.37551  0.0489796
0.0816327  0.37551  0.0489796
0.0979592  0.37551  0.0489796
0.114286  0.37551  0.0489796
0.130612  0.37551  0.0489796
0.146939  0.37551  0.0489796
0.163265  0.37551  0.0489796
0.179592  0.37551  0.0489796
0.195918  0.37551  0.0489796
0.212245  0.37551  0.0489796
0.228571  0.37551  0.0489796
0.244898  0.37551  0.0489796
0.261224  0.37551  0.0489796
0.277551  0.37551  0.0489796
0.293878  0.37551  0.0489796
0.310204  0.37551  0.0489796
0.326531  0.37551  0.0489796
0.342857  0.37551  0.0489796
0.359184  0.37551  0.0489796
0.37551  0.37551  0.0489796
0.391837  0.37551  0.0489796
0.408163  0.37551  0.0489796
0.42449  0.37551  0.0489796
0.440816  0.37551  0.0489796
0.457143  0.37551  0.0489796
0.473469  0.37551  0.0489796
0.489796  0.37551  0.0489796
0.506122  0.37551  0.0489796
0.522449  0.37551  0.0489796
0.538776  0.37551  0.0489796
0.555102  0.37551  0.0489796
0.571429  0.37551  0.0489796
0.587755  0.37551  0.0489796
0.604082  0.37551  0.0489796
0.620408  0.37551  0.0489796
0.636735  0.37551  0.0489796
0.653061  0.37551  0.0489796
0.669388  0.37551  0.0489796
0.685714  0.37551  0.0489796
0.702041  0.37551  0.0489796
0.718367  0.37551  0.0489796
0.734694  0.37551  0.0489796
0.75102  0.37551  0.0489796
0.767347  0.37551  0.0489796
0.783673  0.37551  0.0489796
0.8  0.37551  0.0489796
0  0.391837  0.0489796
0.0163265  0.391837  0.0489796
0.0326531  0.391837  0.0489796
0.0489796  0.391837  0.0489796
0.0653061  0.391837  0.0489796
0.0816327  0.391837  0.0489796
0.0979592  0.391837  0.0489796
0.114286  0.391837  0.0489796
0.130612  0.391837  0.0489796
0.146939  0.391837  0.0489796
0.163265  0.391837  0.0489796
0.179592  0.391837  0.0489796
0.195918  0.391837  0.0489796
0.212245  0.391837  0.0489796
0.228571  0.391837  0.0489796
0.244898  0.391837  0.0489796
0.261224  0.391837  0.0489796
0.277551  0.391837  0.0489796
0.293878  0.391837  0.0489796
0.310204  0.391837  0.0489796
0.326531  0.391837  0.0489796
0.342857  0.391837  0.0489796
0.359184  0.391837  0.0489796
0.37551  0.391837  0.0489796
0.391837  0.391837  0.0489796
0.408163  0.391837  0.0489796
0.42449  0.391837  0.0489796
0.440816  0.391837  0.0489796
0.457143  0.391837  0.0489796
0.473469  0.391837  0.0489796
0.489796  0.391837  0.0489796
0.506122  0.391837  0.0489796
0.522449  0.391837  0.0489796
0.538776  0.391837  0.0489796
0.555102  0.391837  0.0489796
0.571429  0.391837  0.0489796
0.587755  0.391837  0.0489796
0.604082  0.391837  0.0489796
0.620408  0.391837  0.0489796
0.636735  0.391837  0.0489796
0.653061  0.391837  0.0489796
0.669388  0.391837  0.0489796
0.685714  0.391837  0.0489796
0.702041  0.391837  0.0489796
0.718367  0.391837  0.0489796
0.734694  0.391837  0.0489796
0.75102  0.391837  0.0489796
0.767347  0.391837  0.0489796
0.783673  0.391837  0.0489796
0.8  0.391837  0.0489796
0  0.408163  0.0489796
0.0163265  0.408163  0.0489796
0.0326531  0.408163  0.0489796
0.0489796  0.408163  0.0489796
0.0653061  0.408163  0.0489796
0.0816327  0.408163  0.0489796
0.0979592  0.408163  0.0489796
0.114286  0.408163  0.0489796
0.130612  0.408163  0.0489796
0.146939  0.408163  0.0489796
0.163265  0.408163  0.0489796
0.179592  0.408163  0.0489796
0.195918  0.408163  0.0489796
0.212245  0.408163  0.0489796
0.228571  0.408163  0.0489796
0.244898  0.408163  0.0489796
0.261224  0.408163  0.0489796
0.277551  0.408163  0.0489796
0.293878  0.408163  0.0489796
0.310204  0.408163  0.0489796
0.326531  0.408163  0.0489796
0.342857  0.408163  0.0489796
0.359184  0.408163  0.0489796
0.37551  0.408163  0.0489796
0.391837  0.408163  0.0489796
0.408163  0.408163  0.0489796
0.42449  0.408163  0.0489796
0.440816  0.408163  0.0489796
0.457143  0.408163  0.0489796
0.473469  0.408163  0.0489796
0.489796  0.408163  0.0489796
0.506122  0.408163  0.0489796
0.522449  0.408163  0.0489796
0.538776  0.408163  0.0489796
0.555102  0.408163  0.0489796
0.571429  0.408163  0.0489796
0.587755  0.408163  0.0489796
0.604082  0.408163  0.0489796
0.620408  0.408163  0.0489796
0.636735  0.408163  0.0489796
0.653061  0.408163  0.0489796
0.669388  0.408163  0.0489796
0.685714  0.408163  0.0489796
0.702041  0.408163  0.0489796
0.718367  0.408163  0.0489796
0.734694  0.408163  0.0489796
0.75102  0.408163  0.0489796
0.767347  0.408163  0.0489796
0.783673  0.408163  0.0489796
0.8  0.408163  0.0489796
0  0.42449  0.0489796
0.0163265  0.42449  0.0489796
0.0326531  0.42449  0.0489796
0.0489796  0.42449  0.0489796
0.0653061  0.42449  0.0489796
0.0816327  0.42449  0.0489796
0.0979592  0.42449  0.0489796
0.114286  0.42449  0.0489796
0.130612  0.42449  0.0489796
0.146939  0.42449  0.0489796
0.163265  0.42449  0.0489796
0.179592  0.42449  0.0489796
0.195918  0.42449  0.0489796
0.212245  0.42449  0.0489796
0.228571  0.42449  0.0489796
0.244898  0.42449  0.0489796
0.261224  0.42449  0.0489796
0.277551  0.42449  0.0489796
0.293878  0.42449  0.0489796
0.310204  0.42449  0.0489796
0.326531  0.42449  0.0489796
0.342857  0.42449  0.0489796
0.359184  0.42449  0.0489796
0.37551  0.42449  0.0489796
0.391837  0.42449  0.0489796
0.408163  0.42449  0.0489796
0.42449  0.42449  0.0489796
0.440816  0.42449  0.0489796
0.457143  0.42449  0.0489796
0.473469  0.42449  0.0489796
0.489796  0.42449  0.0489796
0.506122  0.42449  0.0489796
0.522449  0.42449  0.0489796
0.538776  0.42449  0.0489796
0.555102  0.42449  0.0489796
0.571429  0.42449  0.0489796
0.587755  0.42449  0.0489796
0.604082  0.42449  0.0489796
0.620408  0.42449  0.0489796
0.636735  0.42449  0.0489796
0.653061  0.42449  0.0489796
0.669388  0.42449  0.0489796
0.685714  0.42449  0.0489796
0.702041  0.42449  0.0489796
0.718367  0.42449  0.0489796
0.734694  0.42449  0.0489796
0.75102  0.42449  0.0489796
0.767347  0.42449  0.0489796
0.783673  0.42449  0.0489796
0.8  0.42449  0.0489796
0  0.440816  0.0489796
0.0163265  0.440816  0.0489796
0.0326531  0.440816  0.0489796
0.0489796  0.440816  0.0489796
0.0653061  0.440816  0.0489796
0.0816327  0.440816  0.0489796
0.0979592  0.440816  0.0489796
0.114286  0.440816  0.0489796
0.130612  0.440816  0.0489796
0.146939  0.440816  0.0489796
0.163265  0.440816  0.0489796
0.179592  0.440816  0.0489796
0.195918  0.440816  0.0489796
0.212245  0.440816  0.0489796
0.228571  0.440816  0.0489796
0.244898  0.440816  0.0489796
0.261224  0.440816  0.0489796
0.277551  0.440816  0.0489796
0.293878  0.440816  0.0489796
0.310204  0.440816  0.0489796
0.326531  0.440816  0.0489796
0.342857  0.440816  0.0489796
0.359184  0.440816  0.0489796
0.37551  0.440816  0.0489796
0.391837  0.440816  0.0489796
0.408163  0.440816  0.0489796
0.42449  0.440816  0.0489796
0.440816  0.440816  0.0489796
0.457143  0.440816  0.0489796
0.473469  0.440816  0.0489796
0.489796  0.440816  0.0489796
0.506122  0.440816  0.0489796
0.522449  0.440816  0.0489796
0.538776  0.440816  0.0489796
0.555102  0.440816  0.0489796
0.571429  0.440816  0.0489796
0.587755  0.440816  0.0489796
0.604082  0.440816  0.0489796
0.620408  0.440816  0.0489796
0.636735  0.440816  0.0489796
0.653061  0.440816  0.0489796
0.669388  0.440816  0.0489796
0.685714  0.440816  0.0489796
0.702041  0.440816  0.0489796
0.718367  0.440816  0.0489796
0.734694  0.440816  0.0489796
0.75102  0.440816  0.0489796
0.767347  0.440816  0.0489796
0.783673  0.440816  0.0489796
0.8  0.440816  0.0489796
0  0.457143  0.0489796
0.0163265  0.457143  0.0489796
0.0326531  0.457143  0.0489796
0.0489796  0.457143  0.0489796
0.0653061  0.457143  0.0489796
0.0816327  0.457143  0.0489796
0.0979592  0.457143  0.0489796
0.114286  0.457143  0.0489796
0.130612  0.457143  0.0489796
0.146939  0.457143  0.0489796
0.163265  0.457143  0.0489796
0.179592  0.457143  0.0489796
0.195918  0.457143  0.0489796
0.212245  0.457143  0.0489796
0.228571  0.457143  0.0489796
0.244898  0.457143  0.0489796
0.261224  0.457143  0.0489796
0.277551  0.457143  0.0489796
0.293878  0.457143  0.0489796
0.310204  0.457143  0.0489796
0.326531  0.457143  0.0489796
0.342857  0.457143  0.0489796
0.359184  0.457143  0.0489796
0.37551  0.457143  0.0489796
0.391837  0.457143  0.0489796
0.408163  0.457143  0.0489796
0.42449  0.457143  0.0489796
0.440816  0.457143  0.0489796
0.457143  0.457143  0.0489796
0.473469  0.457143  0.0489796
0.489796  0.457143  0.0489796
0.506122  0.457143  0.0489796
0.522449  0.457143  0.0489796
0.538776  0.457143  0.0489796
0.555102  0.457143  0.0489796
0.571429  0.457143  0.0489796
0.587755  0.457143  0.0489796
0.604082  0.457143  0.0489796
0.620408  0.457143  0.0489796
0.636735  0.457143  0.0489796
0.653061  0.457143  0.0489796
0.669388  0.457143  0.0489796
0.685714  0.457143  0.0489796
0.702041  0.457143  0.0489796
0.718367  0.457143  0.0489796
0.734694  0.457143  0.0489796
0.75102  0.457143  0.0489796
0.767347  0.457143  0.0489796
0.783673  0.457143  0.0489796
0.8  0.457143  0.0489796
0  0.473469  0.0489796
0.0163265  0.473469  0.0489796
0.0326531  0.473469  0.0489796
0.0489796  0.473469  0.0489796
0.0653061  0.473469  0.0489796
0.0816327  0.473469  0.0489796
0.0979592  0.473469  0.0489796
0.114286  0.473469  0.0489796
0.130612  0.473469  0.0489796
0.146939  0.473469  0.0489796
0.163265  0.473469  0.0489796
0.179592  0.473469  0.0489796
0.195918  0.473469  0.0489796
0.212245  0.473469  0.0489796
0.228571  0.473469  0.0489796
0.244898  0.473469  0.0489796
0.261224  0.473469  0.0489796
0.277551  0.473469  0.0489796
0.293878  0.473469  0.0489796
0.310204  0.473469  0.0489796
0.326531  0.473469  0.0489796
0.342857  0.473469  0.0489796
0.359184  0.473469  0.0489796
0.37551  0.473469  0.0489796
0.391837  0.473469  0.0489796
0.408163  0.473469  0.0489796
0.42449  0.473469  0.0489796
0.440816  0.473469  0.0489796
0.457143  0.473469  0.0489796
0.473469  0.473469  0.0489796
0.489796  0.473469  0.0489796
0.506122  0.473469  0.0489796
0.522449  0.473469  0.0489796
0.538776  0.473469  0.0489796
0.555102  0.473469  0.0489796
0.571429  0.473469  0.0489796
0.587755  0.473469  0.0489796
0.604082  0.473469  0.0489796
0.620408  0.473469  0.0489796
0.636735  0.473469  0.0489796
0.653061  0.473469  0.0489796
0.669388  0.473469  0.0489796
0.685714  0.473469  0.0489796
0.702041  0.473469  0.0489796
0.718367  0.473469  0.0489796
0.734694  0.473469  0.0489796
0.75102  0.473469  0.0489796
0.767347  0.473469  0.0489796
0.783673  0.473469  0.0489796
0.8  0.473469  0.0489796
0  0.489796  0.0489796
0.0163265  0.489796  0.0489796
0.0326531  0.489796  0.0489796
0.0489796  0.489796  0.0489796
0.0653061  0.489796  0.0489796
0.0816327  0.489796  0.0489796
0.0979592  0.489796  0.0489796
0.114286  0.489796  0.0489796
0.130612  0.489796  0.0489796
0.146939  0.489796  0.0489796
0.163265  0.489796  0.0489796
0.179592  0.489796  0.0489796
0.195918  0.489796  0.0489796
0.212245  0.489796  0.0489796
0.228571  0.489796  0.0489796
0.244898  0.489796  0.0489796
0.261224  0.489796  0.0489796
0.277551  0.489796  0.0489796
0.293878  0.489796  0.0489796
0.310204  0.489796  0.0489796
0.326531  0.489796  0.0489796
0.342857  0.489796  0.0489796
0.359184  0.489796  0.0489796
0.37551  0.489796  0.0489796
0.391837  0.489796  0.0489796
0.408163  0.489796  0.0489796
0.42449  0.489796  0.0489796
0.440816  0.489796  0.0489796
0.457143  0.489796  0.0489796
0.473469  0.489796  0.0489796
0.489796  0.489796  0.0489796
0.506122  0.489796  0.0489796
0.522449  0.489796  0.0489796
0.538776  0.489796  0.0489796
0.555102  0.489796  0.0489796
0.571429  0.489796  0.0489796
0.587755  0.489796  0.0489796
0.604082  0.489796  0.0489796
0.620408  0.489796  0.0489796
0.636735  0.489796  0.0489796
0.653061  0.489796  0.0489796
0.669388  0.489796  0.0489796
0.685714  0.489796  0.0489796
0.702041  0.489796  0.0489796
0.718367  0.489796  0.0489796
0.734694  0.489796  0.0489796
0.75102  0.489796  0.0489796
0.767347  0.489796  0.0489796
0.783673  0.489796  0.0489796
0.8  0.489796  0.0489796
0  0.506122  0.0489796
0.0163265  0.506122  0.0489796
0.0326531  0.506122  0.0489796
0.0489796  0.506122  0.0489796
0.0653061  0.506122  0.0489796
0.0816327  0.506122  0.0489796
0.0979592  0.506122  0.0489796
0.114286  0.506122  0.0489796
0.130612  0.506122  0.0489796
0.146939  0.506122  0.0489796
0.163265  0.506122  0.0489796
0.179592  0.506122  0.0489796
0.195918  0.506122  0.0489796
0.212245  0.506122  0.0489796
0.228571  0.506122  0.0489796
0.244898  0.506122  0.0489796
0.261224  0.506122  0.0489796
0.277551  0.506122  0.0489796
0.293878  0.506122  0.0489796
0.310204  0.506122  0.0489796
0.326531  0.506122  0.0489796
0.342857  0.506122  0.0489796
0.359184  0.506122  0.0489796
0.37551  0.506122  0.0489796
0.391837  0.506122  0.0489796
0.408163  0.506122  0.0489796
0.42449  0.506122  0.0489796
0.440816  0.506122  0.0489796
0.457143  0.506122  0.0489796
0.473469  0.506122  0.0489796
0.489796  0.506122  0.0489796
0.506122  0.506122  0.0489796
0.522449  0.506122  0.0489796
0.538776  0.506122  0.0489796
0.555102  0.506122  0.0489796
0.571429  0.506122  0.0489796
0.587755  0.506122  0.0489796
0.604082  0.506122  0.0489796
0.620408  0.506122  0.0489796
0.636735  0.506122  0.0489796
0.653061  0.506122  0.0489796
0.669388  0.506122  0.0489796
0.685714  0.506122  0.0489796
0.702041  0.506122  0.0489796
0.718367  0.506122  0.0489796
0.734694  0.506122  0.0489796
0.75102  0.506122  0.0489796
0.767347  0.506122  0.0489796
0.783673  0.506122  0.0489796
0.8  0.506122  0.0489796
0  0.522449  0.0489796
0.0163265  0.522449  0.0489796
0.0326531  0.522449  0.0489796
0.0489796  0.522449  0.0489796
0.0653061  0.522449  0.0489796
0.0816327  0.522449  0.0489796
0.0979592  0.522449  0.0489796
0.114286  0.522449  0.0489796
0.130612  0.522449  0.0489796
0.146939  0.522449  0.0489796
0.163265  0.522449  0.0489796
0.179592  0.522449  0.0489796
0.195918  0.522449  0.0489796
0.212245  0.522449  0.0489796
0.228571  0.522449  0.0489796
0.244898  0.522449  0.0489796
0.261224  0.522449  0.0489796
0.277551  0.522449  0.0489796
0.293878  0.522449  0.0489796
0.310204  0.522449  0.0489796
0.326531  0.522449  0.0489796
0.342857  0.522449  0.0489796
0.359184  0.522449  0.0489796
0.37551  0.522449  0.0489796
0.391837  0.522449  0.0489796
0.408163  0.522449  0.0489796
0.42449  0.522449  0.0489796
0.440816  0.522449  0.0489796
0.457143  0.522449  0.0489796
0.473469  0.522449  0.0489796
0.489796  0.522449  0.0489796
0.506122  0.522449  0.0489796
0.522449  0.522449  0.0489796
0.538776  0.522449  0.0489796
0.555102  0.522449  0.0489796
0.571429  0.522449  0.0489796
0.587755  0.522449  0.0489796
0.604082  0.522449  0.0489796
0.620408  0.522449  0.0489796
0.636735  0.522449  0.0489796
0.653061  0.522449  0.0489796
0.669388  0.522449  0.0489796
0.685714  0.522449  0.0489796
0.702041  0.522449  0.0489796
0.718367  0.522449  0.0489796
0.734694  0.522449  0.0489796
0.75102  0.522449  0.0489796
0.767347  0.522449  0.0489796
0.783673  0.522449  0.0489796
0.8  0.522449  0.0489796
0  0.538776  0.0489796
0.0163265  0.538776  0.0489796
0.0326531  0.538776  0.0489796
0.0489796  0.538776  0.0489796
0.0653061  0.538776  0.0489796
0.0816327  0.538776  0.0489796
0.0979592  0.538776  0.0489796
0.114286  0.538776  0.0489796
0.130612  0.538776  0.0489796
0.146939  0.538776  0.0489796
0.163265  0.538776  0.0489796
0.179592  0.538776  0.0489796
0.195918  0.538776  0.0489796
0.212245  0.538776  0.0489796
0.228571  0.538776  0.0489796
0.244898  0.538776  0.0489796
0.261224  0.538776  0.0489796
0.277551  0.538776  0.0489796
0.293878  0.538776  0.0489796
0.310204  0.538776  0.0489796
0.326531  0.538776  0.0489796
0.342857  0.538776  0.0489796
0.359184  0.538776  0.0489796
0.37551  0.538776  0.0489796
0.391837  0.538776  0.0489796
0.408163  0.538776  0.0489796
0.42449  0.538776  0.0489796
0.440816  0.538776  0.0489796
0.457143  0.538776  0.0489796
0.473469  0.538776  0.0489796
0.489796  0.538776  0.0489796
0.506122  0.538776  0.0489796
0.522449  0.538776  0.0489796
0.538776  0.538776  0.0489796
0.555102  0.538776  0.0489796
0.571429  0.538776  0.0489796
0.587755  0.538776  0.0489796
0.604082  0.538776  0.0489796
0.620408  0.538776  0.0489796
0.636735  0.538776  0.0489796
0.653061  0.538776  0.0489796
0.669388  0.538776  0.0489796
0.685714  0.538776  0.0489796
0.702041  0.538776  0.0489796
0.718367  0.538776  0.0489796
0.734694  0.538776  0.0489796
0.75102  0.538776  0.0489796
0.767347  0.538776  0.0489796
0.783673  0.538776  0.0489796
0.8  0.538776  0.0489796
0  0.555102  0.0489796
0.0163265  0.555102  0.0489796
0.0326531  0.555102  0.0489796
0.0489796  0.555102  0.0489796
0.0653061  0.555102  0.0489796
0.0816327  0.555102  0.0489796
0.0979592  0.555102  0.0489796
0.114286  0.555102  0.0489796
0.130612  0.555102  0.0489796
0.146939  0.555102  0.0489796
0.163265  0.555102  0.0489796
0.179592  0.555102  0.0489796
0.195918  0.555102  0.0489796
0.212245  0.555102  0.0489796
0.228571  0.555102  0.0489796
0.244898  0.555102  0.0489796
0.261224  0.555102  0.0489796
0.277551  0.555102  0.0489796
0.293878  0.555102  0.0489796
0.310204  0.555102  0.0489796
0.326531  0.555102  0.0489796
0.342857  0.555102  0.0489796
0.359184  0.555102  0.0489796
0.37551  0.555102  0.0489796
0.391837  0.555102  0.0489796
0.408163  0.555102  0.0489796
0.42449  0.555102  0.0489796
0.440816  0.555102  0.0489796
0.457143  0.555102  0.0489796
0.473469  0.555102  0.0489796
0.489796  0.555102  0.0489796
0.506122  0.555102  0.0489796
0.522449  0.555102  0.0489796
0.538776  0.555102  0.0489796
0.555102  0.555102  0.0489796
0.571429  0.555102  0.0489796
0.587755  0.555102  0.0489796
0.604082  0.555102  0.0489796
0.620408  0.555102  0.0489796
0.636735  0.555102  0.0489796
0.653061  0.555102  0.0489796
0.669388  0.555102  0.0489796
0.685714  0.555102  0.0489796
0.702041  0.555102  0.0489796
0.718367  0.555102  0.0489796
0.734694  0.555102  0.0489796
0.75102  0.555102  0.0489796
0.767347  0.555102  0.0489796
0.783673  0.555102  0.0489796
0.8  0.555102  0.0489796
0  0.571429  0.0489796
0.0163265  0.571429  0.0489796
0.0326531  0.571429  0.0489796
0.0489796  0.571429  0.0489796
0.0653061  0.571429  0.0489796
0.0816327  0.571429  0.0489796
0.0979592  0.571429  0.0489796
0.114286  0.571429  0.0489796
0.130612  0.571429  0.0489796
0.146939  0.571429  0.0489796
0.163265  0.571429  0.0489796
0.179592  0.571429  0.0489796
0.195918  0.571429  0.0489796
0.212245  0.571429  0.0489796
0.228571  0.571429  0.0489796
0.244898  0.571429  0.0489796
0.261224  0.571429  0.0489796
0.277551  0.571429  0.0489796
0.293878  0.571429  0.0489796
0.310204  0.571429  0.0489796
0.326531  0.571429  0.0489796
0.342857  0.571429  0.0489796
0.359184  0.571429  0.0489796
0.37551  0.571429  0.0489796
0.391837  0.571429  0.0489796
0.408163  0.571429  0.0489796
0.42449  0.571429  0.0489796
0.440816  0.571429  0.0489796
0.457143  0.571429  0.0489796
0.473469  0.571429  0.0489796
0.489796  0.571429  0.0489796
0.506122  0.571429  0.0489796
0.522449  0.571429  0.0489796
0.538776  0.571429  0.0489796
0.555102  0.571429  0.0489796
0.571429  0.571429  0.0489796
0.587755  0.571429  0.0489796
0.604082  0.571429  0.0489796
0.620408  0.571429  0.0489796
0.636735  0.571429  0.0489796
0.653061  0.571429  0.0489796
0.669388  0.571429  0.0489796
0.685714  0.571429  0.0489796
0.702041  0.571429  0.0489796
0.718367  0.571429  0.0489796
0.734694  0.571429  0.0489796
0.75102  0.571429  0.0489796
0.767347  0.571429  0.0489796
0.783673  0.571429  0.0489796
0.8  0.571429  0.0489796
0  0.587755  0.0489796
0.0163265  0.587755  0.0489796
0.0326531  0.587755  0.0489796
0.0489796  0.587755  0.0489796
0.0653061  0.587755  0.0489796
0.0816327  0.587755  0.0489796
0.0979592  0.587755  0.0489796
0.114286  0.587755  0.0489796
0.130612  0.587755  0.0489796
0.146939  0.587755  0.0489796
0.163265  0.587755  0.0489796
0.179592  0.587755  0.0489796
0.195918  0.587755  0.0489796
0.212245  0.587755  0.0489796
0.228571  0.587755  0.0489796
0.244898  0.587755  0.0489796
0.261224  0.587755  0.0489796
0.277551  0.587755  0.0489796
0.293878  0.587755  0.0489796
0.310204  0.587755  0.0489796
0.326531  0.587755  0.0489796
0.342857  0.587755  0.0489796
0.359184  0.587755  0.0489796
0.37551  0.587755  0.0489796
0.391837  0.587755  0.0489796
0.408163  0.587755  0.0489796
0.42449  0.587755  0.0489796
0.440816  0.587755  0.0489796
0.457143  0.587755  0.0489796
0.473469  0.587755  0.0489796
0.489796  0.587755  0.0489796
0.506122  0.587755  0.0489796
0.522449  0.587755  0.0489796
0.538776  0.587755  0.0489796
0.555102  0.587755  0.0489796
0.571429  0.587755  0.0489796
0.587755  0.587755  0.0489796
0.604082  0.587755  0.0489796
0.620408  0.587755  0.0489796
0.636735  0.587755  0.0489796
0.653061  0.587755  0.0489796
0.669388  0.587755  0.0489796
0.685714  0.587755  0.0489796
0.702041  0.587755  0.0489796
0.718367  0.587755  0.0489796
0.734694  0.587755  0.0489796
0.75102  0.587755  0.0489796
0.767347  0.587755  0.0489796
0.783673  0.587755  0.0489796
0.8  0.587755  0.0489796
0  0.604082  0.0489796
0.0163265  0.604082  0.0489796
0.0326531  0.604082  0.0489796
0.0489796  0.604082  0.0489796
0.0653061  0.604082  0.0489796
0.0816327  0.604082  0.0489796
0.0979592  0.604082  0.0489796
0.114286  0.604082  0.0489796
0.130612  0.604082  0.0489796
0.146939  0.604082  0.0489796
0.163265  0.604082  0.0489796
0.179592  0.604082  0.0489796
0.195918  0.604082  0.0489796
0.212245  0.604082  0.0489796
0.228571  0.604082  0.0489796
0.244898  0.604082  0.0489796
0.261224  0.604082  0.0489796
0.277551  0.604082  0.0489796
0.293878  0.604082  0.0489796
0.310204  0.604082  0.0489796
0.326531  0.604082  0.0489796
0.342857  0.604082  0.0489796
0.359184  0.604082  0.0489796
0.37551  0.604082  0.0489796
0.391837  0.604082  0.0489796
0.408163  0.604082  0.0489796
0.42449  0.604082  0.0489796
0.440816  0.604082  0.0489796
0.457143  0.604082  0.0489796
0.473469  0.604082  0.0489796
0.489796  0.604082  0.0489796
0.506122  0.604082  0.0489796
0.522449  0.604082  0.0489796
0.538776  0.604082  0.0489796
0.555102  0.604082  0.0489796
0.571429  0.604082  0.0489796
0.587755  0.604082  0.0489796
0.604082  0.604082  0.0489796
0.620408  0.604082  0.0489796
0.636735  0.604082  0.0489796
0.653061  0.604082  0.0489796
0.669388  0.604082  0.0489796
0.685714  0.604082  0.0489796
0.702041  0.604082  0.0489796
0.718367  0.604082  0.0489796
0.734694  0.604082  0.0489796
0.75102  0.604082  0.0489796
0.767347  0.604082  0.0489796
0.783673  0.604082  0.0489796
0.8  0.604082  0.0489796
0  0.620408  0.0489796
0.0163265  0.620408  0.0489796
0.0326531  0.620408  0.0489796
0.0489796  0.620408  0.0489796
0.0653061  0.620408  0.0489796
0.0816327  0.620408  0.0489796
0.0979592  0.620408  0.0489796
0.114286  0.620408  0.0489796
0.130612  0.620408  0.0489796
0.146939  0.620408  0.0489796
0.163265  0.620408  0.0489796
0.179592  0.620408  0.0489796
0.195918  0.620408  0.0489796
0.212245  0.620408  0.0489796
0.228571  0.620408  0.0489796
0.244898  0.620408  0.0489796
0.261224  0.620408  0.0489796
0.277551  0.620408  0.0489796
0.293878  0.620408  0.0489796
0.310204  0.620408  0.0489796
0.326531  0.620408  0.0489796
0.342857  0.620408  0.0489796
0.359184  0.620408  0.0489796
0.37551  0.620408  0.0489796
0.391837  0.620408  0.0489796
0.408163  0.620408  0.0489796
0.42449  0.620408  0.0489796
0.440816  0.620408  0.0489796
0.457143  0.620408  0.0489796
0.473469  0.620408  0.0489796
0.489796  0.620408  0.0489796
0.506122  0.620408  0.0489796
0.522449  0.620408  0.0489796
0.538776  0.620408  0.0489796
0.555102  0.620408  0.0489796
0.571429  0.620408  0.0489796
0.587755  0.620408  0.0489796
0.604082  0.620408  0.0489796
0.620408  0.620408  0.0489796
0.636735  0.620408  0.0489796
0.653061  0.620408  0.0489796
0.669388  0.620408  0.0489796
0.685714  0.620408  0.0489796
0.702041  0.620408  0.0489796
0.718367  0.620408  0.0489796
0.734694  0.620408  0.0489796
0.75102  0.620408  0.0489796
0.767347  0.620408  0.0489796
0.783673  0.620408  0.0489796
0.8  0.620408  0.0489796
0  0.636735  0.0489796
0.0163265  0.636735  0.0489796
0.0326531  0.636735  0.0489796
0.0489796  0.636735  0.0489796
0.0653061  0.636735  0.0489796
0.0816327  0.636735  0.0489796
0.0979592  0.636735  0.0489796
0.114286  0.636735  0.0489796
0.130612  0.636735  0.0489796
0.146939  0.636735  0.0489796
0.163265  0.636735  0.0489796
0.179592  0.636735  0.0489796
0.195918  0.636735  0.0489796
0.212245  0.636735  0.0489796
0.228571  0.636735  0.0489796
0.244898  0.636735  0.0489796
0.261224  0.636735  0.0489796
0.277551  0.636735  0.0489796
0.293878  0.636735  0.0489796
0.310204  0.636735  0.0489796
0.326531  0.636735  0.0489796
0.342857  0.636735  0.0489796
0.359184  0.636735  0.0489796
0.37551  0.636735  0.0489796
0.391837  0.636735  0.0489796
0.408163  0.636735  0.0489796
0.42449  0.636735  0.0489796
0.440816  0.636735  0.0489796
0.457143  0.636735  0.0489796
0.473469  0.636735  0.0489796
0.489796  0.636735  0.0489796
0.506122  0.636735  0.0489796
0.522449  0.636735  0.0489796
0.538776  0.636735  0.0489796
0.555102  0.636735  0.0489796
0.571429  0.636735  0.0489796
0.587755  0.636735  0.0489796
0.604082  0.636735  0.0489796
0.620408  0.636735  0.0489796
0.636735  0.636735  0.0489796
0.653061  0.636735  0.0489796
0.669388  0.636735  0.0489796
0.685714  0.636735  0.0489796
0.702041  0.636735  0.0489796
0.718367  0.636735  0.0489796
0.734694  0.636735  0.0489796
0.75102  0.636735  0.0489796
0.767347  0.636735  0.0489796
0.783673  0.636735  0.0489796
0.8  0.636735  0.0489796
0  0.653061  0.0489796
0.0163265  0.653061  0.0489796
0.0326531  0.653061  0.0489796
0.0489796  0.653061  0.0489796
0.0653061  0.653061  0.0489796
0.0816327  0.653061  0.0489796
0.0979592  0.653061  0.0489796
0.114286  0.653061  0.0489796
0.130612  0.653061  0.0489796
0.146939  0.653061  0.0489796
0.163265  0.653061  0.0489796
0.179592  0.653061  0.0489796
0.195918  0.653061  0.0489796
0.212245  0.653061  0.0489796
0.228571  0.653061  0.0489796
0.244898  0.653061  0.0489796
0.261224  0.653061  0.0489796
0.277551  0.653061  0.0489796
0.293878  0.653061  0.0489796
0.310204  0.653061  0.0489796
0.326531  0.653061  0.0489796
0.342857  0.653061  0.0489796
0.359184  0.653061  0.0489796
0.37551  0.653061  0.0489796
0.391837  0.653061  0.0489796
0.408163  0.653061  0.0489796
0.42449  0.653061  0.0489796
0.440816  0.653061  0.0489796
0.457143  0.653061  0.0489796
0.473469  0.653061  0.0489796
0.489796  0.653061  0.0489796
0.506122  0.653061  0.0489796
0.522449  0.653061  0.0489796
0.538776  0.653061  0.0489796
0.555102  0.653061  0.0489796
0.571429  0.653061  0.0489796
0.587755  0.653061  0.0489796
0.604082  0.653061  0.0489796
0.620408  0.653061  0.0489796
0.636735  0.653061  0.0489796
0.653061  0.653061  0.0489796
0.669388  0.653061  0.0489796
0.685714  0.653061  0.0489796
0.702041  0.653061  0.0489796
0.718367  0.653061  0.0489796
0.734694  0.653061  0.0489796
0.75102  0.653061  0.0489796
0.767347  0.653061  0.0489796
0.783673  0.653061  0.0489796
0.8  0.653061  0.0489796
0  0.669388  0.0489796
0.0163265  0.669388  0.0489796
0.0326531  0.669388  0.0489796
0.0489796  0.669388  0.0489796
0.0653061  0.669388  0.0489796
0.0816327  0.669388  0.0489796
0.0979592  0.669388  0.0489796
0.114286  0.669388  0.0489796
0.130612  0.669388  0.0489796
0.146939  0.669388  0.0489796
0.163265  0.669388  0.0489796
0.179592  0.669388  0.0489796
0.195918  0.669388  0.0489796
0.212245  0.669388  0.0489796
0.228571  0.669388  0.0489796
0.244898  0.669388  0.0489796
0.261224  0.669388  0.0489796
0.277551  0.669388  0.0489796
0.293878  0.669388  0.0489796
0.310204  0.669388  0.0489796
0.326531  0.669388  0.0489796
0.342857  0.669388  0.0489796
0.359184  0.669388  0.0489796
0.37551  0.669388  0.0489796
0.391837  0.669388  0.0489796
0.408163  0.669388  0.0489796
0.42449  0.669388  0.0489796
0.440816  0.669388  0.0489796
0.457143  0.669388  0.0489796
0.473469  0.669388  0.0489796
0.489796  0.669388  0.0489796
0.506122  0.669388  0.0489796
0.522449  0.669388  0.0489796
0.538776  0.669388  0.0489796
0.555102  0.669388  0.0489796
0.571429  0.669388  0.0489796
0.587755  0.669388  0.0489796
0.604082  0.669388  0.0489796
0.620408  0.669388  0.0489796
0.636735  0.669388  0.0489796
0.653061  0.669388  0.0489796
0.669388  0.669388  0.0489796
0.685714  0.669388  0.0489796
0.702041  0.669388  0.0489796
0.718367  0.669388  0.0489796
0.734694  0.669388  0.0489796
0.75102  0.669388  0.0489796
0.767347  0.669388  0.0489796
0.783673  0.669388  0.0489796
0.8  0.669388  0.0489796
0  0.685714  0.0489796
0.0163265  0.685714  0.0489796
0.0326531  0.685714  0.0489796
0.0489796  0.685714  0.0489796
0.0653061  0.685714  0.0489796
0.0816327  0.685714  0.0489796
0.0979592  0.685714  0.0489796
0.114286  0.685714  0.0489796
0.130612  0.685714  0.0489796
0.146939  0.685714  0.0489796
0.163265  0.685714  0.0489796
0.179592  0.685714  0.0489796
0.195918  0.685714  0.0489796
0.212245  0.685714  0.0489796
0.228571  0.685714  0.0489796
0.244898  0.685714  0.0489796
0.261224  0.685714  0.0489796
0.277551  0.685714  0.0489796
0.293878  0.685714  0.0489796
0.310204  0.685714  0.0489796
0.326531  0.685714  0.0489796
0.342857  0.685714  0.0489796
0.359184  0.685714  0.0489796
0.37551  0.685714  0.0489796
0.391837  0.685714  0.0489796
0.408163  0.685714  0.0489796
0.42449  0.685714  0.0489796
0.440816  0.685714  0.0489796
0.457143  0.685714  0.0489796
0.473469  0.685714  0.0489796
0.489796  0.685714  0.0489796
0.506122  0.685714  0.0489796
0.522449  0.685714  0.0489796
0.538776  0.685714  0.0489796
0.555102  0.685714  0.0489796
0.571429  0.685714  0.0489796
0.587755  0.685714  0.0489796
0.604082  0.685714  0.0489796
0.620408  0.685714  0.0489796
0.636735  0.685714  0.0489796
0.653061  0.685714  0.0489796
0.669388  0.685714  0.0489796
0.685714  0.685714  0.0489796
0.702041  0.685714  0.0489796
0.718367  0.685714  0.0489796
0.734694  0.685714  0.0489796
0.75102  0.685714  0.0489796
0.767347  0.685714  0.0489796
0.783673  0.685714  0.0489796
0.8  0.685714  0.0489796
0  0.702041  0.0489796
0.0163265  0.702041  0.0489796
0.0326531  0.702041  0.0489796
0.0489796  0.702041  0.0489796
0.0653061  0.702041  0.0489796
0.0816327  0.702041  0.0489796
0.0979592  0.702041  0.0489796
0.114286  0.702041  0.0489796
0.130612  0.702041  0.0489796
0.146939  0.702041  0.0489796
0.163265  0.702041  0.0489796
0.179592  0.702041  0.0489796
0.195918  0.702041  0.0489796
0.212245  0.702041  0.0489796
0.228571  0.702041  0.0489796
0.244898  0.702041  0.0489796
0.261224  0.702041  0.0489796
0.277551  0.702041  0.0489796
0.293878  0.702041  0.0489796
0.310204  0.702041  0.0489796
0.326531  0.702041  0.0489796
0.342857  0.702041  0.0489796
0.359184  0.702041  0.0489796
0.37551  0.702041  0.0489796
0.391837  0.702041  0.0489796
0.408163  0.702041  0.0489796
0.42449  0.702041  0.0489796
0.440816  0.702041  0.0489796
0.457143  0.702041  0.0489796
0.473469  0.702041  0.0489796
0.489796  0.702041  0.0489796
0.506122  0.702041  0.0489796
0.522449  0.702041  0.0489796
0.538776  0.702041  0.0489796
0.555102  0.702041  0.0489796
0.571429  0.702041  0.0489796
0.587755  0.702041  0.0489796
0.604082  0.702041  0.0489796
0.620408  0.702041  0.0489796
0.636735  0.702041  0.0489796
0.653061  0.702041  0.0489796
0.669388  0.702041  0.0489796
0.685714  0.702041  0.0489796
0.702041  0.702041  0.0489796
0.718367  0.702041  0.0489796
0.734694  0.702041  0.0489796
0.75102  0.702041  0.0489796
0.767347  0.702041  0.0489796
0.783673  0.702041  0.0489796
0.8  0.702041  0.0489796
0  0.718367  0.0489796
0.0163265  0.718367  0.0489796
0.0326531  0.718367  0.0489796
0.0489796  0.718367  0.0489796
0.0653061  0.718367  0.0489796
0.0816327  0.718367  0.0489796
0.0979592  0.718367  0.0489796
0.114286  0.718367  0.0489796
0.130612  0.718367  0.0489796
0.146939  0.718367  0.0489796
0.163265  0.718367  0.0489796
0.179592  0.718367  0.0489796
0.195918  0.718367  0.0489796
0.212245  0.718367  0.0489796
0.228571  0.718367  0.0489796
0.244898  0.718367  0.0489796
0.261224  0.718367  0.0489796
0.277551  0.718367  0.0489796
0.293878  0.718367  0.0489796
0.310204  0.718367  0.0489796
0.326531  0.718367  0.0489796
0.342857  0.718367  0.0489796
0.359184  0.718367  0.0489796
0.37551  0.718367  0.0489796
0.391837  0.718367  0.0489796
0.408163  0.718367  0.0489796
0.42449  0.718367  0.0489796
0.440816  0.718367  0.0489796
0.457143  0.718367  0.0489796
0.473469  0.718367  0.0489796
0.489796  0.718367  0.0489796
0.506122  0.718367  0.0489796
0.522449  0.718367  0.0489796
0.538776  0.718367  0.0489796
0.555102  0.718367  0.0489796
0.571429  0.718367  0.0489796
0.587755  0.718367  0.0489796
0.604082  0.718367  0.0489796
0.620408  0.718367  0.0489796
0.636735  0.718367  0.0489796
0.653061  0.718367  0.0489796
0.669388  0.718367  0.0489796
0.685714  0.718367  0.0489796
0.702041  0.718367  0.0489796
0.718367  0.718367  0.0489796
0.734694  0.718367  0.0489796
0.75102  0.718367  0.0489796
0.767347  0.718367  0.0489796
0.783673  0.718367  0.0489796
0.8  0.718367  0.0489796
0  0.734694  0.0489796
0.0163265  0.734694  0.0489796
0.0326531  0.734694  0.0489796
0.0489796  0.734694  0.0489796
0.0653061  0.734694  0.0489796
0.0816327  0.734694  0.0489796
0.0979592  0.734694  0.0489796
0.114286  0.734694  0.0489796
0.130612  0.734694  0.0489796
0.146939  0.734694  0.0489796
0.163265  0.734694  0.0489796
0.179592  0.734694  0.0489796
0.195918  0.734694  0.0489796
0.212245  0.734694  0.0489796
0.228571  0.734694  0.0489796
0.244898  0.734694  0.0489796
0.261224  0.734694  0.0489796
0.277551  0.734694  0.0489796
0.293878  0.734694  0.0489796
0.310204  0.734694  0.0489796
0.326531  0.734694  0.0489796
0.342857  0.734694  0.0489796
0.359184  0.734694  0.0489796
0.37551  0.734694  0.0489796
0.391837  0.734694  0.0489796
0.408163  0.734694  0.0489796
0.42449  0.734694  0.0489796
0.440816  0.734694  0.0489796
0.457143  0.734694  0.0489796
0.473469  0.734694  0.0489796
0.489796  0.734694  0.0489796
0.506122  0.734694  0.0489796
0.522449  0.734694  0.0489796
0.538776  0.734694  0.0489796
0.555102  0.734694  0.0489796
0.571429  0.734694  0.0489796
0.587755  0.734694  0.0489796
0.604082  0.734694  0.0489796
0.620408  0.734694  0.0489796
0.636735  0.734694  0.0489796
0.653061  0.734694  0.0489796
0.669388  0.734694  0.0489796
0.685714  0.734694  0.0489796
0.702041  0.734694  0.0489796
0.718367  0.734694  0.0489796
0.734694  0.734694  0.0489796
0.75102  0.734694  0.0489796
0.767347  0.734694  0.0489796
0.783673  0.734694  0.0489796
0.8  0.734694  0.0489796
0  0.75102  0.0489796
0.0163265  0.75102  0.0489796
0.0326531  0.75102  0.0489796
0.0489796  0.75102  0.0489796
0.0653061  0.75102  0.0489796
0.0816327  0.75102  0.0489796
0.0979592  0.75102  0.0489796
0.114286  0.75102  0.0489796
0.130612  0.75102  0.0489796
0.146939  0.75102  0.0489796
0.163265  0.75102  0.0489796
0.179592  0.75102  0.0489796
0.195918  0.75102  0.0489796
0.212245  0.75102  0.0489796
0.228571  0.75102  0.0489796
0.244898  0.75102  0.0489796
0.261224  0.75102  0.0489796
0.277551  0.75102  0.0489796
0.293878  0.75102  0.0489796
0.310204  0.75102  0.0489796
0.326531  0.75102  0.0489796
0.342857  0.75102  0.0489796
0.359184  0.75102  0.0489796
0.37551  0.75102  0.0489796
0.391837  0.75102  0.0489796
0.408163  0.75102  0.0489796
0.42449  0.75102  0.0489796
0.440816  0.75102  0.0489796
0.457143  0.75102  0.0489796
0.473469  0.75102  0.0489796
0.489796  0.75102  0.0489796
0.506122  0.75102  0.0489796
0.522449  0.75102  0.0489796
0.538776  0.75102  0.0489796
0.555102  0.75102  0.0489796
0.571429  0.75102  0.0489796
0.587755  0.75102  0.0489796
0.604082  0.75102  0.0489796
0.620408  0.75102  0.0489796
0.636735  0.75102  0.0489796
0.653061  0.75102  0.0489796
0.669388  0.75102  0.0489796
0.685714  0.75102  0.0489796
0.702041  0.75102  0.0489796
0.718367  0.75102  0.0489796
0.734694  0.75102  0.0489796
0.75102  0.75102  0.0489796
0.767347  0.75102  0.0489796
0.783673  0.75102  0.0489796
0.8  0.75102  0.0489796
0  0.767347  0.0489796
0.0163265  0.767347  0.0489796
0.0326531  0.767347  0.0489796
0.0489796  0.767347  0.0489796
0.0653061  0.767347  0.0489796
0.0816327  0.767347  0.0489796
0.0979592  0.767347  0.0489796
0.114286  0.767347  0.0489796
0.130612  0.767347  0.0489796
0.146939  0.767347  0.0489796
0.163265  0.767347  0.0489796
0.179592  0.767347  0.0489796
0.195918  0.767347  0.0489796
0.212245  0.767347  0.0489796
0.228571  0.767347  0.0489796
0.244898  0.767347  0.0489796
0.261224  0.767347  0.0489796
0.277551  0.767347  0.0489796
0.293878  0.767347  0.0489796
0.310204  0.767347  0.0489796
0.326531  0.767347  0.0489796
0.342857  0.767347  0.0489796
0.359184  0.767347  0.0489796
0.37551  0.767347  0.0489796
0.391837  0.767347  0.0489796
0.408163  0.767347  0.0489796
0.42449  0.767347  0.0489796
0.440816  0.767347  0.0489796
0.457143  0.767347  0.0489796
0.473469  0.767347  0.0489796
0.489796  0.767347  0.0489796
0.506122  0.767347  0.0489796
0.522449  0.767347  0.0489796
0.538776  0.767347  0.0489796
0.555102  0.767347  0.0489796
0.571429  0.767347  0.0489796
0.587755  0.767347  0.0489796
0.604082  0.767347  0.0489796
0.620408  0.767347  0.0489796
0.636735  0.767347  0.0489796
0.653061  0.767347  0.0489796
0.669388  0.767347  0.0489796
0.685714  0.767347  0.0489796
0.702041  0.767347  0.0489796
0.718367  0.767347  0.0489796
0.734694  0.767347  0.0489796
0.75102  0.767347  0.0489796
0.767347  0.767347  0.0489796
0.783673  0.767347  0.0489796
0.8  0.767347  0.0489796
0  0.783673  0.0489796
0.0163265  0.783673  0.0489796
0.0326531  0.783673  0.0489796
0.0489796  0.783673  0.0489796
0.0653061  0.783673  0.0489796
0.0816327  0.783673  0.0489796
0.0979592  0.783673  0.0489796
0.114286  0.783673  0.0489796
0.130612  0.783673  0.0489796
0.146939  0.783673  0.0489796
0.163265  0.783673  0.0489796
0.179592  0.783673  0.0489796
0.195918  0.783673  0.0489796
0.212245  0.783673  0.0489796
0.228571  0.783673  0.0489796
0.244898  0.783673  0.0489796
0.261224  0.783673  0.0489796
0.277551  0.783673  0.0489796
0.293878  0.783673  0.0489796
0.310204  0.783673  0.0489796
0.326531  0.783673  0.0489796
0.342857  0.783673  0.0489796
0.359184  0.783673  0.0489796
0.37551  0.783673  0.0489796
0.391837  0.783673  0.0489796
0.408163  0.783673  0.0489796
0.42449  0.783673  0.0489796
0.440816  0.783673  0.0489796
0.457143  0.783673  0.0489796
0.473469  0.783673  0.0489796
0.489796  0.783673  0.0489796
0.506122  0.783673  0.0489796
0.522449  0.783673  0.0489796
0.538776  0.783673  0.0489796
0.555102  0.783673  0.0489796
0.571429  0.783673  0.0489796
0.587755  0.783673  0.0489796
0.604082  0.783673  0.0489796
0.620408  0.783673  0.0489796
0.636735  0.783673  0.0489796
0.653061  0.783673  0.0489796
0.669388  0.783673  0.0489796
0.685714  0.783673  0.0489796
0.702041  0.783673  0.0489796
0.718367  0.783673  0.0489796
0.734694  0.783673  0.0489796
0.75102  0.783673  0.0489796
0.767347  0.783673  0.0489796
0.783673  0.783673  0.0489796
0.8  0.783673  0.0489796
0  0.8  0.0489796
0.0163265  0.8  0.0489796
0.0326531  0.8  0.0489796
0.0489796  0.8  0.0489796
0.0653061  0.8  0.0489796
0.0816327  0.8  0.0489796
0.0979592  0.8  0.0489796
0.114286  0.8  0.0489796
0.130612  0.8  0.0489796
0.146939  0.8  0.0489796
0.163265  0.8  0.0489796
0.179592  0.8  0.0489796
0.195918  0.8  0.0489796
0.212245  0.8  0.0489796
0.228571  0.8  0.0489796
0.244898  0.8  0.0489796
0.261224  0.8  0.0489796
0.277551  0.8  0.0489796
0.293878  0.8  0.0489796
0.310204  0.8  0.0489796
0.326531  0.8  0.0489796
0.342857  0.8  0.0489796
0.359184  0.8  0.0489796
0.37551  0.8  0.0489796
0.391837  0.8  0.0489796
0.408163  0.8  0.0489796
0.42449  0.8  0.0489796
0.440816  0.8  0.0489796
0.457143  0.8  0.0489796
0.473469  0.8  0.0489796
0.489796  0.8  0.0489796
0.506122  0.8  0.0489796
0.522449  0.8  0.0489796
0.538776  0.8  0.0489796
0.555102  0.8  0.0489796
0.571429  0.8  0.0489796
0.587755  0.8  0.0489796
0.604082  0.8  0.0489796
0.620408  0.8  0.0489796
0.636735  0.8  0.0489796
0.653061  0.8  0.0489796
0.669388  0.8  0.0489796
0.685714  0.8  0.0489796
0.702041  0.8  0.0489796
0.718367  0.8  0.0489796
0.734694  0.8  0.0489796
0.75102  0.8  0.0489796
0.767347  0.8  0.0489796
0.783673  0.8  0.0489796
0.8  0.8  0.0489796
