1.90921  -0.816808  -0.852151
-0.770629  -0.338256  -3.77262
-0.43948  0.254781  -2.39353
5.03377  3.78136  -0.0594516
1.185  1.60636  -4.29852
-5.37363  -0.956595  -2.75057
-2.35087  -0.875394  1.28759
-1.23369  0.627866  -0.334082
-0.461528  -1.94811  0.142863
-1.53084  -1.14257  -0.0685452
0.917521  -0.0730462  1.68781
2.42132  4.1061  -2.35009
-2.75657  -0.990992  5.41837
-0.552671  -1.04437  -4.41892
-3.00105  6.10806  2.76518
2.05744  0.0142607  -1.77822
-1.67436  -2.53164  2.88015
1.21457  3.17049  -0.724622
1.0405  0.489122  4.89841
2.9979  -1.29733  2.46365
0.580674  -0.217757  0.755513
-2.21809  -1.00714  0.284152
7.28831  1.79428  0.00868332
0.0865825  -0.0126246  -3.92781
-2.00979  -0.05466  -2.02822
4.46905  -2.82385  -1.33967
0.296138  1.85463  0.0490815
-0.149535  -0.204309  1.04714
1.2151  -0.0584788  -1.46794
2.46574  3.72194  2.79458
4.75016  1.50533  3.27253
-0.700547  -0.347974  1.44446
-0.293638  -1.84742  -1.41226
0.429894  -2.31458  -2.58961
1.40543  0.550948  -2.00858
3.63446  0.312082  -2.90794
0.0198387  0.0403443  6.06439
-5.64009  -0.0705778  -1.47601
-2.01883  -1.01874  2.81022
4.24705  -0.891318  0.287432
0.446499  0.17016  1.89291
-1.54864  -0.73337  -4.22622
1.68759  -0.514495  1.43405
3.02457  1.25226  3.96131
-0.714934  -0.192252  -4.26163
-0.0550067  0.850479  1.03447
-3.43887  3.33945  -1.40329
-0.853227  2.83704  -5.14323
-0.731017  -0.522743  2.70086
0.552153  -0.416754  2.8529
0.502381  -1.95923  -1.0976
-0.665874  -1.05836  -4.34108
-0.344416  0.0168954  -3.33595
1.15073  2.56555  5.01667
-0.42108  -0.519278  3.14961
0.493671  0.638783  1.58479
0.965969  0.167715  -0.71001
4.29803  -0.481124  -3.47992
0.249891  -0.107198  -4.37978
0.671194  -0.33927  5.31626
-0.177773  2.00335  0.143583
2.38827  1.08677  3.97294
4.51373  0.554235  -2.16479
-0.0959245  -2.40968  1.09379
-1.38544  0.546678  -0.580218
-0.528796  3.14563  -1.51037
-2.94555  -0.987775  3.52095
0.0564628  0.164398  -0.868566
0.327733  0.237296  2.92905
3.57719  2.96964  1.83666
-4.33993  -0.833919  -4.18413
-3.42172  1.33466  3.54677
2.53106  -0.462598  -0.470527
-2.57881  -0.624897  0.654098
-1.16628  0.23923  -3.94637
-4.5884  4.09425  0.711193
-1.69133  -2.30174  -2.54844
-2.31901  2.36887  0.50357
1.66434  -3.75029  -2.402
-0.0885812  0.375899  1.00317
0.160727  -3.30216  3.17054
-3.30935  0.275241  -0.669658
-3.19769  -0.00940114  2.18439
-2.86048  3.78836  -3.09987
1.91032  0.817883  -0.676701
-2.35141  3.62873  0.502082
-0.696611  -3.50326  -1.09388
1.36653  1.93582  -2.90715
0.914229  3.17551  -2.24557
-2.16806  -1.50798  -1.79485
0.927344  1.33469  -0.983248
-0.311078  0.211199  -6.2166
-2.87251  1.2908  -4.40685
-1.18179  0.217088  -1.43749
2.08353  -1.60871  2.64457
-3.02765  -0.11267  -3.18439
-1.46267  3.04553  -1.76306
0.0749541  -0.0180783  -3.3676
-0.788365  -1.59285  -2.83442
-4.8314  2.58006  3.59131
0.684714  -3.78706  -3.64217
-2.18154  3.64516  -4.62301
-4.66543  -1.37972  0.042364
1.82693  4.38854  0.179273
0.92783  1.90934  -2.13821
-1.81501  0.934367  -2.53078
0.092682  -0.999796  0.588018
1.37553  1.53795  -3.47417
-2.25059  -1.80977  4.04142
-3.07253  1.06801  -1.11313
-3.71263  4.32653  -0.0563187
0.288562  0.431807  -3.46756
2.18828  -0.78177  -1.51733
-1.14805  -0.0422693  2.94005
-2.75634  1.21676  -1.21756
-0.581844  0.672816  -3.85373
-0.462524  -1.19528  1.62781
-1.2001  -4.61788  -3.4508
1.43017  3.44133  4.04421
0.907199  -0.0676742  -2.70556
-1.56776  -3.3696  1.67353
-1.13058  -3.24784  0.970076
0.176836  3.4686  0.601616
-1.83366  -2.30062  -4.99426
-1.73551  0.744561  -3.69722
-0.708447  0.939546  4.06659
3.02963  0.825429  -4.27569
-4.59529  0.507348  -0.13172
-0.193155  -0.19967  -7.20046
-0.145526  -0.120342  -5.16011
0.462691  -0.269143  2.73698
-0.0377063  0.25046  -3.02952
-2.08464  -3.9529  -1.56759
0.0769484  -0.114168  -2.62427
1.23269  -1.1566  -3.59436
0.295868  1.89862  -3.30906
0.110542  3.53317  -0.683054
0.42639  0.0165178  -1.70824
0.0935603  -5.65783  0.232741
-0.86151  1.42393  -0.841822
-0.050155  -0.706493  1.05547
3.31917  -0.282199  -2.25503
0.566923  1.69007  -2.16942
0.448558  -3.78373  0.372252
-2.90383  0.797213  -4.95331
1.93832  -1.65325  1.02027
-2.44154  3.26468  1.71107
0.660445  -0.0796703  1.19766
0.184258  0.236632  3.8168
2.16837  -1.91082  -4.7257
-0.266337  -0.407235  6.2404
-1.42691  -0.850283  4.59415
0.297373  0.0616097  -0.963841
-3.96452  3.28999  -1.52648
0.0103698  0.178299  -0.223138
3.36436  -0.570271  -2.9396
-0.178075  0.104144  -3.19474
0.04227  -0.637999  -5.03307
-1.56855  0.752869  -0.652861
-2.23363  0.877948  -0.221611
0.856127  -0.558079  -2.73397
-0.253799  4.18495  2.5152
-2.89587  0.193368  2.72104
-0.278154  1.23645  1.34506
5.42371  2.38009  -2.654
-1.24304  -1.9281  3.87202
-0.465944  2.38675  -2.05897
-0.968547  -0.986661  1.43221
0.857348  -1.42746  1.10733
0.171765  0.122084  4.12924
-0.00910958  -0.195347  0.794351
0.695547  0.256901  3.23962
0.4424  0.0884259  0.830752
0.354049  -2.47368  -3.85252
-3.02773  4.38672  0.670369
-1.24177  1.79526  2.75967
-2.65985  -0.701161  2.67894
-4.50179  -0.410273  -1.56278
0.175292  -0.252832  3.21052
-1.6327  -2.74111  -4.38216
0.695979  -0.133059  -2.50637
-1.26369  -1.45041  1.19249
-3.09939  -1.40538  3.38991
-2.964  -1.25658  2.97771
-0.336892  1.85209  0.586673
-4.21232  0.514084  -2.37059
-0.0287554  -0.281206  4.23386
2.19976  4.64289  -0.599607
-0.742505  0.972004  -1.34575
0.137589  0.88142  -5.89664
1.06804  1.81184  -1.52778
7.50207  -2.22162  -1.79191
1.26787  2.59276  -2.18473
-0.279365  -3.32466  0.329738
-0.0462901  0.400253  5.312
1.79427  -0.757833  0.625029
-0.970941  -6.01348  6.5581
-2.02748  0.141888  -0.469938
1.22973  -2.0873  1.85157
-0.14999  -0.42593  2.70262
-0.59627  -2.65653  7.31826
1.8398  2.07608  4.47028
-0.4477  -1.93242  0.322859
0.635549  2.74746  1.86293
-0.128414  1.2435  5.79871
0.488454  -4.40936  0.858194
5.34337  0.364492  1.16885
0.869496  1.02262  -1.12285
0.469874  1.1951  1.90945
0.300559  1.25374  -3.09904
-1.03148  6.33983  0.837994
-0.124016  -0.358293  0.750237
-0.000379974  -0.00208252  3.51331
-0.490962  1.79606  2.81821
0.22114  3.06687  -0.546716
-0.0597334  -0.107663  -3.43056
0.389289  0.66171  -5.20695
-1.45632  1.02976  -2.52052
0.274966  0.252247  -0.934987
3.56058  -1.23859  -1.43622
1.62178  0.584332  0.654334
2.16142  -4.89922  -4.27014
-1.2884  0.547802  6.66763
-0.0184054  0.675764  -4.64318
1.6016  -2.97995  -1.41874
5.94842  3.52301  0.721812
-1.15796  -1.03172  4.56919
1.57549  1.21181  -2.43466
2.872  -0.586992  1.64635
1.98448  -1.57716  0.851731
-2.50317  2.1957  4.39273
2.07356  3.26106  -0.768758
-4.37667  4.87231  -1.05345
-4.74466  2.23646  -1.03316
3.1068  6.36896  0.342543
2.35855  -2.53867  1.41477
1.24822  0.802015  1.65326
-0.88616  2.80583  -1.93648
-1.59865  -1.91415  -0.211343
3.30854  4.75865  -0.974444
3.78877  0.476396  0.388273
-0.466917  -0.226576  0.558234
2.14273  0.277194  -0.981613
2.49515  -0.429762  -1.5653
0.202539  0.100129  -6.19093
0.53902  1.49263  -3.54371
-3.80774  1.83636  0.554668
2.59124  0.150559  1.27456
2.30379  -1.3312  -3.54288
-0.569322  3.02722  0.596299
0.614707  -1.40238  5.01203
-0.590206  1.12004  2.50932
0.484091  -0.830281  -3.18243
-2.94728  1.30735  -1.3459
1.43255  2.99027  0.279121
2.96072  -1.1505  -0.888937
0.894571  -1.74843  2.7247
1.89989  -3.23359  -0.15227
0.787012  1.95791  -4.00798
0.913301  -1.56373  -2.61839
-1.62815  -3.11636  3.25544
-0.037089  -0.1993  2.22079
-1.66571  1.49322  6.75061
4.8885  -3.70325  -5.40523
0.879053  1.57748  1.30952
-3.69671  2.87979  7.57173
-0.205646  0.402732  -9.48424
1.92498  -1.56262  -2.07558
-0.365443  0.518383  1.16102
-2.82141  -3.09747  2.567
2.42467  -1.49868  -0.238981
-0.856872  -5.50581  -1.30871
4.79466  2.89059  -5.16407
-4.20724  -2.41374  -0.924848
-1.82335  2.00708  2.30833
-3.57533  -0.864587  0.98113
-0.442317  0.156095  3.64412
1.35258  1.69056  2.05268
1.05153  -0.0765588  -1.77875
0.369546  0.393417  4.33596
0.682939  3.13156  5.93934
1.61763  2.01534  -0.200501
0.0828196  3.768  -0.487741
-0.154175  -0.47568  4.68703
-3.60162  4.4176  -1.73842
2.98348  2.83205  2.38878
1.74325  -1.16934  1.84185
0.664596  0.0330394  -1.26911
-0.0249209  0.0166499  -1.24044
-0.573381  5.09721  -1.50427
3.1041  0.152899  -3.60727
1.31628  -3.07476  -4.77778
4.74731  2.02146  0.753562
-0.164188  0.767882  -5.77469
0.294001  -0.00664737  1.76674
0.795976  3.10185  0.892266
2.1017  -0.860505  2.88586
0.0700283  -3.48951  1.74567
-1.80593  1.56796  3.64957
0.242904  -1.32367  0.19883
1.19308  -5.20782  -5.17968
1.51127  0.150695  -4.66138
-0.0541283  -2.16721  -1.49135
-0.100643  -0.229079  3.35102
-1.10407  -0.967558  2.83081
0.278667  -0.139982  -2.04996
0.192447  -4.06137  -1.6448
5.92494  3.07536  -6.28014
-0.864535  -2.51318  -4.23494
2.86324  -2.89556  1.92051
0.415335  -2.82554  -1.9894
1.0871  -0.729848  4.83829
-2.29907  0.969212  -1.9527
2.82773  -2.1642  -1.94441
1.46569  1.25026  -3.0936
-2.034  -0.922677  -1.36788
-0.653376  -0.331145  -2.21282
-1.31083  -0.832472  -0.417454
-2.77373  -2.21702  2.24277
-3.20236  0.549226  2.78971
0.266283  1.76099  2.12761
0.751034  -1.11704  0.442601
0.135134  0.161621  -4.09801
0.223168  -0.616763  -2.56817
-0.348699  1.81978  -3.28279
-2.24076  -0.429009  -1.44145
0.0470831  -0.554129  3.28635
0.309597  -3.3336  0.682298
2.15559  1.46689  3.58886
5.19677  0.74644  -2.90284
-1.19184  1.99558  3.04569
2.82838  2.21521  -1.04967
0.717928  1.3891  -5.40401
0.496335  4.1442  -2.94905
3.40209  -0.649731  -4.22442
2.39695  0.0489018  -1.78826
3.23649  2.44197  5.72738
1.10942  2.34736  -4.99639
0.274461  -2.4354  2.57652
0.139054  0.0747236  -3.34454
-0.296578  -0.496842  3.80864
3.18083  2.35255  -1.40453
1.60422  0.46161  0.385045
-1.38582  -1.43608  -4.46068
-2.2862  -0.389558  4.94091
-1.345  1.92166  -1.20015
0.0736742  1.30481  -2.83601
0.303346  -2.09426  0.315178
3.11309  4.21387  1.43143
0.00721625  0.0206536  1.77518
-0.476189  -1.75882  4.6577
-1.39201  3.22894  4.84768
2.09658  0.640714  -3.24322
4.54569  1.56707  0.0829038
-4.16079  0.538931  -6.38991
0.780261  -0.907128  2.73398
-0.0699689  -1.10116  2.27304
-0.352776  -0.170601  -3.48995
0.41518  -0.749632  -1.06613
1.28909  -0.66518  2.00286
1.84093  -2.53169  1.50481
1.40572  7.34626  6.53695
-0.16144  -0.99146  3.41402
-0.0373219  -0.00145222  -1.65161
0.45423  -0.00934645  -1.07805
4.43477  -0.230274  -3.28413
4.31537  -3.03527  -3.95206
-5.30278  -0.515982  3.70648
0.360081  -1.08415  -7.16093
0.654516  -7.06209  -1.545
-0.57153  -1.74364  1.51279
-1.42822  0.734685  -0.681675
-3.2196  -2.10543  0.740233
0.00723656  0.0438716  -3.60496
2.05677  5.78096  1.52065
0.416055  -2.1786  4.41577
-0.254373  0.140804  2.01286
0.00041395  0.000480065  -3.46564
2.02749  -0.0924908  4.18112
2.05429  0.218863  -0.995541
-0.0731898  0.106783  -3.91203
-0.0487197  -0.132998  5.21942
-1.18926  2.74065  3.02398
0.566344  1.66152  2.26961
0.386602  -2.18864  5.81555
-0.256269  0.194354  -2.71196
-4.29078  -2.73018  0.361455
1.1175  -0.642968  -2.0474
0.668077  -1.48733  2.52757
-0.599019  -0.464856  1.59975
-0.0435603  0.173955  4.46106
6.95115  2.67416  2.81248
-3.44905  3.04039  -3.53392
0.912488  -1.21629  2.16062
1.33747  -2.16308  1.02773
-1.053  1.16127  -3.60173
1.06235  -1.02346  2.26476
-0.50399  0.230085  2.83938
-0.246912  1.87026  2.71805
-1.71269  4.38009  -2.02738
-0.490841  -0.32013  3.79896
-4.63276  -0.767573  -3.55019
-2.28801  -0.394452  3.60399
-2.39012  2.72719  0.655973
-3.13222  -1.82388  1.92842
-0.286314  0.358992  -4.78805
-0.93648  1.21305  -3.63412
-6.04829  -3.40287  1.88446
-2.05954  -1.72129  -2.51491
2.41124  2.19121  0.685388
-2.12564  6.104  1.04587
-4.67041  -5.14593  0.336007
-2.47001  -0.73379  4.02381
-0.721195  0.726402  4.97885
-0.369942  -1.00956  -1.65777
2.25814  -2.543  -2.21491
-3.45826  2.86805  3.57451
-0.651593  0.131754  0.235333
0.619181  -1.05095  -4.57011
-0.12553  1.75907  -3.04228
1.86664  -5.46942  1.50983
-0.527426  1.97008  -0.796297
1.5039  0.327136  2.86361
0.514798  -0.390981  -1.53596
-1.588  4.22677  -2.21003
0.19922  0.13325  5.43838
-5.05958  0.0432193  -1.83117
0.754907  -2.80573  -2.50577
0.220468  -0.835287  6.12512
2.60187  -3.08735  7.01389
3.20642  -4.41269  0.254331
0.507295  -3.77748  -3.29729
0.281721  0.26032  0.408946
1.68031  2.5334  3.24762
0.580772  0.283484  -4.38819
-4.11726  4.26932  1.56006
1.25317  0.293531  -3.09673
2.10704  0.423863  -1.21472
-0.936858  -0.221453  4.26221
-0.151167  -0.688394  -3.07213
0.910673  -0.345843  -1.82786
-1.77666  0.520147  -2.71338
-4.30568  -0.98945  0.830161
-2.27141  0.207847  2.33158
-1.03251  0.630389  0.730804
0.946766  -2.29835  1.2969
4.2947  2.15262  4.43316
-6.85445  -0.111425  -1.83927
0.235346  -0.477136  0.768907
0.762614  0.997613  -0.687147
1.2931  0.68476  -4.28253
0.299139  -2.39002  -0.138157
0.284733  0.625208  1.83324
1.00192  2.30879  -3.49661
-0.751585  -5.83975  -4.83758
-0.711063  -0.297508  -2.38328
-0.965166  -3.74485  -2.31775
0.152136  0.130335  3.591
-0.332107  3.7014  3.81556
-5.24951  -2.58503  -1.8651
1.81809  -0.652671  -1.20054
1.9615  -0.779816  0.7975
0.152561  -0.0306434  2.59102
0.697311  2.84622  0.536493
1.08819  0.808954  -1.76382
-0.967192  -2.29746  1.1933
0.393129  -0.387626  0.874498
-0.921046  3.29514  0.471604
-0.0239118  0.486801  2.64021
0.718291  -4.18801  0.291255
-0.107143  0.102339  -3.753
-0.707584  -1.10427  0.720472
-0.365826  0.454627  2.04438
-1.1215  1.91532  -2.55038
-6.24409  6.62734  -3.67422
-0.189166  0.593766  -2.07502
-0.906955  3.34429  2.26978
-1.37238  2.33723  2.90699
-1.73534  -3.76267  3.87639
4.13719  1.40144  -0.639368
1.28119  -0.88077  -1.91542
2.06884  -0.500576  -1.98084
0.247195  0.686122  -0.883083
0.498609  -0.803699  0.913117
-0.299939  -2.93876  0.441506
-4.00191  1.57821  -1.63186
1.86111  -0.534228  5.25045
0.615647  1.93457  6.28045
3.87072  -4.04154  3.71759
3.04245  -1.30674  -0.368422
-3.7854  1.43298  4.26093
-2.83112  -1.06441  3.33405
-1.48003  0.249852  -1.36193
0.872813  -0.0265896  -2.46763
-1.13883  0.467529  2.33202
0.742587  -0.307185  5.38726
1.2054  -5.28356  2.93186
0.324825  0.314447  -1.3883
0.180643  0.267206  -5.30273
-0.279614  0.124272  -2.47158
-1.21404  -0.630172  -3.76958
0.838158  0.00874604  -1.99963
3.97499  -0.676449  -0.403046
0.941144  -1.38365  2.26373
-0.0538662  -0.706959  -1.33641
2.24349  1.35673  -3.17936
1.10759  0.104836  1.74942
5.18912  -3.07526  -2.92685
-2.41625  -0.548658  0.0903134
-0.642989  -0.80788  -3.55427
0.407069  -0.112347  -5.06779
-0.968386  2.21165  -0.624635
-2.26078  0.28018  -2.17784
-1.23771  -7.36561  1.47099
-3.26226  2.405  -1.84169
-1.39034  -0.219878  2.61977
0.163858  0.0318922  -2.12919
-5.24798  -0.224598  -0.440375
-0.012103  -0.0922988  7.86575
2.66077  -3.73557  2.30298
2.26516  2.4853  0.34832
-0.260973  -0.347341  -2.10017
-1.53567  -0.830064  3.49662
-2.66121  -3.04902  -0.802375
-0.807516  0.141938  2.18214
2.70391  1.66728  2.64812
1.60981  -1.96124  0.571764
1.62656  3.06227  1.08314
3.35584  -5.16325  3.39133
1.65243  -0.256111  -4.92399
0.878541  0.302239  0.985509
0.572342  2.61567  -0.00412385
1.21673  0.209313  4.60784
2.71623  1.65504  -2.67407
3.25674  1.6438  -3.79691
0.0848706  0.505157  -2.49719
1.27978  -1.35142  2.45052
-0.679374  0.88553  -2.60056
-6.89273  3.07288  1.20658
-0.041219  -0.0175118  -1.4174
-0.157403  1.32995  -4.38083
-1.24765  2.10926  -1.26695
1.78914  0.650561  4.47091
-3.72721  0.762082  -0.0873025
-0.866779  0.604339  -3.15838
1.72278  2.02621  0.477722
3.64102  -1.33887  0.541783
-4.15271  -1.04291  2.12149
0.201964  0.104656  -2.49263
-0.566767  -3.96357  -1.677
-2.0773  -0.850614  4.38894
-0.581693  0.728424  -5.99562
1.17734  -2.42799  0.580736
2.64807  -2.42301  -2.80958
-0.345121  -1.09361  1.11051
2.87172  4.56792  0.924265
0.388885  0.274694  -5.05328
3.46513  2.4593  0.057539
2.43892  0.0458755  4.66426
2.74684  0.904283  -0.60964
2.59717  0.156246  0.790693
1.32853  -1.56701  3.05442
-0.959862  -0.2596  -6.75547
2.39565  -1.22987  0.864869
4.3554  0.755571  -1.72021
0.2813  -2.3941  -1.24651
-3.90593  -2.94464  -1.4077
1.6177  0.222126  3.91205
1.76931  -2.8968  0.818649
-0.568546  -1.20396  -4.26948
-2.49955  3.45061  -0.51943
-1.32408  -0.0725475  -2.42039
-0.940899  1.56506  0.303051
-4.61088  -3.39608  -1.99983
2.78888  5.3141  3.32041
-0.0782148  -2.61065  -1.34792
1.29377  -2.03519  3.7312
2.87642  3.30956  -1.53451
3.27703  0.169744  1.2735
0.357638  0.000654044  1.85455
-0.12777  -0.532917  4.88307
-1.24601  -1.24239  -1.98206
2.34781  -1.82659  1.94917
-0.180516  -2.87791  -1.42938
-4.33062  -1.41501  -4.06868
-0.336911  2.58206  0.670209
-0.0541311  0.837472  -2.58388
-0.786367  1.11606  -1.64361
-3.09205  2.68119  -1.2791
0.580638  -0.248818  -3.88762
-4.23124  -3.08956  -0.988996
-0.12398  -2.47458  -1.58112
-1.48873  6.12408  1.19199
0.233078  -0.474551  -1.3131
1.38088  -0.558826  1.10979
-0.858703  1.52176  -2.81063
-1.41583  -0.921883  -0.869873
0.473459  -0.10051  -3.52237
-4.08412  -3.08734  0.215194
0.448002  2.24595  -1.73916
1.38283  1.41004  3.7792
3.74757  1.30468  0.133258
-0.387805  3.28961  1.23001
3.32949  -0.351789  1.07612
-2.38946  3.30037  -2.1571
0.249911  1.09768  -4.3176
-0.236369  -0.17085  -1.84563
-0.286257  0.234961  -2.6871
0.666055  -1.13332  -3.56545
1.16798  2.64211  3.64608
4.36622  1.01139  -5.1932
-4.43121  2.26804  -0.242885
-3.58011  0.635218  -1.54756
1.77962  1.56329  0.840911
0.22062  0.156412  1.12535
0.678431  4.95739  2.88786
1.27049  -2.58542  3.37924
-1.19432  -1.00749  1.27885
-0.243131  -0.540122  2.0065
-0.10232  -4.46575  -1.37073
-0.571593  -0.0489101  5.61369
0.649621  -0.0715988  -5.2701
1.87659  -1.07615  5.82451
5.38705  0.0257262  2.26834
-3.24108  -1.95592  -3.82606
-2.8055  -0.445377  4.33887
-1.25054  -3.85149  -1.64232
-0.00602061  1.31159  -8.24192
-0.255239  0.395666  0.784389
0.0657294  3.67847  1.65497
-1.55081  -4.65565  0.946706
-3.49082  -5.8222  0.523322
0.216773  -4.79961  -0.325298
-2.72219  -2.33651  3.0529
5.72638  -6.07182  1.59577
-5.95953  1.04852  2.86501
-1.16287  2.47246  1.04298
-7.42167  0.134178  1.06093
1.3237  -2.48291  3.05153
5.0326  -0.354869  0.0335548
-1.97013  -4.35584  1.31802
4.03263  0.955141  -0.18047
-1.56025  0.363004  0.620142
-2.78439  -0.992868  2.32673
-1.82616  -2.62247  -4.54091
0.10517  2.85332  -3.97363
-0.73246  4.24695  2.16162
1.03934  -1.05866  -4.99939
0.211501  0.478357  4.82579
-3.02625  0.494323  0.130868
0.582167  -0.848964  5.99992
-0.586529  0.24074  -3.7375
-1.92081  1.37129  4.1185
-0.847415  0.59369  -5.00703
-1.65479  0.740691  2.06588
-1.17265  -1.48551  0.671092
1.15853  -0.783238  3.68633
-6.34736  0.0859358  -4.04704
4.1596  -0.83675  1.85185
0.299778  0.577585  3.92028
1.59971  -2.08844  -1.05686
4.07696  -0.682245  1.08988
-0.993792  1.91702  4.93812
0.393803  0.671442  -1.49442
-0.853305  1.47294  -0.0527554
-4.06389  -1.72677  -2.07455
-1.20579  -0.726682  2.23022
-0.0157698  0.0232451  4.56341
0.263463  -0.109918  -7.35107
0.993996  4.71351  -4.74532
1.95295  2.33493  1.31598
-1.84777  0.168485  -3.96135
-0.445712  -0.118117  3.27474
-0.159469  0.0963073  -3.56324
3.58952  0.819744  -0.111487
1.81639  1.96449  -0.753093
0.837788  0.0277919  -2.32295
1.57745  0.209146  4.65519
4.95766  -1.54265  3.03997
0.304978  -0.47228  0.846796
1.50241  -2.8871  2.59812
-2.2352  0.502702  0.703203
-0.562618  0.371276  0.189681
-1.57816  1.14157  -2.85951
-3.94435  -1.48395  2.24393
-0.546795  -2.40157  -0.950688
-3.92739  0.550829  -2.81358
-0.0647412  -1.13584  1.56693
0.109752  0.246249  4.49891
-1.63408  -0.297771  3.14974
-0.168109  -3.26215  3.97372
5.30327  4.31869  -3.75765
0.404675  -4.35059  -4.29002
1.00251  0.538722  2.63566
-0.638255  1.4423  -1.27788
0.780387  0.0113069  -3.02929
-1.07923  2.12007  4.94725
-8.49624  -3.08065  0.937523
-0.353061  2.08003  -1.88495
0.276732  0.143998  -2.2267
-2.87474  -1.41838  -5.58045
-1.55578  -0.301259  -2.05269
0.119977  -0.00707102  0.747104
4.52972  2.12538  4.37282
-3.11482  1.5662  5.73359
-2.00586  1.59858  -0.82015
-0.119606  2.25619  3.88541
5.39673  -3.20362  -0.0330909
-0.158796  -0.172171  3.20915
-0.00792057  -0.125143  -5.88313
0.425985  -0.259381  -3.01016
1.79509  1.14568  -2.02824
0.473055  1.81136  2.02023
3.03396  -0.578829  -1.52241
-4.28227  -3.17187  0.232809
-0.348824  0.739683  5.57556
1.36712  -2.24387  4.30556
0.340371  2.16523  -4.32095
0.771362  0.742394  -1.78104
3.33004  0.0339783  2.50028
4.30393  -3.40314  -0.830263
-0.646924  -2.93385  1.03355
1.18673  -0.90616  2.88666
2.42954  4.77847  -2.32369
-0.736683  -0.722136  -0.0897959
-1.11311  0.173623  -4.12201
-2.57738  -3.91425  -0.537765
0.572371  -3.72615  -0.790371
0.378847  1.53766  -3.55695
-2.57665  3.41967  -4.12989
0.629893  -2.41464  -3.74789
4.65777  -0.368597  -2.82104
-2.64784  -0.393459  -1.13554
-2.32951  0.670046  3.07249
-4.80443  -0.230282  -2.36448
0.684431  1.83696  0.266134
1.65748  -2.23433  0.892917
-1.97037  -0.682744  -7.06938
-1.55577  -0.387926  -1.5813
-0.554105  3.4386  -3.0363
-0.91607  -1.15535  2.63662
-0.884256  -2.64601  -2.80394
-1.31916  2.96702  2.34936
1.72563  3.0163  0.296263
0.782395  3.74045  -0.338682
-2.22  3.44264  -0.258558
0.0298768  0.0797755  3.47778
-1.61277  -1.84093  1.46212
-3.14188  -0.83205  -2.62822
-0.431436  0.509157  2.27245
-0.172456  -0.0536156  1.16814
-3.09074  1.00498  -0.568436
-7.04821  1.63086  2.36185
0.0064837  0.00861777  1.12437
-0.00565016  -0.0478108  5.67088
1.51291  2.55845  0.735636
1.42118  2.72845  1.27902
-0.456255  -0.898368  -2.20705
-3.02964  5.00693  0.181029
2.74024  0.316374  -5.11243
-5.09064  5.95517  -1.33659
-1.62793  -0.663342  0.830913
-1.9438  -4.73789  -0.90268
-0.379401  2.72937  3.86684
-0.40675  1.67086  1.95999
-0.819832  4.60099  -2.09006
0.597214  1.48052  -2.81893
0.114992  1.26135  -1.10279
-0.377764  -3.1633  -1.65854
-2.65725  -3.93603  1.83086
2.08429  -5.71658  0.722856
1.17721  -1.9362  -3.58296
-0.0959387  -0.21858  -3.65087
-4.36098  0.849693  -0.169706
-0.254839  0.330006  6.37833
-2.79191  -1.41296  0.121287
2.83156  -4.04953  -4.01575
-0.222186  1.54298  3.41963
-2.32261  4.02895  -0.515711
0.341112  -3.76123  -0.534405
1.69323  3.51798  -1.56335
-0.392853  0.108237  3.03675
0.542992  -4.19446  1.86851
4.65091  0.598554  -3.24623
3.70695  1.9069  -0.0205946
2.71182  -0.625264  -1.71578
-1.49069  0.0341232  -3.81006
1.15076  -1.38255  -2.49025
-1.55487  3.71874  6.32803
0.79212  2.50791  1.55704
1.1772  -2.60632  -1.66336
-2.17264  1.9176  -3.41189
2.70591  -1.66936  -1.80873
1.03841  3.18185  -1.80829
0.497504  1.61415  1.74023
0.440245  -0.490056  -5.83062
4.5719  0.191062  1.79474
-0.0297639  -3.39647  2.10059
2.36186  0.244857  -2.8183
-0.45113  2.47374  -2.83375
-2.11869  0.765234  7.57071
1.75929  -0.297735  1.86875
0.871486  0.244428  -4.84342
1.06662  1.02361  -2.56916
1.34743  2.23485  1.26272
1.2653  0.194182  0.795371
0.206125  0.147611  -4.28043
-1.57947  -2.05769  0.761173
0.0980332  0.0437595  3.12478
-0.0807456  2.07713  -3.94396
0.462722  -1.17325  1.1173
-0.579856  -0.800828  2.43727
-5.17857  1.81424  -8.4361
-2.53288  -1.68834  1.00109
1.65678  2.91907  0.393952
-1.04814  -0.376366  -2.625
3.16425  2.78701  -1.55824
-5.33308  -1.87735  -0.501941
-0.902822  1.06407  2.56797
-2.42682  -0.229335  -1.50006
5.66457  -0.0487958  -0.457108
-2.80545  -0.11991  -0.347848
0.861447  -0.289639  2.87252
1.43347  1.16284  3.55046
0.241165  -0.00271875  5.04784
-0.668701  3.04253  1.41063
-0.695822  0.0555376  -1.01333
-0.443926  -0.440758  -3.00602
-0.729003  1.25865  -6.88119
-1.21156  0.921599  1.86377
3.38804  2.15862  -0.0175708
0.60189  0.524405  -5.18449
-2.41124  0.311469  3.23372
-2.1309  2.45861  -1.8958
-0.993441  1.4912  -3.29688
-1.09964  1.2136  -4.08563
-1.58875  0.901159  0.988051
-1.67883  0.668366  -4.32261
6.00124  1.01128  2.71891
-3.30946  3.05126  -0.686438
0.318549  -0.194319  4.7843
1.948  -3.40179  -2.2505
-2.06558  -1.51225  0.830488
-1.25543  2.1586  0.337801
-0.12622  -0.248504  -1.32767
-2.96826  1.27288  -2.8535
-1.12323  -2.45514  -2.97627
4.80391  -0.894622  -0.767539
0.604739  2.92299  5.37874
2.3082  0.0406338  1.32302
1.14617  4.84137  -0.966299
3.59081  -2.49932  1.89376
0.0749342  1.96438  -0.857171
5.28009  -0.0947577  2.84037
3.48031  -2.83912  3.94719
-0.900536  3.07963  1.28671
2.4554  0.704847  -3.6086
0.233669  0.786963  1.92943
-1.97487  -1.17208  -1.12567
-3.77574  -2.05117  -0.514073
-0.202977  1.76303  1.66182
0.145263  0.0238852  3.17946
-0.264503  -0.113122  -1.81463
0.0652353  0.0548146  -8.05712
-0.710616  1.27386  -1.78424
-0.887096  1.34285  4.29911
-5.77577  0.583036  -0.807356
2.10814  4.12919  4.75008
-2.24756  -1.40784  -2.3075
2.85895  -0.0283542  4.76535
-3.6859  -1.21342  0.242233
-1.33946  6.16094  4.77426
-1.07523  0.575845  -0.375685
0.100326  1.62348  0.0606615
0.0928847  0.015332  4.28429
-0.181894  1.65296  -2.60912
0.88029  -1.50772  1.31704
0.142418  3.92882  2.98317
-0.654938  2.54984  0.869783
1.88852  4.03165  2.17319
-2.20093  0.427399  -0.895844
3.00248  5.07599  -0.430473
0.0602452  -0.493552  -3.37657
-1.71227  -3.72232  2.25487
-3.38257  -0.252821  1.61711
2.80411  -4.50886  -3.36504
1.28908  -0.216624  6.5726
-0.644  -0.9817  2.89549
-4.8902  -4.08482  2.176
-1.06787  0.753108  -3.92801
-0.899231  -4.2952  -2.01122
2.15621  -0.996958  -1.40172
0.976931  -0.23087  -0.163074
1.51376  -0.495113  2.59343
-2.8904  -0.565641  2.88876
1.17005  -1.18365  3.8471
-0.00321233  -0.00461134  7.74487
0.313764  -0.0939581  2.65519
-4.0736  3.87743  1.39711
0.822979  -4.18719  -1.92797
-0.777991  1.80161  -5.49406
4.36958  -1.32057  -1.798
-0.10867  -2.17627  1.70802
-0.59426  -1.34143  -0.532833
-6.19648  -0.337521  3.09311
1.25759  -0.0822323  4.55778
0.0856356  -2.45219  2.85805
0.183293  -1.06698  -4.25415
3.31228  2.28109  -3.29786
3.77958  -0.679183  -3.3168
0.836649  -1.05465  -0.566266
-1.25431  -1.2858  -3.41282
1.83039  -1.61676  -0.0759613
2.33917  -1.0581  -0.664907
0.571714  2.61477  2.45434
2.02032  2.95583  -2.83672
-1.81306  3.16862  -0.352249
0.340737  -0.736079  2.30128
-0.306237  -1.53964  6.55904
-3.4102  1.66822  -0.0313485
-3.08845  -1.91937  4.19277
-4.20883  1.27379  1.17039
-3.48525  5.65717  3.54343
2.05093  0.852187  2.51431
2.67037  -0.738293  0.584085
0.148527  0.0594594  1.47554
2.16775  -2.03152  -4.48598
-3.27388  6.55692  -4.89951
-0.660625  5.73839  -6.34852
4.27148  0.781163  4.17916
2.27508  -0.443295  0.116735
2.63706  0.242608  4.07701
-1.47799  5.57724  4.13439
-1.32555  1.29485  -3.21577
-0.0411634  0.0683928  2.54502
0.0455317  0.573591  -0.815738
0.275691  1.53159  -6.45772
-0.387432  3.26766  -2.24563
2.91002  -1.57789  -0.626445
2.59723  -0.107827  1.52128
-0.99211  1.11346  -3.69837
-0.201074  -0.525112  3.28261
-0.165656  -3.12734  3.21146
0.189319  0.0131186  3.89386
-0.00984849  0.0721377  2.35934
-0.208728  0.0081326  1.66196
0.244282  1.43491  1.5406
-2.62446  -0.727844  -0.0719153
-2.74007  4.19985  -0.226877
-0.50243  -0.0775461  -1.97797
-0.639524  -3.93798  -2.50089
-1.10032  -0.831128  -1.48483
-0.374681  0.115565  -2.29045
-1.50876  -0.0527842  -3.54174
0.638499  2.10852  0.926298
-0.0322208  3.94365  0.0128593
-2.34883  -0.811822  -0.547635
0.306905  -0.708741  -4.27437
3.81643  -1.01577  2.97415
-0.743899  2.09264  -3.6512
1.13286  -1.27125  1.92905
-2.50258  0.458484  -3.45964
-0.558784  1.50547  5.5921
-0.156982  -0.119263  4.41063
0.635444  -0.279069  -0.3497
-0.301552  0.575635  1.53097
3.69666  -3.07621  -2.61477
-0.950024  -0.732611  -5.34823
0.922241  -2.7497  1.57167
-0.258207  -1.16307  3.30547
-0.0332153  -0.0271551  2.90201
-0.188754  -0.0943081  -1.99937
1.87433  -1.19561  3.98331
-5.06003  1.41577  1.91439
0.555382  2.47251  -5.76775
1.42314  1.01259  -1.87098
-1.77051  -0.689448  7.33474
1.98809  3.59987  -0.913603
-0.210846  -0.122565  -0.543164
-2.56499  -0.230013  -2.97899
2.84913  -2.04631  -0.197951
0.638869  1.28281  -2.62698
0.358341  -2.7269  -3.55515
1.00189  1.09874  -1.80906
2.84232  -2.31776  -0.847646
-1.58828  -0.834629  -3.45571
2.15902  -5.06811  -0.00347365
-0.726409  -1.18106  2.70552
-1.41014  -0.357663  -1.23246
-0.762267  -0.496977  2.32344
2.61979  -2.46762  -3.6991
1.65893  -2.80309  -2.21924
-0.199157  3.17739  0.619136
-0.0246225  0.0690369  4.91852
0.424369  -2.40133  -4.56276
-1.01552  1.20104  -2.45715
-1.68994  -2.65533  -1.97959
-3.9992  0.785877  -0.491096
-1.42033  3.0592  0.747363
5.65491  0.102636  -1.86624
-1.58792  0.526841  2.15263
-0.775074  -3.05891  -0.809081
-0.636854  -5.21025  4.83356
6.76067  -0.560579  2.86646
-4.22341  0.224067  3.72452
5.90152  0.917372  -1.50921
-0.467119  3.86059  1.66366
0.622543  -1.5671  -3.57157
0.91508  -1.04672  -0.127576
-1.52092  1.56173  5.7851
4.80651  -2.13513  -2.51893
-1.1272  2.36127  -2.3749
-0.459032  3.18601  -0.971057
1.53806  0.232239  -2.00537
-1.69015  1.3724  -0.647043
0.119093  -0.349584  4.38597
-0.368604  -0.292022  -0.85839
1.26484  0.963125  -0.0637693
0.999686  -0.875714  0.745513
-0.986532  -0.789861  4.3291
-2.8958  -5.20508  2.42196
-0.0247258  -2.44836  -1.07782
-0.828036  0.0438056  -4.22841
-1.45765  0.301979  -0.277069
-2.02704  -3.87445  2.12642
1.96505  -0.0234561  -3.58483
-0.214898  -0.10947  -0.0840582
1.97774  6.08866  4.09141
2.34371  1.9139  -5.83667
-0.587964  0.234022  0.746314
-0.0120076  3.15935  -0.00437913
-1.69676  2.6402  3.30091
0.0147852  -0.497308  -1.03391
0.436972  1.20216  0.225369
-5.42346  -1.20859  -2.61972
2.37792  0.259584  -3.33543
-3.69155  1.62627  5.40462
1.24406  1.55194  -2.19556
-0.701364  1.39217  -6.54249
-0.334994  1.67203  -0.61359
-0.0216552  0.00698737  -2.96604
-2.87051  -2.20673  3.00354
-0.1764  -0.125732  2.71864
1.52381  -1.56126  -3.09018
3.4966  0.625869  -2.71169
0.211195  0.781329  0.539771
-1.20702  -0.432415  1.06889
2.78887  3.20499  -0.657763
3.42812  -0.142683  2.33996
1.44622  -0.472758  0.896329
2.11733  2.3271  -0.28022
-0.0736664  -0.662308  -6.40908
-0.526325  -4.8286  -1.02919
-2.13134  0.107103  -5.14401
-0.54566  0.0523798  3.02871
1.57979  0.563743  -1.94505
0.937281  0.324524  -4.79667
1.70521  -0.433222  -0.959056
-3.95232  0.930865  -2.09476
-0.906944  1.10833  -2.48299
1.68333  2.20577  0.0752002
0.374589  -2.94001  -0.634501
1.88023  1.6793  -1.84376
0.807544  0.0532682  -2.66642
0.0655276  0.784922  2.20069
-0.394539  -0.463012  -4.83966
1.99171  -0.980056  0.966798
3.1995  -1.36755  1.50505
0.103218  3.20542  -1.76234
-0.797596  -3.7838  0.893462
0.34068  1.07608  -0.992873
-1.14678  -1.93187  -2.57241
-2.71083  1.26835  2.91398
3.96436  -2.66311  -1.98071
-1.78026  0.473652  -5.30091
-1.29118  1.13961  1.56701
1.94194  -3.42274  -1.3455
-0.345  0.942088  1.89369
0.951434  0.385587  -6.24794
4.16164  1.57455  2.8958
-0.481934  2.86185  2.13617
-0.843749  -1.47441  -1.19589
2.26187  0.983852  3.31167
2.54614  -2.93547  -1.30305
3.79067  0.740687  2.62173
4.00843  1.02441  -1.07128
-0.830445  1.1113  1.55466
-3.73142  0.325192  -2.80418
-1.15158  2.10399  -2.94589
-2.26308  -4.51306  1.78151
-2.01864  -3.0532  -4.66754
-0.729583  0.579369  4.80713
0.711578  3.28157  0.114377
-5.43048  2.25644  -4.24589
2.82119  0.273973  2.38571
-3.9066  -2.00045  0.0704638
0.813572  2.06006  1.69631
-1.77435  0.0475743  1.85954
2.61631  -3.81949  4.47412
-3.2216  -1.40888  1.66204
1.1305  -0.446783  -2.96885
1.84223  1.48945  -0.814717
-1.65223  4.17338  3.43141
4.67803  2.37339  -1.60251
2.16027  -0.185104  -1.01777
-4.3668  2.1217  -4.87783
0.239017  -0.585525  -0.305945
1.27816  1.40615  -3.01946
-0.308422  -0.0394683  3.56436
-0.904016  2.51131  -0.595784
4.6408  2.00121  -0.568634
0.426195  -0.803424  -2.30371
1.54051  1.5006  2.08491
-4.12705  -0.269329  2.56388
-0.145888  -0.324774  -3.58564
0.325376  -0.480113  2.38328
-0.863183  -1.87766  -0.840116
0.640676  -0.378117  -5.00209
-0.0247557  -0.00759524  -0.959979
-0.0986658  -0.106555  -4.56079
-0.253389  -4.29271  -0.457998
0.17465  0.354789  2.10414
3.77714  -3.53206  -0.857385
-1.13104  -0.621764  0.878453
1.12295  -1.0587  0.49829
1.70808  -0.723204  -4.90833
0.043963  -0.455747  -2.59845
0.431531  1.31172  -1.50689
1.39222  0.850009  -4.45239
3.16319  -3.98855  -3.94325
0.859848  -3.76086  -4.37718
-6.46329  5.14806  -6.06338
-2.11592  -3.093  0.387616
-1.89632  0.504602  1.35083
-1.58168  5.08866  7.24364
-0.154567  -1.71141  5.93388
0.295993  0.401305  4.09418
-0.877397  -0.563627  -3.71372
0.0697849  0.401935  4.4359
-1.75922  0.830761  3.26914
1.3846  0.507006  4.42776
2.01182  0.60934  0.940879
0.946155  1.00652  -2.19455
-0.347605  -1.3325  1.41017
3.1506  -0.893668  4.03145
5.22444  -0.421026  -1.10435
-0.305584  2.75092  -2.62852
0.464224  1.76095  0.720019
-0.650415  -1.59134  -6.88547
2.58847  2.55642  -2.11446
0.00692677  -0.150713  -3.48034
1.93847  0.304388  -4.15885
0.159306  -1.11763  -3.71806
3.48527  -1.49892  -1.44269
0.0148452  -0.0635175  -4.30185
4.57825  3.21761  2.52365
-0.3271  -2.75304  -5.13457
-0.26166  -0.433549  1.0394
-0.975241  0.801342  -2.70656
2.48104  1.32872  1.18692
2.44562  -0.984959  1.37967
0.531223  0.329331  2.99655
-2.57353  0.915435  3.59849
1.55253  1.6283  1.66392
2.44554  -0.548473  5.60447
3.09989  2.91339  4.17992
0.866413  0.739721  -0.955774
-2.40249  -2.50621  7.09496
0.0745001  -1.12534  -2.98481
4.43415  -4.15454  -1.23289
1.19815  -0.574323  -0.197892
-0.315513  0.262792  -5.84596
4.6505  4.47754  -3.55004
-0.468008  -0.062518  2.807
-2.82295  1.41587  -0.124222
1.84057  -2.25197  -0.93884
-1.82001  -3.07059  1.61066
-0.318895  -0.154357  -2.12356
0.0244334  0.730661  2.02161
0.104466  2.91947  -2.13001
0.560109  -0.169099  0.756404
2.23322  -1.02082  1.11452
-0.697723  -0.040496  3.33227
1.39157  -0.444301  -0.279252
1.32146  1.30242  1.63837
0.820244  -1.83782  -3.42739
0.170456  -0.441252  2.8307
-0.490516  -2.057  2.79303
-0.027742  0.472888  -2.13992
-2.86517  1.0689  3.38464
1.18773  -2.05918  -1.56511
0.77902  0.255345  0.586912
0.0142848  5.72583  0.0339735
-1.4189  -1.1524  -0.738096
-1.76373  3.58913  0.0718361
-0.404507  -1.35566  -2.83957
0.814173  3.89984  3.38037
-0.931374  1.43084  -0.774815
0.905061  2.5509  -2.33346
0.431924  -0.0102638  0.329406
4.08573  4.01661  3.64657
-1.203  1.24473  -2.60007
0.248828  0.0303378  -1.16101
1.17416  -1.36659  6.58354
-1.77186  3.83337  3.52422
2.11401  -0.486897  1.51308
-1.80924  -1.46566  4.49355
-0.105917  -0.146338  3.99522
-1.718  -1.98713  -5.49095
-2.018  2.69656  3.18576
0.260649  0.220421  -2.65082
0.0846434  0.911577  5.14078
-1.39163  -3.62829  2.31526
2.00404  0.727709  -0.526771
0.728258  -0.777955  -2.88704
0.236751  0.855461  5.4216
0.0425867  -0.0484987  -3.10902
5.98224  -3.01474  -1.70466
-0.630024  -1.05539  -3.22198
1.67619  2.74029  -4.10587
0.167205  0.113348  -3.83646
1.52003  1.73359  5.488
0.877604  1.07429  -1.02917
-1.23707  -0.50011  -1.67327
1.10169  0.316854  -1.36396
-0.148257  -1.77785  -6.3943
2.43946  -0.473435  4.64756
-0.360363  0.0334733  -4.10704
-3.45363  -1.10116  -2.01068
-2.46796  -0.778783  -0.332673
-2.11402  -1.3858  0.658555
-4.28104  2.63205  -5.20798
-3.03885  5.1389  0.810785
-1.59945  2.4847  1.64911
0.00372553  0.00380354  -2.56617
2.24888  -0.246921  -0.0259947
-0.548583  -0.586083  0.961345
1.01263  -0.518837  2.92667
0.829253  -0.573159  -1.15244
-4.24932  -1.34435  0.199153
-0.753616  0.553494  -5.70814
2.21474  1.70927  2.23376
-0.257342  5.42284  2.37628
2.94486  0.559317  -0.869522
2.02761  2.17458  -4.278
0.537409  3.4699  -0.884172
-0.811191  1.38755  -1.35463
1.90335  4.04145  -2.06473
1.7147  -0.262914  -1.01998
-0.75447  -1.34287  -0.101655
0.512033  0.0798918  1.55439
-0.84045  1.67809  -0.964655
0.823672  -6.81132  -3.62971
-1.31892  0.660231  1.48854
-0.445872  -4.51277  -2.7379
-0.36892  -0.351786  -6.45115
-0.107979  1.64625  3.70011
-3.30546  -0.0451995  -2.83829
-0.873096  1.99361  -0.123007
-1.4763  2.9136  -0.329976
2.60922  2.17431  0.578914
2.99315  5.37833  -0.978574
1.41206  3.43945  0.65169
2.32922  2.02659  1.58385
1.15239  -1.22561  2.97574
-0.48408  4.73392  -5.84472
-1.95835  0.867719  -6.23926
-4.88603  -1.57493  -1.49348
2.56109  -4.11195  6.54699
0.310709  -0.308101  -5.7352
4.47127  -1.43229  -1.09576
-1.7425  -6.21397  0.0631047
0.429691  2.48183  3.22439
-0.325747  -2.46114  3.22845
-0.172066  -2.9453  -0.357769
0.541401  -0.0522993  3.19357
-0.290125  -0.221806  -0.723938
-0.576338  1.93598  3.84861
-2.60164  -0.0486041  -3.3959
4.07094  -1.16422  1.22998
0.9282  2.45651  1.10639
-0.184229  1.63948  1.97038
2.0637  -5.02658  -2.27315
1.22228  -2.26048  -3.97814
0.515642  -1.85288  -0.984991
0.824712  4.93416  -3.7453
0.451668  1.43441  -1.44691
0.457548  -0.133101  -2.1359
1.02354  1.21833  0.386437
6.22467  -1.49125  -4.17587
-0.0199682  -0.257866  -0.650297
-0.0812145  -0.669552  -4.03255
3.52363  2.59741  2.37824
0.210902  0.234632  3.73274
-4.69316  1.96647  -1.72561
0.471458  -0.0681698  1.6564
-1.78838  4.43347  -2.0572
-0.0974195  2.83233  2.92529
1.2636  0.522399  3.35982
0.160646  -1.0715  3.99188
0.652293  -2.61369  -5.52477
-0.0257738  -0.0185901  -3.78426
0.100688  -0.0493603  -3.70697
-2.55948  1.52371  -0.514038
0.11747  1.60848  7.63649
1.34768  -0.477964  0.581195
-0.0323945  0.06421  -0.955938
-1.93722  4.27737  -2.90894
-0.93681  -3.10655  0.773998
3.12329  0.586339  0.491544
-1.82571  -0.472289  3.99986
0.0128882  -0.104192  5.00183
-0.0197913  1.92602  -3.81904
0.36704  -0.059702  4.7137
2.35246  1.93179  2.01287
1.08768  1.96729  -2.22019
-0.0339092  -1.16003  -3.50964
2.14563  -1.80424  -3.16113
-0.81574  1.63991  -1.10511
-0.229473  -3.33208  2.37475
-3.26113  -6.97286  -1.51513
-5.51847  -1.3417  -3.72581
-0.0376941  0.0447796  3.93049
-1.76503  0.827811  -3.99983
-0.434113  1.16447  6.02528
1.35724  4.66958  0.61839
-1.01925  0.218314  -2.00021
-0.0571359  -0.169985  -2.23978
3.31306  -0.00774352  -2.70685
1.29259  0.264134  -0.795581
-0.763424  0.415014  2.43634
2.03805  0.0948053  2.77688
1.51594  -0.281608  2.6816
0.567587  -0.908107  -3.1641
1.26602  3.84536  3.05493
2.3009  -2.9246  -0.930103
-0.0401467  0.499015  -1.2616
2.91992  -2.59077  1.3495
0.00338008  1.75475  -0.721273
-1.08716  -2.6905  1.9101
1.05171  -6.79616  -1.23336
-0.274668  0.1903  -0.964718
2.26765  -2.46299  3.54607
0.819266  -0.216362  2.55426
0.106592  -0.681598  -1.56793
0.0578175  -0.00837307  -2.06275
1.01956  2.70776  4.10472
-0.0916612  0.10864  -2.91837
1.90313  -1.77307  4.6121
-1.81189  0.493399  2.57702
0.271303  -1.50364  5.9502
5.05429  -1.30574  3.45778
-0.0715153  -0.263571  2.09881
-0.753115  -1.27939  -2.78818
0.381464  0.592464  -5.24927
-4.94342  -0.436324  2.44652
0.00573939  0.473285  -2.22879
0.500639  0.971138  -4.12485
2.38142  0.293841  6.26055
1.60484  -0.156163  3.62713
1.32613  1.31185  -2.47194
0.320309  -0.0208191  -2.65286
4.8869  -1.71855  3.36044
-3.62511  0.451499  1.84388
-1.28768  -0.433287  -2.24562
0.723571  -0.479753  -4.39817
-0.0426025  3.88621  2.29728
-0.461157  0.483369  -1.4994
-0.111607  -0.444385  -3.58848
0.423784  -0.243132  4.23247
-1.0783  0.883078  -3.21507
2.17355  -6.26031  1.45699
-1.16561  1.63238  -0.935102
0.00535293  -0.158858  -2.23794
3.9661  3.30552  2.26838
2.1943  3.57872  -3.94015
-0.549215  -1.74977  2.01904
-1.18279  -0.397047  2.40869
-2.69936  -0.0566702  -1.35201
-0.449346  0.0723726  4.53714
0.648439  -0.124585  3.78333
-2.37015  2.0877  1.23448
0.0347701  2.74216  3.28262
1.4037  3.03786  -3.48226
0.174754  -0.63238  -5.04305
0.53324  -0.990284  3.5289
-0.641371  -0.119526  1.0021
0.98567  -2.01013  -0.983878
-1.50981  -1.23677  -4.84101
0.154296  6.53945  -1.63402
-0.737253  1.62352  -1.47331
2.7706  -0.813777  0.851693
-0.358792  -0.144235  6.32499
-1.0084  -1.7605  -0.0387394
-0.510316  -0.123878  2.56931
1.0216  0.949432  2.92091
-3.6354  -0.533675  -0.0887987
-0.41741  -3.17961  -0.0427751
-0.298169  4.48141  -5.13264
-0.208203  -1.64815  -5.74064
0.568335  0.030551  3.35538
0.306033  3.79217  -0.708606
1.69926  4.32477  -0.555455
-0.577279  0.337079  3.5198
-2.28922  -2.68586  -4.84599
-3.84576  -0.472515  -2.16404
0.606492  0.289295  -4.77559
3.32409  -0.527754  0.275644
3.09077  -0.389145  -1.36751
-1.43045  -4.04044  -2.05244
1.53559  -7.08939  -0.409896
0.276612  0.044986  -0.426695
-0.588482  1.26571  0.967001
3.73387  2.00191  -4.36874
-2.16688  -3.67559  -1.09323
-1.6009  -1.77777  -3.48078
-2.12594  2.35286  -1.92637
0.238344  0.969616  -2.31748
5.75161  -2.69547  -1.15714
-1.25251  1.57342  -0.851763
-0.853077  3.35262  -0.749485
-1.43684  -0.212936  -3.55276
-2.36828  3.24035  1.88107
2.54724  -0.125544  0.0131677
3.41761  4.15819  3.17138
1.8302  -2.57017  -2.11554
-1.41593  -0.0269417  -5.85495
0.0753871  0.649371  -1.56632
-2.12481  -2.23518  -4.93786
-2.47332  1.7468  2.05874
1.71992  1.58011  1.76224
0.216977  -0.0442013  1.97963
3.73995  -2.50864  0.209475
1.28494  0.352065  2.10442
1.56543  -4.16827  -7.87583
-2.77836  1.91053  1.10066
-0.129415  0.784291  2.53186
-0.5477  0.150479  -2.45201
-1.90897  0.959115  -0.896555
3.10497  -0.860036  0.515613
2.26222  2.64856  -0.737425
-2.34334  0.134615  -3.35043
-1.15568  -2.4409  -1.27626
-1.46965  0.349738  -1.26965
1.89634  0.391546  1.32797
-0.869825  -0.656495  -2.41256
1.4409  -1.04124  3.471
-3.57216  -4.09684  -1.23137
0.00708291  -1.98472  -2.85005
-3.37785  -4.22107  -3.39372
4.74241  2.53013  -0.985968
-0.44345  -0.648825  5.31633
2.7604  -0.450385  1.38079
3.25587  -0.400791  8.94348
-3.80295  -1.54433  1.33139
0.505334  -0.10774  -2.59762
-0.14265  -3.23188  -2.33316
-2.66594  4.23541  0.673242
1.15614  2.45324  0.672745
-0.294626  -2.48962  -3.50186
-1.81986  -3.17565  4.64845
-1.93399  2.25059  1.70308
2.7533  -1.8695  -0.717456
-0.00407262  0.00412617  -1.60909
-0.827726  -1.68391  -0.99826
0.0651623  0.278181  5.49041
2.46138  1.03343  -2.75974
0.493222  0.40448  -1.44847
0.460931  -0.0586291  3.92317
-1.45163  0.599326  5.41681
2.34098  0.405913  -0.309683
0.314377  5.07054  1.57599
1.52568  -1.80495  -2.6859
1.32681  3.53863  -0.964717
-0.217659  0.199851  2.24846
-0.0155023  0.631236  -2.59981
-0.00768815  0.147105  0.950075
-6.03632  -5.42712  -3.12246
-2.14594  -1.90976  5.0966
0.0541728  -0.11701  -4.32389
4.13441  0.183518  3.1475
0.385561  0.120789  3.95722
0.283976  -0.205377  1.56038
1.6099  1.29559  3.82593
0.0299399  1.8764  -4.74902
-2.32896  1.25253  -0.380876
3.30168  -1.07773  2.97038
1.4463  0.421079  -0.83809
0.161774  2.91243  -4.33507
1.2121  -1.60249  2.16682
2.83093  4.59734  -2.19578
-0.505327  -0.945984  3.07029
-0.330715  -1.99554  0.516197
-2.92902  -1.70358  2.65458
-0.233682  1.2693  0.711624
-1.11846  -1.23124  0.524048
-2.00292  0.863178  1.73568
-2.03268  2.57473  -2.0956
1.54181  -2.47777  1.65747
1.29541  5.93463  0.68585
0.643216  0.0394326  2.32545
-3.83171  4.58254  -2.74841
-0.108213  0.341222  -2.80032
0.233145  -1.75671  0.539536
-2.14169  -2.72281  -0.438125
1.62582  2.67183  -1.28474
-0.171925  -1.43608  -2.07283
0.367576  2.47624  -4.38612
3.50086  3.43029  0.699165
0.203024  -0.707073  -1.08531
0.803071  3.41482  1.11117
-2.47786  -6.07825  1.52936
1.11456  0.899711  -0.721229
0.670237  -0.0673391  4.7594
-0.219077  -0.0123542  -1.29758
2.55703  0.533344  3.59854
2.18952  -3.59204  -0.247561
-1.82159  0.250617  0.638832
0.228412  -0.710739  1.63966
-1.29944  -2.59221  2.91356
2.06054  -2.10494  0.529248
0.00344181  1.07671  -1.94465
-1.09732  -2.11913  -0.811519
1.3792  0.53844  0.11167
-0.224461  0.963556  -1.33803
0.392079  1.19878  -2.54898
-0.578968  2.94696  0.00316263
0.477702  0.641618  -2.18059
4.11893  -1.84925  1.64215
-0.807039  1.35219  3.57087
-0.953852  1.68296  0.357673
2.70287  -0.684683  1.2236
0.148075  -1.97174  3.36297
-1.56696  4.33638  0.898284
-1.20223  -2.92808  -0.618443
0.18815  0.00571239  -3.18877
1.47595  -3.12259  -0.67345
1.22275  2.08658  2.35366
-0.558036  -4.49894  0.082189
-0.338052  1.26485  1.53415
0.189567  0.102077  4.07925
-4.91054  -0.509349  0.135639
-2.09508  1.98381  1.36337
-0.0663068  -6.81903  -3.87812
0.576753  -1.90462  1.33261
0.0327165  -1.30742  4.83476
-1.49365  0.459925  3.64725
-1.48584  4.77102  -3.9904
1.11875  1.60786  2.4546
0.753543  -4.60621  -1.56921
-1.56665  -0.919478  -3.33505
-1.64231  1.15363  -2.43598
3.17179  0.70815  1.00266
2.38609  -1.75723  -0.644581
0.723818  -2.61022  -2.98286
1.11361  -5.44553  8.14901
-0.33248  -0.727751  -1.87582
0.470311  3.9538  2.92058
0.997538  -0.235207  5.27045
-0.119006  0.121554  -2.6519
3.49679  1.47944  -4.04184
1.15942  -0.973888  3.58224
3.27024  -5.02708  -0.304745
-0.164698  -1.34098  2.03086
0.0165582  -0.0643298  -4.26335
1.00452  -1.66771  -0.0388937
-0.471764  1.99278  0.851532
0.316273  -1.69804  1.85301
0.422211  -1.12806  0.754041
2.39393  1.46239  -1.75909
1.60079  -1.7302  -0.766306
-1.82038  0.326922  -4.25125
2.61179  4.60821  -0.849432
-3.54341  -2.9976  -3.43656
-0.398341  -0.882005  2.21573
0.056124  -0.0458237  -1.54301
1.81109  1.54406  -2.3236
-0.216739  2.78809  -3.37677
0.531641  -0.112921  -3.7472
0.0841605  -0.0278184  -3.97192
-3.86198  0.0180577  -4.03029
2.05337  2.22413  -3.78998
1.35339  0.208246  -1.72304
0.55527  0.448936  -2.47689
-0.864065  -0.540312  -1.73934
-4.24333  1.95296  6.62487
4.90639  2.11835  0.71338
1.1832  0.0623105  -3.76984
-3.93804  -3.09227  5.57953
-3.72128  4.28106  -2.24839
-2.38464  -1.85424  2.36707
3.57885  0.790908  3.55382
2.30398  0.511103  -1.92192
-3.06542  -5.71982  4.81012
-0.00361427  0.0141278  3.23714
0.228429  -4.41908  -1.76633
-2.40188  1.60232  -3.70103
-1.246  -0.63852  -3.87247
1.12147  -3.43471  0.799699
-0.31839  4.22723  -2.75764
2.61931  -2.48878  1.31149
1.61295  -2.31263  -1.9594
-0.397817  -0.275443  -2.71864
1.04497  2.10741  -4.8131
-2.6149  0.406995  3.58695
-2.25845  0.131291  -0.290281
0.274748  -0.934012  3.76173
1.37524  -4.40501  -0.368645
0.55746  -1.14086  -2.15132
0.473411  -0.839634  0.0915384
0.741144  0.475281  2.39352
2.45737  -1.75452  -0.876505
-4.87017  0.630801  0.044416
4.81949  -2.35026  0.393438
1.80349  2.85234  2.79663
-1.56945  -2.80853  4.74205
0.256184  -0.231446  2.77989
5.60802  -0.591857  -0.28058
-2.15986  2.26765  0.202449
-1.17044  -2.56127  5.12225
-0.543537  -1.69542  -3.40263
2.4613  -1.2122  4.55589
-0.887601  -2.61455  0.0333402
-1.32996  2.55311  -2.4638
1.76534  4.92174  -0.333093
-2.83671  -3.11551  7.77134
-0.0215584  -1.77996  1.41749
0.398039  -1.88836  -0.205486
2.15148  0.141485  2.48357
-2.66068  -0.122138  -2.07743
3.80166  -2.74012  7.88345
0.352237  1.37358  2.29458
-0.689905  -1.80934  -2.39645
-0.244092  2.95396  4.26527
-0.496785  0.654647  4.08793
0.361431  -0.230327  -2.45117
0.516172  0.46932  4.07747
-2.03902  -0.663875  -3.81122
-2.1656  -0.89213  -3.5742
-0.997094  1.67154  -4.76344
1.99285  0.441134  -2.13802
0.692105  0.193196  -7.13506
-2.60411  -0.0297233  -3.20386
1.22208  0.0793225  -2.01815
-4.6461  -1.10736  -0.184169
-1.2567  -2.80601  -0.170335
-2.39444  -6.49853  1.36987
0.253344  1.40021  -4.07373
3.78335  2.28083  1.65604
-4.15388  1.37901  0.211457
-1.97537  0.936603  0.419455
-4.30681  0.17331  2.05005
1.29275  3.63017  -0.572833
-0.371398  0.435819  4.14512
2.28407  -1.25152  -2.73439
-2.89033  -0.275529  -2.08072
-0.374618  -0.642424  -5.21288
-0.0733417  -0.942321  -0.175536
-2.20095  1.94439  5.04532
-1.4842  -3.15729  -3.44417
-0.0432146  0.440314  -1.77103
-0.646844  0.782723  0.465998
-0.0125537  0.328527  -2.56263
-2.07667  3.04657  -0.96434
4.94588  2.17962  2.91798
0.79301  -3.88043  -5.24781
1.45734  2.08453  0.0351768
2.25606  0.618283  1.98925
-0.270755  0.581281  0.330686
2.93612  2.31285  1.15118
2.96875  2.23848  3.96936
1.26527  3.47967  -1.48369
1.12858  2.38923  -2.97455
0.780872  -0.328649  -3.91313
-2.4412  -5.19504  -1.18126
-4.86651  0.408236  -1.87452
0.963405  -0.123511  -5.63375
0.858587  -0.583173  -1.9843
-2.21405  1.07556  2.69175
-2.038  -1.09071  2.3077
1.88759  0.541595  0.036458
0.330653  -0.0214517  0.155549
-1.66948  -1.91719  3.56066
-0.29232  -0.086542  2.99768
-0.370034  0.154205  -2.83919
1.53132  4.24932  -2.33729
-0.254435  1.72437  -0.220099
-1.90891  4.931  1.91407
-2.37785  4.92591  0.81213
4.96561  0.554073  5.14353
0.0157981  -0.0186052  4.67366
3.86837  -1.32938  -0.0561069
-1.03963  1.41286  -3.23272
1.45181  0.769092  -3.28439
1.33246  1.00203  -2.00234
-0.701651  4.80388  -2.58504
1.52327  0.153995  3.07392
-1.81496  2.69033  2.99479
-1.53298  5.27251  -2.84154
-0.938591  -0.75061  -3.34698
-1.96625  -0.534805  -1.82154
-0.509778  3.63539  -5.13061
0.761362  1.98681  -3.25204
-0.188327  1.59861  -0.41846
3.16189  -6.07843  -0.287195
-3.3228  -0.314032  2.65078
1.25076  -4.78208  -3.32264
-4.25679  -0.815684  0.515545
-0.701931  1.63123  3.72276
3.61669  -1.96849  -1.44844
-0.347946  4.12  1.09913
-1.48855  -0.637369  2.32326
-3.27614  0.917849  2.82463
0.653047  -0.300043  -2.44062
1.20366  -3.77604  -4.00223
-2.53117  0.259356  -0.311821
-2.36012  3.66134  2.37028
0.932008  1.40841  -1.75291
-3.58977  5.90949  -0.716898
3.49008  1.04304  0.866968
-0.179475  -0.73681  1.34697
2.51435  -3.38835  -0.821615
2.88219  0.429283  -0.0246092
-1.20038  -1.53488  0.759211
2.82274  -0.188238  1.57609
0.145308  -4.20185  -0.871205
0.261208  -4.72387  4.64824
-3.62359  -0.744619  2.34945
0.171516  1.27605  1.60382
4.21458  -0.890065  0.493228
0.12502  0.0019844  1.42559
-4.14211  4.45414  0.951146
0.580268  2.07224  1.15107
3.40545  -3.34019  -0.393298
3.05641  -0.954812  -0.439586
-0.184639  -0.661001  -2.77255
-3.98905  0.402967  -2.26661
2.73433  4.72254  -1.00995
1.91965  -0.760212  -0.0487148
1.28736  -1.87611  -3.36705
-0.566878  0.560675  -3.53515
0.808604  1.78195  -0.64409
1.0301  -0.557011  2.60084
-1.59067  2.18983  -2.16082
0.780261  1.60978  3.51527
1.115  2.28285  1.6477
0.321466  -2.91455  4.59826
-6.52662  -1.00633  -0.9804
0.285615  0.141258  -3.89681
-6.24452  -0.687679  2.02188
-0.0772308  0.154812  2.20635
-0.32767  -0.80812  1.02684
0.3418  -1.65803  -2.45146
-1.06174  2.44791  -5.45357
-1.32017  -2.2646  -2.20125
-1.18379  -1.66725  3.69607
0.0491671  -0.647372  4.90667
0.48918  0.983507  -1.91091
-0.719028  -0.225631  -0.488846
1.75684  -3.05717  -0.294517
0.528471  -0.794849  -0.823354
0.141811  -0.0934637  5.0502
-4.20445  -1.5922  -1.63248
-4.98664  -2.94481  1.26388
2.46093  -4.31495  -2.16283
-0.337342  -0.500589  1.81209
-0.996376  1.91194  4.03693
3.76592  -0.872542  2.05745
0.614439  1.87007  5.53197
1.66774  -2.9819  2.84644
-1.29448  0.514919  -3.09776
6.53651  -4.30254  0.420924
-1.77324  3.97171  5.91567
1.26116  -1.11214  6.23165
-2.14996  -1.78811  -6.20495
-0.592945  -0.385702  -0.5777
-0.185647  -1.37846  0.203297
5.65602  2.43372  0.0184995
2.62869  -1.22392  2.30355
4.80449  -2.75955  -2.81366
0.0193364  -1.59815  -1.73599
1.99015  -1.10584  -0.528823
0.310287  -0.178381  1.4239
0.317235  0.76183  -2.14401
0.751075  1.21605  3.73152
0.118887  -0.0135706  2.07201
-4.88411  -0.0385734  -1.61566
0.933077  -2.67061  -7.80072
1.13338  -0.193026  -1.7878
-1.90379  -4.27451  -3.14743
-4.35497  2.9012  -1.40629
2.65198  0.634415  2.32743
0.188526  -1.23321  2.7592
-1.4031  0.754547  4.79815
0.0509452  -5.02797  -3.77017
-5.749  1.17426  3.26202
2.94029  -1.83652  -0.0385353
-3.82993  -2.1662  1.62778
-0.162621  1.27071  -2.13698
1.5348  -0.557602  -1.84199
0.624989  -2.60419  0.57923
0.304045  0.0657328  -1.32218
0.898278  -2.05066  1.75076
1.77885  1.41291  -4.05293
-1.75586  -0.287843  -2.277
-0.728143  0.752043  -1.35078
0.622376  0.270466  -3.14384
2.3068  1.04146  0.737035
-1.14562  -0.0854134  -2.08019
-3.29095  -0.937782  0.118666
1.67598  -3.16725  3.2925
0.0246653  -0.230109  6.07789
-1.37234  1.00595  -1.58385
-2.49242  -1.1104  1.40198
3.29006  3.01433  -2.63107
4.9496  3.68164  -0.217955
-1.53854  0.63512  -5.44273
0.226438  0.620078  1.45383
1.44776  -0.247465  1.4377
2.92249  0.794816  2.18438
4.27858  2.76273  0.0173332
-1.56402  0.721057  0.472936
0.543768  -1.07563  2.25069
2.94506  -0.0761263  0.0116506
3.98699  -0.308558  2.2587
-3.13837  -2.274  -0.490452
-2.7734  -0.943376  -4.46481
-6.1682  -2.16703  2.90777
-0.148174  -0.67704  -4.5144
-1.12061  -1.06694  3.89106
-1.51224  -1.64559  -3.88277
-0.182123  -2.70061  -2.2808
0.430549  -0.530175  3.08239
-0.214492  0.435692  -2.29266
0.217951  2.25503  -3.87545
-1.88235  3.39726  1.7526
0.783215  -4.13907  2.56477
-2.52927  0.280602  -2.74038
-0.315764  4.77207  -1.62498
4.85268  -1.90027  0.355799
1.85313  0.214852  1.88649
3.87151  1.6291  -0.535893
4.43161  -2.92365  -1.19643
-2.29216  -0.319818  -0.892541
-0.453123  -5.82173  -2.37356
-1.62744  0.454633  3.50028
1.3783  -1.54288  0.900265
-2.76112  1.11812  4.21242
0.802955  0.849545  -0.995829
-4.69531  -1.73078  -5.38187
6.02895  6.15466  3.91777
-0.795911  -2.01277  -5.8238
-0.36412  -0.491426  -2.01982
-3.45736  -0.232026  5.75625
-0.661051  -0.919366  -3.85352
2.80501  4.25558  0.786554
0.722882  -0.0379346  -0.425512
0.165169  2.55088  3.07732
1.14843  -1.86608  -6.66093
-1.31537  -0.180729  -1.42976
5.73195  -3.89893  -1.67445
0.641471  -0.231878  -10.0252
0.764982  1.48527  -1.90679
-2.499  0.0695273  0.957632
3.28859  4.24667  3.80547
-0.254173  -0.448497  3.14097
2.73785  -1.11362  2.5767
1.7743  3.66108  1.9456
-3.41801  -0.663  -0.976356
-2.36667  0.0587153  -1.59632
0.660786  0.799815  1.62037
2.27893  -3.11875  -2.01885
0.895759  -0.907748  2.90291
0.744319  0.144891  2.60567
1.94041  -2.60422  -2.54777
-0.560903  2.35682  -0.401912
-2.68755  -0.525054  -2.85882
-2.04656  -0.361502  2.32794
-1.48381  -1.31709  -1.48976
0.316533  0.017521  4.30479
2.49582  1.27525  -2.99716
1.75244  0.362173  -1.11011
0.220694  0.048969  5.25045
-2.49934  -1.83328  3.98017
5.66582  -4.14627  -1.45958
-0.041809  -1.91334  6.09964
0.000230498  -0.47883  3.83321
2.57428  4.77578  -1.70566
-0.45868  -1.09954  -0.489185
-1.12067  1.87436  2.96806
0.129678  -4.85969  -0.598894
-0.200576  0.676607  -0.287003
2.17254  -2.80337  2.84228
0.951667  -0.0600945  -1.54183
3.37434  -4.82745  0.548024
0.0019213  0.0161317  -4.18361
-0.193408  -0.382586  -1.72055
2.99377  -1.27394  2.98735
-3.62554  0.593373  -2.85443
-0.369516  2.28638  -0.268161
-3.52957  -3.92661  2.21355
-0.325806  0.197713  5.49917
-1.64648  -1.52644  0.860148
4.28807  0.203903  -1.16728
0.380733  -1.63449  1.17099
2.37311  -3.48725  2.26186
2.34586  -0.504657  -0.30826
0.852478  -1.65704  3.92906
1.78738  -0.403546  -2.91166
-0.225412  0.841106  -1.33097
0.522249  -1.22051  -1.97674
-0.702926  -6.9789  -0.503426
1.10432  -4.74732  0.155396
1.23417  3.80752  -2.36697
0.65132  2.33375  2.26733
-3.30845  -3.71444  0.381833
-1.80164  0.0267405  -3.28123
0.00859212  0.0515111  0.348236
-0.465809  -0.507991  1.79629
-0.908449  0.479529  1.15594
-4.46337  -2.2595  1.31277
2.13097  -0.561681  1.9701
-3.21987  2.07857  -0.494665
-2.35759  2.77573  -4.5342
-1.26489  -0.921307  0.657267
0.826431  1.91562  -1.09406
1.89828  3.8167  1.17278
0.439921  -0.301423  -2.05554
-0.103073  -0.0646813  -1.03989
0.10581  0.629033  1.87253
-0.896154  -0.493547  -1.37046
-0.861315  -0.989788  -2.73608
1.25658  -0.853402  6.09387
0.578721  1.58795  -3.58359
3.33466  2.14517  -0.462211
3.17949  -0.918262  -1.27529
1.0458  -0.923406  -0.799043
0.283555  1.0096  -3.7974
-0.701781  -2.10748  1.68259
-1.82023  -3.17135  -0.799117
0.620669  3.52035  2.6138
-0.295366  -1.26778  -2.60004
0.529794  -3.90722  1.29802
-1.4225  1.6828  -0.856159
-1.39249  -7.97011  3.78733
2.19989  3.30446  -1.08824
-3.76641  1.41418  2.87324
-1.54139  1.4411  -2.7658
-2.83425  -4.02042  2.54771
3.28235  -2.9003  -1.04761
1.35184  3.53093  -3.62385
-1.03956  0.670631  -2.25154
0.0208481  -0.769649  3.13379
-2.25239  2.38856  -1.24336
1.51583  3.42726  0.555586
0.00670501  -0.489281  4.14507
2.34076  -1.94507  0.926353
1.45675  -4.0688  0.466805
2.68316  1.55772  -1.71966
2.39232  0.328898  4.19042
0.0259235  -2.61801  -3.75491
0.898021  0.731368  1.84716
1.70362  -0.315985  2.47509
-5.67759  -1.54529  0.201055
3.95171  1.67642  -1.74784
-3.69805  4.12439  1.29104
-0.320505  2.95577  2.86918
-1.18128  2.07563  -2.79891
-0.122449  0.100798  2.34444
-3.10062  0.498062  -2.32224
-0.24311  -3.8963  -0.92572
1.73934  -0.219052  2.02883
-1.2276  -3.25386  -1.50151
-0.31984  1.21905  -1.5709
0.988959  -0.313181  -1.22468
-3.3102  -1.88769  2.54476
-5.43221  0.312815  -4.02595
1.55806  -1.1748  -1.33747
2.82523  6.04241  0.807399
2.83475  1.67022  0.633333
3.21871  -3.57845  4.99027
-3.24761  0.00188439  0.503143
0.27889  1.85292  4.19292
0.804056  1.18755  -2.4647
-5.81221  -1.29664  -2.28473
0.921733  2.35923  -1.09539
1.78073  -2.24406  2.44648
0.910166  -0.620633  1.85234
2.43778  -0.698898  -0.396285
-1.05351  2.04724  3.26317
-1.35325  -0.069517  -4.49246
-0.551975  -0.453823  -2.40661
-0.00611889  -0.00440978  -2.43441
-4.26359  1.07557  -0.0924706
2.10748  -0.741407  -2.69673
3.42163  0.520463  -0.497127
2.90189  -0.0641063  -4.35133
3.70266  -1.2932  -0.295437
-1.42679  1.81134  2.73944
0.335944  -0.53441  1.90605
-0.104852  -0.909059  -2.57012
0.200426  0.344497  4.21065
1.9215  6.01948  -1.80314
0.45923  0.539911  3.12994
-0.134688  1.29643  2.43601
1.52417  0.638506  0.190516
-1.78876  1.86714  -3.02063
0.407411  -2.72055  -1.658
0.241928  0.50871  -6.1608
0.0131991  -2.78208  3.07048
0.453756  -2.40001  5.87013
2.16171  -0.883394  -2.7304
-0.952656  3.01474  -3.73081
1.2201  -0.00818596  -3.22217
3.45077  -0.291779  -1.83221
-1.67973  -0.499713  -3.14666
3.07331  -3.344  -3.71655
-1.70835  4.58356  -3.84769
0.286052  -1.3578  6.29005
0.109773  0.707432  0.125861
0.875494  -0.570627  6.66284
3.07191  -6.10783  5.35022
3.96308  -0.983291  3.38537
-0.0166857  4.19369  -1.33101
0.747951  -1.31796  3.2036
-0.00215359  0.0211471  4.8736
1.03333  -6.22795  -2.31536
-2.52139  2.13661  4.41881
0.32146  0.201708  1.58336
-0.701955  -5.4956  2.05282
0.143452  0.916904  3.82531
0.635352  -2.23613  1.97532
1.80407  -0.13674  5.97505
0.972583  1.59168  5.68967
-3.73093  -1.09526  -4.4387
1.31525  -2.77114  1.12394
-1.8076  -3.65139  0.59929
-0.190838  -1.79798  -0.883618
0.085845  1.82507  -0.846712
0.0173608  -0.0949721  -1.89577
0.675087  -0.0629939  2.83699
-0.283555  -0.67336  5.14197
0.0119328  2.86537  -3.07758
0.769222  -1.27784  6.2399
-1.80941  0.443635  1.03547
-5.39838  3.2254  -1.32335
2.11645  -3.25206  -2.58438
0.263367  -1.35183  1.79473
-0.272616  0.698981  -1.26665
-0.372029  -0.273122  -2.56474
-0.530263  0.942953  -2.2018
-1.49501  3.90856  1.05602
0.140227  0.0617434  5.82503
-0.327486  -0.430535  4.14428
2.59739  0.413348  1.80519
-2.16642  1.95383  0.697674
-0.098075  0.0185758  3.081
0.0592537  -0.432514  1.95967
1.03863  1.32955  -1.39168
4.71407  1.8006  -1.77942
1.77459  3.42575  -1.33701
-0.502438  1.80451  0.163093
-0.0928196  -0.199524  4.44265
0.514073  -0.750976  3.85237
0.106506  0.011535  -3.37019
1.73083  -2.56359  0.526583
3.34258  -3.66684  2.55369
-1.0489  1.3165  3.23646
0.343844  0.936065  -4.71495
0.00300804  0.061219  5.45625
-2.15301  1.0321  2.90297
0.277263  2.13007  -0.892837
-0.558426  -1.55602  -5.03756
-0.0055572  -0.00512794  2.25296
-2.30401  -1.88126  -5.39509
-0.809124  0.286709  -0.532289
2.61968  3.56004  -5.44343
1.1771  -3.72902  -3.64953
0.572714  -1.37377  -2.51189
1.20479  -2.57631  -1.38445
0.67329  0.430407  -1.35154
2.84269  5.9184  -3.72138
0.194672  -0.436303  -3.61447
0.858512  -0.693816  -0.124691
-0.108401  -0.0273837  3.30423
0.167788  1.31864  2.96863
0.0210963  -0.356798  -3.56994
2.75369  -3.03388  0.52733
-5.76073  1.46659  0.854407
-1.03193  3.62192  0.166808
0.321052  0.524573  2.78004
0.16934  -0.226391  -0.265449
-3.26749  0.433716  2.21557
1.48878  1.8312  -1.21068
-0.482316  1.65723  1.32273
0.517598  0.497784  -5.82823
-3.01849  -3.0227  1.60497
-2.31675  3.46639  3.01661
1.83052  -3.03253  0.653766
-2.45996  0.753884  2.81703
-1.47948  1.58344  0.891128
-2.52452  3.76273  -2.9263
1.2291  1.52011  4.55664
-1.97254  -1.14259  2.91314
-0.9321  -2.7093  -0.951976
-0.488694  -0.907912  -2.55102
-1.13225  -1.03301  -3.25322
0.565889  1.05236  -0.0888401
0.694079  1.35166  4.84638
-1.07346  0.904426  0.935775
-0.176768  1.17273  0.113711
5.12625  -6.59384  -0.274641
0.550526  -1.36307  -4.47272
-1.19713  1.8649  3.07157
-2.97501  1.29777  -1.62215
2.4824  0.366704  -3.30947
-3.76646  0.571691  -5.38927
1.78805  -0.79879  0.866565
-2.91828  -1.57455  -1.28656
0.9304  4.86387  -0.259934
-1.3377  1.04536  1.44069
0.743904  0.85308  -3.18562
-0.0878525  0.0519901  2.67573
3.1777  2.59024  2.83648
-2.49384  -2.34702  -0.988546
4.29244  1.66918  0.0374088
1.15286  0.0571105  -3.33661
0.123719  -0.447741  -1.68138
1.63952  1.41176  -3.38499
-1.34435  0.287255  3.07722
2.59155  -1.27503  -0.435852
-2.3939  3.21738  0.128069
2.26158  -2.83268  1.13689
4.62684  0.616028  3.74091
0.200581  -0.59641  0.128291
-0.394232  -1.61919  1.76366
1.88373  2.06539  3.94937
0.200695  0.746507  -1.49216
2.12546  3.13569  -0.566722
1.54246  1.78821  1.5296
1.37948  -3.21765  -4.10861
-0.622164  -1.12089  1.815
1.35084  1.11676  -2.80717
-3.76366  -4.62642  0.710453
-2.07259  -1.4275  2.98265
0.0349176  -0.266106  0.761918
-1.80746  -1.27273  -0.161565
1.67047  -0.831681  4.60398
-1.81146  1.18964  0.309301
0.547231  -0.447783  -4.25191
0.424708  1.04442  1.46156
-4.28781  2.90561  -1.73425
-3.64054  1.16529  2.41159
3.61986  -3.94736  -1.99336
4.92675  -2.30099  -1.8787
-0.0359443  0.0332235  3.21982
1.08993  3.397  -3.4555
-0.802129  -0.360717  5.48493
-2.45234  -0.19873  1.66604
-2.32128  -0.497842  3.08923
-0.493701  1.1144  3.42389
-0.736108  -0.804743  0.769634
-1.14023  0.563368  -4.59316
-0.84295  0.910274  -0.230867
-0.613014  -0.0235427  -1.07145
1.72937  0.486333  1.68968
2.34311  -2.74031  -2.52788
5.76844  0.56308  0.939566
1.00624  0.415003  0.723407
0.74938  -0.417044  -2.23982
0.0237902  -0.0200766  -1.36031
-0.282838  -3.63402  2.64069
-0.77233  1.0485  4.534
-1.72243  1.25867  1.50034
-1.44327  -0.122401  -3.17895
0.9076  -0.156792  -4.32339
0.105319  1.34647  -2.28107
-0.0850809  -2.20238  -0.75351
1.90452  3.14871  -2.09193
-1.29429  0.00797093  3.50006
-3.24205  3.34588  -2.74605
-2.12236  2.43275  -0.435185
3.09508  -0.165567  3.40457
-5.57009  -1.74687  2.31852
-0.0714647  0.855686  5.03648
2.71417  0.815772  0.289991
0.198918  -1.75369  3.41854
0.119742  2.05372  -2.55309
1.23474  0.772788  3.71243
4.16065  -0.447941  -1.97388
-3.65973  -1.82093  -1.36332
-0.738479  0.334512  -5.78819
-1.07131  -0.428553  -1.71002
-2.22179  0.343357  3.63878
-1.08784  4.3608  -3.81391
-0.203265  0.160724  -3.24268
-1.99376  -0.217166  -1.11408
2.11434  -1.60875  -2.78835
1.16817  1.3651  -0.0494687
-3.12297  -1.29388  0.591625
4.1984  -2.57671  1.59016
-3.28251  -1.11952  -1.2361
-3.34794  2.66194  -2.72134
1.43329  -4.46976  -6.17234
-4.24488  1.88984  0.261686
1.33715  0.785821  -1.90283
-0.00889317  -0.117945  5.52201
1.14041  -2.50998  -0.14624
-0.433668  -1.15935  0.907751
1.71896  0.24543  1.31681
-0.0210261  0.184207  -3.26416
-4.74442  -5.98647  2.06161
1.06225  2.0458  -2.88389
-0.777548  2.7328  -0.357316
1.47056  -0.142081  0.996424
-0.757454  -3.08948  -6.57829
-1.33669  0.293384  -4.08323
-4.86507  -2.57319  5.03817
1.86012  0.6974  -4.17734
-1.91746  2.98839  1.44704
2.83152  4.40856  0.157645
-3.08073  0.053375  0.736093
1.36555  -0.518707  -4.36273
0.711337  2.0051  1.39641
-0.974363  -0.791611  -0.568047
-0.483389  -0.438158  0.797199
-0.946338  -1.06532  -3.49202
-1.98282  -3.21442  3.53472
0.611036  -1.86636  -2.85446
0.166409  0.154908  -1.63989
0.867228  -2.08327  -2.81713
-0.825924  -1.81669  -3.39971
4.17623  2.84147  4.22184
1.492  1.73795  2.15748
-0.853427  -0.98456  2.51456
-1.49236  -1.8652  0.166196
2.72268  -1.89457  -4.43142
-0.690836  -1.83265  4.16739
-1.06002  0.308245  -2.0924
-1.53637  0.186996  -4.23076
0.852389  0.675729  5.37576
1.17654  -0.463895  3.98071
-2.17033  2.67603  -3.25769
-3.44484  -1.10171  -1.20357
-2.00834  -0.772006  3.94869
3.58291  -1.31963  -2.23498
-3.70168  0.00908346  1.58548
-1.55613  -2.13006  -1.10165
1.95267  -1.71187  -0.796167
-0.0211653  -1.07652  -1.35859
-0.369855  4.02959  -0.277297
-1.29212  2.87381  1.14031
-2.33227  -0.434535  4.07519
0.149061  0.0124668  4.81985
0.139548  -0.103759  -3.5178
4.96968  1.54006  0.0980211
-0.0638777  -0.0416286  4.92651
-0.00355181  -0.141648  -3.77338
-0.544268  -0.346896  -4.1063
2.79265  2.28625  2.70495
1.36359  -0.315218  2.77433
-0.182292  -0.0229208  1.09283
-0.886801  -1.85249  0.236851
1.71056  0.654349  3.10817
4.1103  -1.16152  -0.875938
1.52212  0.915273  -2.52749
0.369352  1.01575  1.30036
-3.19259  2.69063  1.30728
-3.29083  1.99427  -3.26165
-1.66433  -6.17318  2.03692
1.88581  -1.44709  1.59876
-1.79002  4.03466  -4.58107
-0.119614  -3.15419  0.121512
-0.641704  0.262845  3.48802
-2.1626  2.69096  1.97952
-5.24555  0.562544  -0.789945
-0.674911  -0.492486  0.524398
0.00620482  -0.0277267  3.11413
0.721012  1.35956  1.27905
1.53942  -2.30683  -5.16656
-1.47909  -1.98832  5.79838
-0.296869  0.412428  -2.26739
-1.44251  2.50211  -5.36076
-1.51929  -0.674647  -1.53998
1.39699  1.68153  -2.13887
1.17144  0.447322  1.07371
0.460819  0.0894439  4.19167
-5.26317  -0.774431  2.2131
-2.20704  0.922629  -2.79156
0.214654  0.174774  -2.27019
-3.25385  -0.177822  -4.33234
1.90369  1.70637  -0.758042
-0.49439  -0.33444  1.67409
-1.08022  0.913367  -4.41731
-0.123572  -3.5985  -4.00866
0.879616  -0.676882  1.24353
1.29946  2.09878  0.86474
0.320013  3.48974  3.61828
3.45869  -0.376292  0.054644
0.152463  2.8598  -3.99315
1.29151  0.674022  3.59925
1.45084  2.22146  1.9331
-0.136993  -0.265107  0.853467
3.48043  -3.2053  -3.02721
-0.306101  -0.382325  1.34614
0.189953  -0.12771  -7.51191
-0.975158  -0.552642  2.17881
-0.0216039  0.33473  4.82255
0.387751  -0.202341  0.705154
3.34911  -1.23507  -1.79832
0.73711  -0.687902  -0.587706
0.677537  0.27188  -1.32189
0.342599  0.200566  2.97256
-4.95552  -1.18187  3.7956
0.889859  0.63074  5.10154
1.3881  3.47195  -4.48488
1.47834  0.793024  2.74358
-1.19463  5.90725  3.13338
0.451192  0.0818456  -0.465676
0.584023  -0.674963  1.58438
1.32809  1.91792  -1.39066
1.5104  -3.09047  -3.88489
1.0557  -3.96425  -3.74864
1.36561  -0.838222  6.03502
-0.563978  -4.74085  -3.82185
-1.74937  1.58449  -4.86246
-0.589395  -1.65462  -0.642662
-3.14057  -4.55379  0.990548
-0.157164  -2.44408  -2.9573
0.92665  -1.32951  2.36584
2.88154  -0.550509  -5.25456
0.244874  0.0194394  2.14199
-0.441094  0.395161  3.87135
1.14655  -3.47143  2.75632
-2.94748  0.802965  0.863714
1.33491  0.771495  -0.874912
-4.26326  1.88916  -1.69998
-1.1413  1.63603  -6.53919
2.92965  -0.21462  3.4386
1.48237  -0.587876  1.50387
2.40542  2.13361  -2.65174
-0.876498  1.56705  1.11763
0.197574  -1.91359  -2.8503
-0.157395  -0.101068  -3.98644
2.45348  4.90992  -0.106133
-2.15262  3.2076  0.765528
-1.85844  0.305468  3.80797
1.26751  3.48767  1.79372
-1.09117  -1.52279  -3.9109
-0.00490547  0.0386394  -2.63307
-0.940245  -1.47311  4.91636
-0.855632  -4.48409  2.26308
-0.103026  1.76969  5.88037
-0.0665199  0.14553  0.749692
-0.994438  1.91402  2.18949
2.53802  -0.531702  2.46369
-3.67045  -2.04557  0.777755
-0.0369992  2.13303  1.56746
-0.539431  2.53463  1.34824
1.03723  -1.36444  -3.20314
-1.57162  7.8787  1.02465
-1.73607  -1.36108  3.08661
-2.55911  -0.906811  -2.80889
-3.46797  -2.98891  -6.31578
1.10151  -3.73563  5.1789
-0.736274  1.73245  -4.90286
0.286015  3.44403  0.489382
-0.45384  -0.142502  4.44304
7.19987  5.29242  0.110386
-0.0946447  -2.38386  -5.35799
2.08801  2.08281  0.687042
1.71144  -1.84818  -1.96423
1.74279  0.0999384  -1.31688
0.5886  0.203659  1.5496
2.57812  -0.571871  2.01551
0.0289379  -2.18109  -7.20826
2.71632  2.07938  3.49481
1.79474  0.0226027  0.858875
2.67969  4.12328  -2.66702
1.10858  -1.28276  -0.641969
-0.35969  0.00332389  -2.46712
-0.310734  0.199568  0.592626
0.641405  2.58811  -2.43149
0.106041  0.903736  -6.78414
0.817211  -1.62359  1.21683
-0.0256914  -0.384001  -4.9088
-0.251719  -0.590963  -3.97609
-1.57572  -2.31045  -0.989579
-0.497136  -3.9167  -2.77533
2.34991  -0.184647  -1.80192
-2.34752  -2.04928  -2.19249
2.29711  -0.880208  -2.30471
2.50226  1.76017  -2.50199
-0.16543  0.162565  -1.29917
-2.16605  -0.841636  2.24
0.599476  2.32031  2.55494
-0.629733  0.360747  3.97289
1.398  -5.06578  -2.05964
-2.36132  -1.23052  -1.13778
0.361297  -0.141053  5.07797
4.01365  -0.0161343  1.29475
-3.25007  4.49168  -3.5216
-0.902221  3.66799  -2.48587
-0.00628864  0.00588302  0.618762
-0.0586945  -0.242368  4.33474
-0.380751  -1.62906  0.737588
3.57049  2.85878  2.7752
3.24561  0.934366  -1.79123
-1.89495  -1.35837  3.10491
-2.74508  0.688943  0.717186
-0.57651  -0.918864  2.00333
0.912951  4.14308  -2.52025
-0.400776  1.58056  6.51841
-0.0112224  -0.0400944  1.58949
1.48561  0.308641  -3.38831
-0.316267  3.01137  -1.5109
-0.274864  0.519492  5.83356
-0.374235  -1.79204  -0.700617
-2.32859  -2.20811  -1.22228
-1.04107  -1.16795  4.94524
-5.00171  1.10621  2.96555
-1.97592  -3.0863  1.90232
5.34202  0.0942556  -1.24391
0.453579  -2.5674  -1.94445
2.11808  2.11756  -0.991833
0.0984887  -1.60391  1.72533
1.80711  -1.15768  -2.69265
0.0905202  -0.104217  -1.77116
2.70057  -0.279652  3.76559
3.60301  1.55445  -0.88215
0.0350101  0.170206  3.41585
4.46126  1.39214  2.73463
4.44212  -1.51081  -0.670286
0.606761  0.969602  -1.26
3.98731  -4.64419  -1.33993
3.0643  -2.18086  -5.01388
2.75316  3.44656  2.64125
3.38845  -2.42688  -0.8076
-0.141578  1.50775  3.07814
-0.0780686  -4.64817  -2.92797
3.78735  -2.15692  1.57099
2.1176  4.20038  -0.104762
-2.41972  0.269763  -4.02759
0.942343  0.153929  7.65388
-1.64387  -1.35808  0.229259
-1.76776  0.199818  6.08102
-0.991341  0.528298  -1.86726
-0.690495  0.710083  -0.094337
-0.449781  1.5266  0.68931
3.63306  -1.47836  -0.417828
-1.55127  2.86774  5.9969
-1.44806  0.120542  -2.64413
-5.15451  3.697  0.566548
-2.92961  -2.65499  1.45348
3.77421  1.68341  -2.37228
4.33576  1.58428  2.09288
0.184449  -0.192515  -5.42847
0.979443  -2.41571  2.92996
-0.233247  1.76231  0.878336
0.596631  -1.2714  -2.49996
0.709707  -0.346744  -2.01044
-0.850777  -3.18397  2.36425
1.88492  -3.32186  1.94996
-0.0757484  -0.392251  1.53159
-0.917648  -0.809002  2.88282
-1.18784  5.12345  -2.8513
-0.0845095  0.000964543  -0.47471
-2.23463  1.31091  -2.99585
0.4688  0.748054  -2.69275
-0.389108  -0.168476  4.10755
-1.69487  1.27672  2.44259
1.07853  4.43766  -1.82124
3.06966  -4.1031  4.55083
-0.103537  -0.100674  1.96428
1.38366  -1.66328  5.3095
4.88427  0.122951  0.890712
-0.0480003  -1.39308  -1.77509
3.69201  4.34197  -4.4916
1.66617  -5.9196  -1.51041
-0.437334  -1.48469  -3.22285
-3.28658  -0.323585  0.974486
-0.0730131  0.0971386  -4.14316
0.0228073  -0.264166  6.11073
2.45287  -1.49337  -3.21931
0.228676  -0.690653  -3.01407
1.9111  2.71143  0.229712
1.617  1.15601  2.7698
-1.43649  0.302357  0.666483
-0.489292  0.416834  -4.14313
0.667645  0.335841  2.57992
-3.05946  -0.630625  3.16059
0.995285  0.230629  4.0756
0.281388  -1.07817  0.940422
0.744936  -0.978862  2.02028
4.13881  0.832039  -1.1449
3.74274  -0.165572  -0.689585
-4.94189  -1.55807  -0.773939
-2.83426  -1.14275  1.61133
2.21426  1.92004  1.96075
0.239286  2.90603  0.239094
1.20182  -0.374276  -4.57755
3.80567  3.25941  1.81802
0.0141564  -0.63469  3.94948
4.99187  0.0545494  -1.27679
-0.81026  -1.46194  3.51617
-0.775678  0.646771  4.15407
1.2075  1.75528  2.89768
-4.27858  0.576696  1.02754
-1.11688  -0.808372  -7.86007
-2.50459  -0.46191  1.48242
1.91691  -1.58274  -1.08768
2.37167  4.9176  -0.377771
2.89676  -3.18201  0.83825
0.0280003  -4.14781  -3.88235
0.0145043  0.0620173  -1.07882
0.155029  -0.118993  -5.18103
-0.950898  0.924868  2.31907
0.0184576  0.0853855  3.25923
-1.25393  -0.776355  3.38594
-0.317689  2.2829  2.82466
-0.384334  1.36204  1.34849
-4.66098  1.21265  -2.67516
1.83267  1.11539  0.354542
-0.280022  0.224061  -1.82291
-0.224042  1.74034  -1.16629
-0.308834  0.678163  -2.96492
-0.986399  0.36487  1.90558
-5.11633  -3.68234  0.0694616
0.11759  1.33047  0.900678
-1.25306  4.59414  2.41953
-1.78494  2.87772  0.542837
-1.30848  -1.15052  2.59543
0.510689  1.46806  -1.24984
1.35821  -1.96315  -4.06291
3.10801  0.983223  -4.06763
0.9029  0.247831  2.40147
0.59123  -3.1288  1.71763
0.886909  -3.41828  -0.0235846
-0.822027  0.323716  -1.98551
-0.95234  -0.332521  1.55686
3.80922  2.94029  -3.74882
0.710839  -0.745644  -2.41125
-1.63576  1.78705  -0.369953
2.9427  -3.58526  0.431321
0.990175  -2.07551  -0.778782
0.935182  0.325738  1.91722
-1.22022  1.92402  4.16884
1.24264  -1.24614  -1.02689
-4.95372  0.0298269  -0.573267
-2.13006  4.40931  -4.07968
2.50514  -3.97856  -0.711458
2.44105  -2.01064  1.43681
3.36578  -3.75144  -1.98012
-5.70687  0.506965  -3.65476
2.52937  -2.91507  2.6822
0.414398  0.0453453  3.35381
0.249933  -0.156767  -2.95893
-1.81431  -0.189941  -4.99515
-1.03334  1.26473  1.36142
4.05752  -3.68044  2.24923
-3.09241  -0.544711  4.95217
-0.353139  0.563619  -3.26824
-0.532692  -0.409079  -1.52185
-1.29983  0.890841  1.98145
1.30984  -0.567208  4.24414
-3.45295  -4.82075  -5.09677
2.43496  1.55079  -3.36713
-4.23755  3.34899  -0.706745
0.142888  0.808492  -5.99
-0.110428  1.31659  -3.32038
1.2888  -0.721034  5.33864
3.34755  1.18787  2.92605
1.16853  2.10072  -4.05476
2.28887  1.85672  -0.667265
4.32321  -1.49969  -0.406991
-0.024533  -0.0910508  -3.41721
2.88887  -1.41946  0.257321
-0.252368  0.385196  3.08323
-0.167753  2.41208  -0.240377
-2.01799  -2.2835  -2.98458
-0.935981  0.162244  1.34254
3.53211  -0.664421  2.86298
2.99788  -5.67902  -1.28659
-2.964  -0.366515  1.36021
0.0238028  0.57529  3.67552
2.26659  2.58287  -4.23175
1.17945  0.4978  2.29039
1.1509  -0.0586562  1.69988
0.0990713  -1.49859  1.67392
0.0498428  -0.719487  2.21105
2.29164  1.4865  -2.0828
0.741761  1.62836  0.174138
-0.191613  -0.0197087  3.2411
-2.06128  -0.676009  -0.165795
-0.223093  1.68375  -2.01882
4.74803  -0.801795  7.31808
-2.40348  0.440743  -2.34794
-0.0805025  0.216789  -1.29573
-1.06331  2.80088  2.19921
-0.922803  1.30602  -2.63122
-4.97221  -4.0646  -1.04127
-0.589794  -2.51946  0.136159
-2.13959  -4.06571  -2.76861
2.54673  -1.72134  -2.31244
1.62733  -4.4618  1.00834
4.25579  5.19542  -3.87028
0.525593  0.600191  -2.38491
4.45615  -2.59247  3.20976
2.84765  -4.07775  -2.57059
-6.39217  3.04691  0.746295
-0.524165  -0.739125  2.33155
2.0276  -2.40025  0.992801
-1.40645  2.03184  6.07566
-2.22834  1.19967  4.33422
2.67949  -0.0943895  -1.41002
0.486108  1.68405  -1.97936
-0.0393708  2.44335  -0.823506
-0.284753  1.72103  -6.67871
-0.73516  -0.725739  -4.33077
-1.38552  1.69917  3.41904
2.1237  -3.00521  0.826975
-2.81792  5.37266  0.0067903
0.0672181  -0.137459  -2.93879
-1.39893  -1.59252  2.21477
-0.753236  -2.90303  -1.76618
0.177516  -0.741539  3.71174
-6.85289  1.43829  3.2569
-4.37926  0.43117  -2.22532
1.17599  -2.61509  -4.31879
-0.802788  0.165991  -2.68808
-0.705651  -1.38658  -2.3151
-4.13118  2.439  -2.89495
-0.655836  -0.424933  -3.37829
0.91931  -1.21474  -1.04382
0.481439  -0.495462  0.859686
-0.681547  -0.879895  1.41657
-0.643211  -2.61558  -2.23721
-0.0752145  -0.253342  -2.99537
0.687815  3.07788  -0.338243
0.918181  3.04693  1.7579
-0.83543  0.576664  -4.20527
-0.0358288  0.155577  -5.52982
-1.18034  -1.42397  -4.30818
-1.00751  -2.3027  -2.85829
-0.634498  -1.26851  0.192302
-0.260482  2.19972  4.28372
0.707654  -1.39467  0.789075
-0.583878  3.17982  -2.1074
-2.13252  2.12999  0.812028
-1.30475  -1.41961  4.37961
-1.5981  2.384  2.90985
2.91727  -0.586266  2.51219
0.00558829  0.744087  4.21577
-2.17345  -1.37203  -1.54748
3.62297  0.270405  0.414808
-2.15665  1.82056  -3.71109
0.784411  -3.63248  1.00784
-0.614699  2.62415  -1.64512
-2.88925  1.04333  0.750826
0.156779  -0.145751  -2.34142
0.316792  0.308488  1.10634
-1.27985  0.225099  2.55917
0.306905  -0.530782  -3.69206
-2.07274  2.38561  -3.18407
1.48012  -1.33492  2.59424
-0.0559769  0.0157529  -4.16452
-0.399852  2.8259  3.29549
-0.449474  2.14997  0.528956
2.99739  2.10042  -0.24385
1.7221  -0.162905  -4.08217
-1.5033  -2.55865  8.31347
-3.49057  -0.549224  1.4844
3.10344  0.962188  0.521896
1.42425  -1.46052  -3.03158
1.27806  -6.18341  0.144917
-2.70876  -2.34984  -3.67258
0.905297  -0.629005  -3.59639
0.9221  -1.22102  5.52361
1.98777  -3.25701  -3.51147
1.25886  -0.450332  1.6497
0.599119  2.48509  -2.12034
4.25923  -1.4552  1.43649
1.27645  -2.45013  0.132723
2.38273  0.0883052  2.69764
0.745707  0.562263  -3.82228
0.0674296  0.0141215  -2.40511
-0.453083  0.518559  -0.772616
0.646707  3.13113  -0.58594
-4.16873  4.48676  1.73477
0.579872  -0.394957  2.39851
0.602616  -0.894179  2.09031
4.53441  1.69455  -0.282599
-1.16919  -0.901975  -1.45583
-0.962937  0.0938927  -3.32484
3.1961  3.26333  0.844751
3.08283  5.0097  1.31768
1.36683  -2.43109  1.54463
0.634285  -1.26991  3.9504
-1.66471  2.61558  -1.67863
-2.99043  -1.68524  -5.78843
1.79845  -3.79062  0.759022
1.03456  4.17165  -1.61687
0.804025  1.51226  2.61099
-4.44817  -3.10275  1.23207
-2.70956  -0.333259  -0.356922
-1.42631  -3.80903  -0.0226389
3.90405  0.501509  1.79425
2.8798  2.43144  -3.7665
-3.00649  -4.72166  -2.3168
5.74328  2.55864  -1.95865
2.8044  0.461892  -3.58014
3.33849  3.35617  5.40686
-0.983659  1.5781  -3.87243
-0.630348  -0.0613945  -3.93034
0.256237  -1.40225  -0.897858
0.296461  0.285314  1.30631
-0.523635  -2.13148  -0.707596
0.470919  -2.16635  1.28063
0.14319  -1.8712  -4.91443
-3.50386  1.77786  1.54133
1.87998  -1.70472  2.07761
-1.46113  -1.89573  6.14398
0.197574  -0.215384  -0.930351
-1.93794  -0.344767  -2.05804
-2.04196  2.69437  -0.297076
-1.93074  4.51491  -1.50598
1.57991  -3.16786  1.41195
0.68821  8.21052  1.57884
-1.0632  0.892232  2.48132
1.28273  -1.98631  -2.39655
1.06439  -1.4792  3.1341
0.0440338  -0.412725  -3.57534
-0.61705  2.05281  -0.415407
-5.39053  1.94766  -0.925952
0.637792  -0.290456  3.76183
-0.941389  1.47804  -4.05254
2.01792  -0.148208  -3.07524
-0.0433186  -0.211651  -4.82316
-0.0595029  -1.32165  -2.73246
-1.32404  1.17663  1.81765
0.816767  -1.2761  4.86753
-3.09503  0.485268  -2.25644
2.74895  3.2566  -2.41746
1.25084  -2.3956  -2.12275
-6.10154  1.40087  -0.538271
-2.21889  -6.15685  -3.81088
-2.75831  -2.97672  2.69591
1.68162  -1.69681  0.287592
0.121203  0.00980485  -0.524846
4.97038  -0.433344  3.18603
0.0407802  0.101487  -0.624753
0.34565  -5.72669  3.48061
-0.50026  1.21482  2.10628
4.21201  0.913571  0.305649
-0.143083  -0.846654  4.91891
2.26127  3.15655  1.01825
2.90548  2.62884  -0.798211
1.23668  8.97813  -3.79782
-1.71977  2.77694  3.15592
0.162615  -0.778476  4.57365
-0.45442  -2.61804  -3.71421
2.77804  2.4705  0.260619
2.47673  -0.988073  1.3198
-0.0293585  0.147658  -4.77587
-0.238921  0.613877  -4.37523
1.61012  -1.21262  1.80657
-3.4  -2.27383  0.0223309
-0.694235  -1.37927  -0.829168
1.19328  1.342  -5.90238
2.27617  -0.569237  -1.81733
1.4363  1.49417  -4.32234
-1.8445  0.98927  5.69758
-0.079119  -1.08118  1.11732
-4.29112  -0.0179702  -2.18415
-0.403515  -1.37807  5.8494
1.25581  -1.19488  1.40274
0.412334  -5.86925  1.36743
0.00656678  -0.0332666  -2.01394
5.22574  -0.506885  -3.83344
-0.304148  -0.436721  2.68632
-0.674753  1.23377  1.06495
1.35785  -5.03236  -0.833066
0.221684  0.806522  -3.41153
1.87523  -3.43893  0.398482
0.920337  1.87883  1.13622
0.978212  2.96698  -4.03936
1.33984  -0.941488  1.14591
-2.68399  -0.887822  -1.12919
-0.35183  2.67332  -1.27801
-0.15673  -0.757108  4.73609
-0.0742235  0.125595  -1.89097
-1.80484  1.26333  -0.688889
-0.802917  -0.517433  3.06674
0.979551  -3.23013  5.18023
0.0208355  0.845055  -0.204964
1.52635  -1.63767  0.354263
5.06706  0.0156135  -1.22876
-1.387  0.00701798  -0.770182
1.38098  1.4536  2.62208
-4.04678  -1.29893  2.53794
2.93103  2.72139  2.78137
-2.47554  -2.1071  -3.22533
-0.14779  0.157962  3.18091
-1.11238  -1.81526  3.78553
1.32139  5.83975  -2.82972
-2.33021  -2.08117  1.23684
3.5963  -0.535336  -0.570417
-0.0865021  -0.112459  2.39582
0.795857  2.59565  -0.585318
1.15398  1.45554  0.339187
4.96924  -3.97848  1.03435
0.13811  0.0213892  3.49729
-0.746676  -1.4443  -4.65519
3.05464  2.24407  -0.282124
1.79081  -2.39147  -4.19856
1.753  1.44501  -1.15999
-0.44765  0.329479  -6.16899
4.5147  -0.198388  -3.78538
1.81262  -1.59753  -2.71852
-2.21338  1.41917  -1.39755
1.57563  0.357657  4.99353
-0.289935  -0.394574  6.15161
0.158845  0.0451882  4.37631
-3.88487  -2.12294  3.32853
-0.191861  -2.39889  2.45604
-1.54581  -4.33521  -3.87893
-0.511584  -5.64709  -2.45054
-2.07608  -0.300676  -1.73475
0.223143  5.53747  1.6161
0.668548  2.80947  -1.18275
-0.185471  1.22041  3.97311
2.05832  0.926018  1.40724
3.3887  0.972724  -2.13042
-0.498667  0.191137  2.7855
-0.15571  -0.713593  -3.2443
2.62577  0.48592  -5.28197
2.26702  -2.23066  -3.20718
0.275513  -3.27969  -2.06362
0.561175  -0.0959224  -2.22889
2.20551  3.84744  2.38504
4.82497  2.11838  -4.09685
-0.384119  0.60357  -1.55376
-1.79994  -1.02796  -2.88074
0.562894  2.25977  -5.0765
-3.50821  0.291065  -5.79248
2.84274  -1.51515  0.784456
-0.0240954  -1.09645  -1.17399
-0.0245312  0.0108266  -0.800995
1.60552  0.517694  -2.18882
-0.327791  -1.74857  -4.31779
-0.643092  -4.34234  -4.83798
-2.3332  -0.24696  -2.34078
-2.87055  1.39741  -1.06944
-7.73053  -1.13908  6.45925
-3.86619  -3.77297  1.7374
3.0901  2.59936  -2.75242
-2.20025  -0.762393  -1.57079
-3.17135  0.192212  0.487784
-0.567113  1.31953  3.16307
5.29943  -1.29522  -4.00331
1.00205  1.00807  -1.97494
-1.16288  -0.479612  -3.29486
0.61918  -0.63286  -2.08141
-0.0366335  -0.0601801  -5.76273
0.573582  -0.597841  -3.35355
-1.3954  -3.42072  1.41621
2.33154  2.58209  -1.10993
0.708737  2.23809  3.12389
-7.10778  0.660095  -1.38508
2.53582  -0.617954  -2.22172
-0.586203  0.347097  1.92408
0.341169  -1.11595  4.98023
-0.463996  -0.0728088  -4.65662
1.75867  1.34088  1.74246
1.9243  -0.132021  -3.49227
-0.247368  -0.302112  1.86993
1.11063  -0.365204  3.10658
2.50444  -0.212089  3.39033
0.660255  1.99662  -3.37669
-0.0810835  -2.93512  -1.49058
0.256043  0.0538703  1.15561
-1.96905  -3.53837  0.852381
-1.81999  -2.17483  4.93171
-0.402547  -2.7805  -6.51312
-0.947615  -0.642643  2.77997
0.529956  4.85088  -3.29556
0.0200929  -0.258687  8.45939
0.391344  -0.0550365  4.19455
-0.512554  1.13541  0.984545
0.914867  0.932098  4.99293
1.6733  2.21309  1.92935
-0.794356  0.429189  -1.00671
1.09066  -0.205558  3.55187
2.3289  -1.29748  0.79533
1.10321  0.414812  1.99978
0.0787613  1.30396  -0.743531
1.17008  0.835234  4.93413
-0.0348018  0.870889  -2.98524
0.493879  -2.59357  -2.44467
0.0678194  -0.0797819  -2.01506
-3.93557  -7.43845  3.4922
-1.66952  1.48024  7.26814
2.61523  2.60578  0.765926
-0.684415  -3.84933  1.80514
-2.69353  0.993597  0.527126
-0.00635842  -0.833359  -1.61647
-2.31128  -2.05758  -0.906617
-1.19508  -2.86596  5.25255
-3.75041  -1.99058  -1.17763
0.11996  -3.38212  -1.17327
-0.468739  3.54329  -1.61245
-0.00999435  -0.0634745  -5.16625
4.42097  -2.9794  2.31497
0.195852  0.156641  -4.31041
2.75842  -0.617035  -1.86395
0.476817  0.190036  -5.34004
1.63691  0.699914  -0.82087
0.796843  0.389803  0.155069
1.13249  -3.01254  4.76721
-1.73777  -1.87919  -3.3957
-1.81553  -2.27735  2.89451
2.68736  -4.13603  1.95278
-0.896228  -0.290899  0.892382
1.69482  -2.50158  -0.274403
1.18861  1.34912  4.24206
0.34554  -4.38635  -1.43595
-2.62858  -1.82173  0.973042
0.387111  -2.38712  0.0938272
-1.9525  0.383185  -0.0129674
0.505638  1.22381  -3.43733
3.0538  -4.06981  1.06818
1.72449  0.8335  1.93954
-0.380089  -1.01389  -4.04577
0.938266  0.735183  2.45137
3.55497  -1.44726  -0.00175461
0.0181971  -2.56307  -2.36187
2.19748  1.98708  -0.774095
2.51551  -3.96373  -1.40935
0.973223  0.933231  -0.780111
0.2263  -0.78691  -0.537016
-0.300053  1.33502  1.31177
-0.917996  -1.5023  -0.319132
0.677941  0.195737  -1.80943
-4.16689  3.73379  1.09852
-1.53061  3.18784  -0.154434
3.98807  -1.35075  -0.960063
0.759632  -1.63127  2.96365
0.0779475  0.0497806  1.49402
1.42281  2.36307  -0.106443
2.14254  0.167576  3.03276
1.15084  -0.513245  3.78844
-1.41108  -3.18161  -3.79024
-0.296251  0.375128  3.0034
-0.794596  -3.80021  -0.28792
0.737446  2.75232  0.196811
-0.508989  -5.30069  -0.196853
4.05445  1.87193  0.0909
-2.83175  2.82595  1.33518
0.16264  -0.27206  0.850317
-2.33106  -2.4045  -3.54119
-0.858846  1.55674  3.30758
-1.57912  2.84302  -0.786092
-0.799134  -0.544357  1.90363
-2.50481  -4.05169  1.20473
-2.79392  -2.53856  -3.99259
2.18764  -2.60658  -2.07502
-3.87321  1.59435  -0.671743
-1.42731  -1.0488  -0.250315
2.90129  1.32652  -4.22777
-0.336227  2.38536  1.54952
2.25938  -4.12122  3.97375
0.0114172  -0.0898817  4.08962
-0.733228  0.501564  -2.69527
0.939804  0.0723595  1.9199
2.5792  -1.77302  3.32726
-3.33454  2.51124  -1.95948
0.197604  0.889021  1.00474
-2.41254  2.15443  -2.81498
0.414466  0.563807  -1.03219
-0.659518  -0.306704  5.01341
-0.442415  -2.33183  -2.63309
-2.00594  4.47163  1.08892
1.28927  -0.203408  2.40976
0.627504  -0.194138  -2.49217
0.0344418  0.391152  2.86559
-1.87947  3.99834  5.18824
0.0540688  0.4652  2.23196
0.746295  -0.16933  2.63271
0.439361  4.74839  -2.17303
0.181319  -0.17822  -3.47005
-0.92913  -0.833964  2.66481
-3.07823  3.1229  3.77765
3.11078  0.0313024  -5.32148
-3.0072  -3.72812  -5.03171
0.165009  -0.470357  0.972902
3.51778  -2.01513  5.18433
-2.43136  -3.00207  -0.290091
-1.078  -2.36241  2.86608
2.92854  4.15516  -1.95292
-1.76487  -2.78482  -1.4776
1.84953  -2.27479  1.07312
-0.327094  0.0969343  -5.43165
1.03217  0.486314  3.91669
-0.314787  -2.10125  0.55524
-3.04318  2.34963  2.69502
-2.60885  0.941862  -0.927349
0.154128  -0.151544  5.84085
1.53477  -2.30848  -4.32934
-0.786172  -0.410274  -2.19823
4.2622  0.775874  0.199489
-2.05342  -5.88898  2.46362
0.475516  -0.327071  -3.3607
2.4277  5.17453  3.18309
2.67114  -0.775853  -0.770108
0.704995  3.70695  2.19221
-0.66584  -3.58617  -1.37969
-1.37169  -0.933996  6.57144
0.826568  1.4807  2.76866
-2.40569  -1.60341  -1.65168
1.46897  -0.274368  -4.37824
-0.164187  0.00205675  -4.71636
5.16438  0.0226086  1.40462
0.774901  7.77171  3.25377
-0.037384  2.58907  -4.85638
-1.087  1.99408  -3.35847
1.05132  2.70408  2.38549
0.0358294  0.244265  3.01172
-0.738375  0.845059  3.64397
-1.42724  -3.08664  1.0228
-0.285988  -4.31804  2.75962
1.6131  -0.705133  -5.48597
1.395  -0.177182  0.176492
-2.58581  -2.93996  -0.364587
0.828026  2.28976  4.82128
5.36  1.52669  6.37172
0.581572  2.82393  5.04051
-3.09031  -1.72068  -0.471343
1.40125  -0.810728  1.9774
1.86782  0.772995  -3.07824
-1.49524  -1.50989  3.62377
-2.19179  0.715589  0.814712
-2.96893  1.68315  -5.25872
1.80636  -1.11706  -1.31618
1.20881  0.700581  -1.71294
2.89415  2.14506  -1.08255
-1.74516  0.0649649  -2.81144
-0.0986023  0.463954  4.18467
-7.32297  -3.19524  0.654796
-0.387764  -0.377343  -2.06721
1.08298  1.438  -1.9201
3.65231  -1.8424  -2.3674
0.41689  1.589  0.7421
-1.83456  -1.05888  -0.0432701
-0.501428  1.03931  2.76902
-1.25597  4.37399  -2.24295
1.17895  0.284192  -7.26048
0.102338  -1.15381  -1.11742
-4.44059  2.40963  0.709912
0.118546  1.54017  -0.95285
-0.352997  2.96579  -0.0419432
-0.533541  1.00705  0.629856
-1.50508  1.50105  -2.3058
0.360505  4.37116  -1.59262
-0.596943  -0.111485  -3.22156
-0.533063  -1.67455  -3.72653
-4.5514  -0.77171  -2.86198
3.62977  0.970832  -1.57843
0.871201  0.964655  -1.18945
1.57165  -1.86184  -1.00841
-0.347354  2.65917  0.384786
-1.50015  1.06199  3.443
3.67983  -2.66079  3.12125
0.207821  -2.37637  4.15067
2.23888  -3.43326  2.57892
0.00908861  -0.017644  3.81197
-1.32457  2.06005  6.74791
0.669845  -0.680399  1.82758
0.401517  -4.51521  -3.6588
-0.418361  -0.631283  2.08996
3.65097  -0.687058  2.8168
6.99548  -1.32747  3.4108
5.84785  -0.575179  0.0530398
0.0173032  0.161592  4.40134
-0.922023  -1.06803  3.64743
-1.89107  -0.920958  6.86768
-0.00229628  0.532061  -1.77563
0.0601962  0.274549  -3.44475
0.749759  0.907712  2.29192
-0.14422  0.0253731  -2.27409
0.182202  -0.0216362  -3.25765
1.58624  1.04788  1.39969
-5.79811  1.8344  3.80242
0.482164  0.118297  -4.72405
1.72269  0.909764  2.42626
-4.18159  -0.232746  -2.94626
0.773336  0.267202  5.41608
-7.52866  -2.17971  0.517773
-0.0512764  0.00298328  0.435804
0.400743  0.588355  -0.848897
0.837129  -0.86409  2.84352
2.5517  0.565926  -2.26034
-0.554969  -1.74708  4.49869
-0.313988  2.04789  2.06683
0.0745322  0.587466  -1.0866
1.37773  -2.77862  -3.0339
2.00785  0.576274  2.67381
-0.917616  -0.194467  -3.47911
3.38765  -3.06915  0.0615234
-0.686871  -2.75146  -0.648217
-0.0622791  0.592308  -4.73531
3.25353  0.161628  3.93986
-0.406278  -1.22203  0.819416
-3.22847  4.05774  -0.867312
-1.23791  2.23088  3.76261
-1.9086  4.2574  -0.173005
0.118561  1.67606  2.26584
-2.85554  5.49546  3.1113
-0.80233  -0.599998  -5.23483
0.645273  -3.27326  -1.08962
-0.616241  0.882942  -1.84849
1.35557  0.377377  -0.478002
-4.07334  -0.525295  1.45734
3.33066  -2.85627  -1.07455
3.66991  4.91865  1.92481
-3.62633  4.19595  -1.76819
1.36648  -2.99335  0.904039
-0.253226  -2.5543  1.09805
1.76728  -0.913336  -0.106814
-0.27496  -0.986604  3.47487
-1.13915  -0.861293  1.38645
-0.158728  0.043085  2.19406
-1.19473  1.18536  -3.10268
0.627388  -3.11789  -3.94648
-0.113198  0.100344  -2.16747
1.11356  -2.81616  -0.603173
0.851634  1.47833  -1.51894
0.4624  0.45099  -1.29923
-2.08081  0.985658  -1.53564
0.0273935  0.0175022  1.01495
-3.50246  -2.83997  -1.12118
2.90071  -0.141806  0.423405
2.21101  -4.32268  1.13998
1.8453  -0.681844  -1.69627
1.3442  -2.96534  -3.24213
4.54014  0.115316  -2.32144
-1.51459  -2.93721  0.839989
-0.211741  2.67635  0.323257
0.020925  0.820601  5.1982
0.372391  0.0654135  2.70728
-3.63529  -2.88439  -2.01702
-1.64436  1.93611  -4.53928
-1.14273  -2.92627  -3.64488
-6.68328  1.68024  0.323419
-1.26014  0.0375118  3.17422
-0.617783  -1.81981  -0.312352
0.709973  0.0232228  2.10277
-3.05207  -0.588038  -2.11432
-0.882832  0.509915  -1.7295
-4.66193  -2.55466  0.435838
0.642444  0.637393  0.998509
-1.19883  -1.76747  -0.575791
3.2354  0.955026  -4.60038
0.308446  -0.433336  -2.01142
4.02999  -0.984177  3.18407
0.888091  -0.472824  -2.45352
-0.827652  -3.56887  -0.802349
-1.04177  1.59254  1.53251
0.32189  -2.64581  0.824736
-3.97538  -0.625023  -5.64995
-1.29775  1.68871  1.94367
-1.75681  1.91298  3.08525
4.76789  -2.90644  2.63859
0.767804  1.93709  -6.31322
-3.29307  3.39882  2.80861
-3.48405  -1.47878  -4.28559
-1.06197  1.39518  0.017313
-0.246187  0.838407  1.06284
1.63158  1.89193  0.818431
-0.730307  -1.87388  4.14116
0.342485  0.043345  1.07839
-3.23271  -5.6465  -2.41174
3.29152  -2.4815  -3.72178
0.0562339  0.0664705  2.93429
1.23471  -2.9841  -1.86166
1.95244  -0.90401  -1.20997
0.738355  -0.644382  1.69673
-5.57793  -0.926929  4.12946
0.541688  1.59001  -2.29182
1.78483  1.85768  -2.07919
-3.4249  0.304861  -0.771156
2.22842  0.999163  -1.68298
1.79933  -1.12459  -3.84299
0.312095  4.36813  2.0182
-0.897478  -0.0363845  5.9321
0.217515  0.285759  -1.59492
-2.59928  -0.710958  -0.224736
-0.0614492  0.952563  -1.44025
1.0452  -2.11206  0.451992
1.95672  1.54024  0.822112
5.24148  2.13515  -2.56779
0.137356  -0.402853  3.63319
-0.446151  0.740126  -5.17862
-0.128491  -5.161  3.08594
2.87886  0.829607  -0.321997
0.866903  0.666409  -2.62165
-3.25184  -1.43856  -0.342039
-1.93547  2.06255  4.73533
-4.11105  -0.889958  0.299359
-3.84895  -0.61502  -1.38382
-0.386613  -0.0943428  3.12027
-4.17723  -1.86603  -2.73816
-1.49001  0.137409  5.78359
-1.16108  -0.148647  -1.939
0.591465  3.83031  2.66068
6.38547  -2.34078  -2.85216
-1.1582  -1.9175  1.76961
0.0729024  0.748563  -0.735171
0.00194473  0.000989082  -4.9006
-0.334656  -0.0724633  -5.60749
0.739903  -0.956253  3.06682
-0.92028  -1.26768  -0.726616
1.61266  -4.10057  1.11517
0.144865  -0.107378  2.86555
-0.602361  -0.630206  0.466627
-1.00991  0.902331  0.330998
2.63526  1.79983  5.52652
0.0124593  0.727349  -4.66966
0.311385  -1.75647  -0.462389
1.46599  -1.22472  -2.13328
-0.0641595  0.0504558  7.33701
-0.522082  1.99566  -3.57234
-0.410218  -0.224471  2.56229
2.41251  0.908452  -0.205102
-5.25555  -0.19357  -2.77546
0.937321  -6.14092  -1.83137
0.45147  3.48564  1.64492
0.400138  -1.9782  0.490125
-0.287488  0.105195  2.47741
-3.84705  3.49173  -3.30271
0.5269  0.403135  2.85137
0.0476404  0.717966  -0.79902
-0.648934  -3.12882  4.41816
1.42705  -7.46988  0.317257
-0.196543  7.32697  0.10647
-1.52  0.0103384  -0.894285
-2.856  -0.0464317  -1.43519
-0.925227  -3.23516  -4.32787
-0.229897  0.532057  2.19224
-0.19788  -2.38845  -2.60059
-1.14738  1.49388  -2.98415
1.421  3.0921  -0.117119
3.80759  -1.64432  -1.11698
-0.436007  -0.424512  -5.24081
-3.42227  -4.32432  2.19764
-0.0920122  0.0285868  5.50176
0.270465  -1.92485  -1.91218
1.34892  -0.469379  -0.980595
1.13573  2.3459  0.0846158
6.09108  -0.573992  -5.2837
-3.82377  2.9268  1.03656
3.30178  1.83458  0.190456
-0.155932  1.04365  -3.20011
2.56297  -0.309295  -3.25118
-6.16495  -1.97605  -1.8482
-3.04854  1.95378  -2.95222
0.313377  2.32548  -7.51027
-4.06367  0.323775  -1.1945
-1.284  -0.452586  2.40789
-2.59036  -0.718984  7.45084
1.13352  1.00943  2.12563
0.0193767  -0.00700654  -1.35174
-0.26036  -0.619308  -1.83008
-1.84079  1.77979  -7.21743
-1.2533  -1.15099  -3.76561
-0.852761  2.77743  1.33689
0.250594  -0.360438  9.79538
2.67805  -1.63262  1.2632
0.258866  0.43467  1.27433
-0.241168  -0.911051  -2.71783
-2.66791  -2.24929  -2.77555
-0.638513  -0.580896  2.21874
-0.361101  -1.36486  -2.57123
1.61333  0.0401917  4.72176
0.159952  0.716676  0.677631
-2.99783  0.766594  -0.460782
-3.0399  -0.825532  1.85163
0.768241  3.87586  1.21647
-0.261168  0.869953  1.03772
3.48758  2.33084  -1.31271
1.2352  -0.323221  -4.64701
5.28786  -2.53286  2.0864
0.239122  -1.96156  -2.82974
2.45054  -1.22439  -5.04932
-0.0322367  -0.35348  -1.68249
-3.5291  -4.71246  -2.65979
0.0651324  -3.26676  1.70369
0.744576  1.78717  1.75966
-3.67044  3.90793  0.642957
-0.375066  -2.34697  3.47055
-0.303297  -4.0805  -1.12029
0.98299  -0.573767  1.73351
-0.957945  -0.606818  0.935733
-2.26271  -0.131786  5.02959
-0.193736  -1.64193  -4.4294
1.25468  -3.78573  -1.33789
3.96904  -0.144624  -2.70962
-3.99871  0.0871633  -3.52259
-3.5456  -1.7125  -4.28677
-1.74773  -5.08673  1.33094
2.59222  0.986097  1.92152
-3.25928  -4.74096  3.04561
-0.472113  -0.391603  -0.908859
-0.370341  2.54097  -4.71704
0.384954  0.0796098  -6.3183
-0.0122169  -0.00531295  -1.93915
0.882964  1.96369  -2.45222
3.13103  1.04007  0.195102
-2.05054  -1.83006  -3.1696
-5.31918  -8.25516  -1.88303
1.29052  2.13073  1.29625
3.07962  0.74648  0.401974
0.570286  1.43184  2.85573
2.83667  -1.5354  -0.34974
3.22189  -0.888713  -3.58806
1.95362  0.895785  -0.83821
0.0484235  -0.0113384  1.05334
1.04884  -2.02552  -1.91821
-4.19186  -1.77935  -1.07214
-1.4269  -0.501818  4.70151
2.86441  1.99682  -1.09037
-2.26349  2.5035  8.59458
-1.5798  -1.15247  1.62146
5.87426  2.00109  1.63423
2.58917  -0.354573  3.23533
-4.34672  -1.83415  -3.68705
0.558232  1.03058  2.45725
-1.45092  4.54322  -1.57282
1.29734  1.4861  0.923245
2.2683  2.18309  3.79969
0.505569  -0.812272  3.18309
1.80874  1.45767  3.40948
3.63294  -2.21223  -5.93249
-0.0879961  0.0873338  -0.589364
2.23472  0.471301  0.166488
0.338789  0.167776  -1.67705
1.41872  0.446553  3.43788
-5.79942  3.70035  1.30837
1.68919  -2.0892  -1.35662
1.85096  -2.09644  0.33666
1.29386  2.46313  -4.9336
3.85382  -0.530716  0.886706
3.19532  0.610849  1.73542
-0.367808  -1.25654  1.10113
-2.40443  0.0354018  4.19014
-0.161481  2.92366  -4.83374
1.34943  0.144781  0.766991
2.21962  2.62428  1.52933
-0.361557  1.09531  -5.15706
-5.8235  3.86232  -0.304599
-4.92692  1.83385  3.0244
-1.03919  0.24055  0.0671822
2.33521  -1.28084  0.0684427
1.41449  1.72439  -5.30918
-0.687924  1.15868  -1.61195
-0.0939666  -0.0827584  6.89706
-2.59999  1.13593  -0.0739417
1.75931  -2.34915  -0.884148
1.93496  -2.04613  0.315328
-1.16436  -1.24534  -0.308515
-2.06169  1.8497  1.21711
-0.373981  -1.27167  -3.65037
-0.18058  4.89499  1.58088
-0.916377  1.65242  -3.50828
-3.1269  3.94809  -0.905301
1.34002  -1.10238  -1.60281
0.542737  2.6093  -3.66581
-0.866769  3.23042  1.64853
0.291468  2.06112  4.51482
3.61297  -2.10974  0.902361
-2.80815  1.14952  -0.607673
1.0395  0.498824  -0.111923
1.3049  1.28766  -4.33336
-0.249099  0.40873  -1.95351
-0.0747751  0.00920853  -4.35864
-0.237232  0.277014  -3.55495
1.0785  -1.36215  -3.81963
-0.0523288  0.563252  2.63994
1.30045  -0.826052  4.17791
-2.15545  -3.86685  -1.36696
-0.9643  1.68534  1.74969
5.64197  2.50241  -1.16741
3.52289  -2.12131  -0.652305
-1.65968  -4.01323  2.07431
0.490055  -1.88181  4.08636
-0.281961  -0.954697  -0.335496
0.99296  1.116  1.70831
2.84428  2.10255  -4.1546
-1.14533  -3.4522  3.45414
-0.0674076  3.95104  0.774108
-2.18407  1.46667  4.15955
0.628727  0.176808  -0.247794
-1.78425  -3.95949  4.01541
-1.63446  1.63609  1.58899
2.61374  -1.80756  -0.950944
0.52365  -0.640371  5.94791
-2.29524  -1.74577  3.14094
0.0909513  -0.389688  -1.67924
-0.373639  1.73822  -0.0963292
-2.33283  -3.60592  0.35046
0.837785  0.443957  3.99103
-1.06227  3.07414  1.49442
1.93301  2.28953  3.81742
-4.14158  0.788787  1.30769
1.00261  -1.52239  -3.25312
2.71099  0.28958  -2.29562
-0.825831  1.33463  1.58363
-0.395989  -0.0275045  2.06093
-0.272664  0.29426  6.12843
-0.94058  -0.812144  -3.31883
4.44107  -2.09169  4.2559
-3.53287  -0.201398  0.30701
-2.21332  1.65122  -0.291136
2.81246  0.926844  2.21529
0.428767  -3.45719  -2.23678
0.0772317  -2.0716  -1.60046
1.106  0.539056  -2.36301
0.397032  0.154386  2.27652
-2.17087  0.511853  2.86454
5.04567  1.56984  -0.483947
-0.0538441  4.67631  3.26847
-0.683454  -0.24318  3.50614
2.34764  2.3627  -0.967913
-0.506778  -0.423706  3.16758
2.92833  -0.923072  0.0535497
0.513504  -4.76266  5.63778
-0.206722  -0.593292  -1.60664
-2.65974  1.57791  2.62193
-0.895815  -0.433374  3.24828
0.548945  -3.28992  0.363498
1.25532  2.45306  1.49971
1.52013  3.73918  -0.410283
-2.33172  -1.50302  2.82873
-2.16613  0.592819  2.28036
0.117652  -0.696321  4.10149
-1.97685  2.38624  -0.0534554
-0.492769  -0.23352  6.08007
-0.55126  -0.507934  -2.72374
2.49063  -0.315308  -1.77554
0.656772  1.6708  2.04507
-0.56833  0.170906  -2.70928
0.251439  -0.604846  -4.87498
0.218357  2.117  4.17209
0.0375783  1.14423  1.31945
-0.581242  -1.55088  -2.36216
0.107998  0.142354  2.69311
-0.988836  -0.344346  -2.37149
0.441152  0.386722  0.334012
-1.31437  -0.753203  3.10559
2.29027  6.8625  -1.66576
2.80135  1.48382  1.4983
-3.0601  2.59927  -0.750803
-4.75069  0.802718  -2.41612
-0.046453  0.0693792  4.13625
0.456068  5.07888  0.753262
-1.51076  1.3374  -0.218213
-5.67928  0.293693  -3.84537
1.48242  -2.35541  3.89769
-2.34781  1.19883  -2.25751
-0.953121  -0.186622  3.58654
1.06793  0.831239  3.48854
5.43054  -0.498048  -3.40051
2.57757  0.206609  -1.4068
0.442608  -1.27807  4.1629
-1.21407  -2.27672  -0.798651
0.00723673  -0.00210203  1.33732
-3.49259  -1.39902  -3.7519
-4.44757  3.33864  2.99077
-0.139082  0.193046  2.21924
-1.84941  0.147723  -1.75785
-0.653956  4.01315  -1.11388
-0.192249  1.2459  -2.96388
1.98372  0.923865  -2.44297
-1.78323  0.0795526  4.77969
1.09724  3.23443  0.061915
-0.164098  -0.139305  2.88838
-1.24302  -3.92245  2.92648
1.39381  -0.340987  -0.453641
-0.456132  -1.33123  -1.11933
-1.06276  2.71221  -3.19878
0.438472  -4.17169  1.82313
2.05507  1.90689  2.55991
-1.44604  -1.15679  1.11643
-1.51678  1.80325  -0.122742
-0.0383429  0.763823  -5.59393
-1.59559  -0.429621  -3.20848
-0.493503  -2.6416  -0.285505
-0.998084  2.99619  -4.8483
2.86488  -1.34819  -4.08122
-0.579889  2.65661  -3.59992
0.600963  -1.32521  3.42306
-1.05435  0.486802  -3.43505
-4.62881  0.183489  -0.275631
0.462891  4.26766  1.50035
0.913066  1.3966  2.43615
-1.19606  -0.479215  -0.172
0.204201  -0.548864  -2.42291
-0.0175079  1.5339  -0.971484
1.2257  3.49143  1.02389
-1.72371  1.81667  -0.929409
-3.10096  0.760279  0.46209
2.79584  -0.212251  -9.96374
-0.463431  -3.47677  5.4382
5.57554  -0.979833  4.41628
2.5701  1.48098  -1.61747
1.09143  -4.62934  4.56538
0.203266  0.290164  -1.10164
-3.25924  1.79507  4.55552
-2.31687  -1.94082  -1.49761
3.19083  -5.19995  -3.17358
1.27512  3.53641  -4.23244
-1.5952  -4.2896  1.51496
0.00571659  0.00304734  1.28065
-0.493657  0.289097  -3.28718
-3.16906  -1.21506  2.91331
-0.237304  -1.74284  -2.21689
-0.141914  -0.429305  7.1851
0.884903  2.86643  -2.42516
2.09776  0.0727928  0.482373
0.977104  0.594593  1.87103
-1.12482  0.519196  4.32908
2.79547  -0.181516  -6.69482
2.39314  1.5583  -0.770833
0.35918  2.89548  0.852065
2.24526  0.9257  -1.79782
-0.388446  0.0698946  1.82063
-1.78341  0.384557  1.7441
-0.0734019  1.33046  2.33605
2.40916  1.99697  -0.436785
0.929178  -2.02866  -1.3621
-4.0053  1.00268  -2.41434
-2.03603  -4.99782  -0.799568
-0.175743  2.11043  3.84791
-1.61368  -0.999303  -5.31253
1.24767  0.543938  1.20954
-2.37182  2.9619  -2.3294
-4.19637  -1.33745  0.0469634
2.68071  1.48526  1.59632
0.112222  -2.66374  -1.26448
-1.90868  2.85425  2.31961
-0.330165  0.314625  -0.713385
2.45024  1.2699  -4.21503
2.26055  -0.278698  -4.30287
-1.95789  1.63678  1.45695
1.91628  0.112438  6.55864
0.162705  -2.85611  3.74754
0.0629227  -2.2971  0.215128
-2.889  -3.09338  0.704684
-0.0359008  0.0579607  1.23311
-0.755957  3.25446  4.07294
2.70653  -2.12863  1.0748
3.43063  -2.48267  -2.05462
3.45353  -0.196968  0.625719
0.1841  0.107328  -3.53299
-1.43116  5.33593  -5.443
-2.15884  -0.959665  0.545153
0.181281  4.29612  -2.55285
-4.16079  -0.408485  -2.01042
1.39233  -0.197729  1.65957
-0.770546  1.79932  -6.34514
0.150918  0.128557  -4.8056
-0.9981  0.27532  4.40689
-1.8442  -0.244052  -4.17772
0.581009  -0.517227  2.75488
-0.562505  1.52384  -3.42955
-0.276326  3.40331  5.75061
1.15289  -2.69447  4.02818
-1.63587  -2.06173  4.67567
2.32173  2.95526  -5.35734
-2.15631  -0.744523  -1.97647
1.44106  2.12242  0.525206
0.426811  0.336527  1.37928
0.336235  -4.39174  1.45632
-3.38432  -3.26406  -1.89309
-4.79866  -0.809342  -4.56153
-0.192888  -1.30163  -6.51013
3.01015  0.188827  -1.40638
-1.21792  -0.0423905  1.87122
-0.490272  3.63328  -0.357146
-4.91432  4.05965  2.30008
-3.91406  -1.55902  -1.04834
0.310059  -1.75441  -0.929065
1.23065  -2.7861  1.26526
3.17838  6.74926  1.88824
0.104158  0.14027  -1.39055
-1.21527  0.931252  -1.3745
2.4114  -3.21789  2.85617
-1.26508  -4.04606  -0.0292994
4.71153  4.65491  -2.49114
-1.33343  1.73648  1.35217
-0.331763  5.06552  -2.59923
-0.118476  0.467323  1.85808
-0.156712  1.70858  1.509
0.968127  -2.89938  -4.07264
0.83621  1.92652  -0.237903
0.639765  0.553625  1.2332
2.11178  -3.13236  -3.66438
0.880475  0.825014  -3.39734
-1.3822  3.33916  -1.99576
-3.11785  -2.95834  3.12723
5.08372  1.05764  0.642598
0.0204488  -0.22825  4.34836
-0.896648  -0.107324  -2.3898
-2.45823  0.0075413  0.263652
1.30055  -5.08098  -2.52861
-0.508456  1.80813  -3.79575
0.806502  -0.351755  5.52266
-1.24532  2.61776  -0.774915
-2.65843  2.55366  5.10396
-0.0773017  -0.81803  2.03854
-2.37686  5.65135  -1.22997
-0.754049  1.97023  -4.09368
-0.176657  -2.78245  5.15661
1.62753  -3.5521  0.899163
-0.0916442  -0.652168  3.96661
-3.9152  -0.324934  0.759638
-0.633798  0.179987  -0.703499
-0.163681  -0.212182  0.225405
-0.0137185  -0.330107  -4.18492
-1.44515  -1.32197  4.00002
2.84529  -0.0237601  -0.298502
-1.01548  -0.588234  -4.11396
-0.814882  0.0271806  -3.82881
0.48249  0.529012  -2.30756
1.69861  0.282102  -4.08035
-0.37546  0.159919  -0.921689
-0.461136  -2.11643  1.19475
-2.95182  0.0495527  -2.8446
2.4946  4.68235  0.742064
-3.00173  -0.153591  1.96479
0.0282215  -0.914379  -2.81165
-0.124237  -0.196578  3.46757
-0.780276  2.46914  3.31953
0.619778  1.45208  1.10427
-0.367677  0.117786  2.90179
-0.96324  -0.493659  -1.52692
-0.706075  -3.18348  0.523512
-1.56036  1.41903  3.867
0.796436  0.333827  1.11362
4.30306  2.46692  -0.2317
-0.138996  0.126992  0.652919
-4.13409  1.97976  -0.270508
-0.136144  1.68212  5.30519
-0.806532  -0.283517  -3.62347
0.233779  4.62131  0.959093
-0.379888  0.644053  3.79426
0.0122355  0.00705575  -1.43462
0.0185742  0.0682989  -4.61082
-1.40481  4.2475  1.73942
-3.48801  1.803  1.36456
1.21918  3.54267  -3.78194
0.00230463  0.00721989  -4.34219
0.665162  1.02494  -4.33298
3.8597  3.73878  -1.44048
1.11547  0.791594  1.63709
-1.24653  3.09633  4.4364
-0.807321  -4.91308  0.306901
-0.444256  -0.238588  -0.473042
-0.0953296  -0.163719  -4.61226
-0.934057  0.499249  2.40098
0.300375  0.820947  -2.94106
2.70439  -1.84033  -3.41171
0.0341621  -3.00831  2.53011
-0.918918  -1.43582  4.61448
-0.738261  -0.0286588  4.42646
0.281359  -0.794985  3.14222
3.69734  2.12142  -3.16765
-0.0595622  -0.0531363  5.1197
-3.77289  -2.33918  4.68912
-3.62849  0.862974  -3.46736
3.34254  -1.23389  -2.36547
0.75821  1.31887  -1.76712
-4.42819  -0.378889  -2.58705
-1.45401  -2.13172  -2.50685
1.5593  -1.50845  3.4266
0.574307  0.352933  2.74661
0.352982  -0.611677  3.077
-0.0793438  0.110312  -5.84613
5.06182  3.9388  -1.75693
-0.156418  -0.183728  8.89655
4.02097  2.62655  -1.75335
-0.946034  2.19209  0.440773
-2.50366  0.868606  4.32458
-0.764615  0.443903  -4.00128
-0.248947  -0.44736  4.61319
-0.254727  -1.41934  -3.61298
-1.20576  -1.72423  -0.779199
-0.158576  0.811981  -2.26881
-0.852687  -0.956195  2.22239
-0.451553  0.654451  -3.86549
5.08598  0.385253  -0.188131
-2.1624  -1.25236  0.527123
-1.90292  0.948189  -4.02563
-0.679206  0.317318  -3.49747
1.99837  -0.770671  -0.213815
0.341836  0.429941  2.52461
-0.537719  -0.0341038  5.09892
0.550122  2.06216  0.283711
-0.340843  0.28665  -3.27147
3.77013  -0.18697  -1.56068
-0.690844  -0.0169989  3.75768
-1.17676  -2.16593  -1.96024
-1.6299  -1.22455  3.79854
-0.35858  0.723317  -5.2559
2.2911  -1.97148  3.28744
-0.0279149  -2.745  -1.61618
1.17561  0.890759  -4.48876
-0.173922  -4.83477  2.82167
-0.340795  3.67468  -0.344462
1.21824  0.493851  2.14941
0.0922584  2.06925  2.73828
0.288008  4.42193  5.92568
-2.96195  -4.82124  -5.76569
-0.305131  -1.18598  0.201232
0.326239  0.160968  2.24966
1.77253  1.44628  -1.68457
-2.11572  1.23539  -0.603399
-0.264981  -2.57114  -3.11871
-0.0322853  -0.272034  4.72476
-0.0167621  0.524846  2.90602
-0.327165  -2.17863  -0.857164
-0.0386217  -0.00415465  3.57055
-0.793712  1.33456  -2.61569
-2.02775  2.47956  2.9828
-4.79546  2.03773  -1.69499
1.48077  -4.01393  1.09283
-1.59444  -1.59008  -1.41872
-0.634598  0.289187  4.80301
-2.25211  0.0841752  1.78123
-1.3137  2.12471  5.2287
2.37086  -3.54081  -0.910481
1.63732  2.08015  0.444402
0.467168  3.17807  3.02046
-0.153024  0.85379  -2.14198
0.402227  -0.175775  -3.30507
-3.12007  -1.61655  -0.369037
-5.10563  -1.201  -2.89862
-0.735176  0.0454167  2.44513
-0.986281  1.28031  -3.80542
-1.9329  0.34018  -3.83038
-0.420224  3.38189  -4.40824
-1.50777  0.292761  1.28269
-0.6739  1.33463  -4.34272
0.559738  1.22042  -4.19609
2.21217  0.617058  -3.58081
-2.45449  2.15088  -0.202184
1.10231  -0.233682  -3.04544
1.74989  2.31511  -0.268318
-2.1763  1.44189  3.75141
1.23092  1.72809  0.507858
4.54484  -1.21206  2.5609
3.23891  0.0408425  -2.81214
0.782946  -1.64474  0.0269551
-1.78066  1.95809  0.0649743
-0.970199  1.49809  2.90886
1.58502  -0.347004  -2.94542
4.76199  4.37416  -2.35417
-4.35425  -0.15327  0.899784
-1.74868  2.89016  0.615103
-0.207414  2.95847  -1.97707
0.912373  3.28275  1.35032
-0.36132  3.35162  -1.67275
0.515236  1.02653  1.89285
-1.76483  1.94859  0.727384
0.393459  -0.626113  -0.196905
1.09776  -0.566855  -0.0723698
0.0397751  1.66506  -2.25963
-0.227738  0.82021  -3.60264
-0.18913  0.106573  1.01751
0.154097  3.09767  -1.71214
-2.9891  -0.00532104  -3.17902
-1.62263  1.7076  3.0808
-2.7277  -3.42505  -1.71024
0.752565  0.304534  -1.98711
-0.156453  -0.0661917  -2.64207
-2.89603  3.52521  2.8485
1.72046  -0.339917  -1.99622
1.25355  -0.458766  -0.560531
1.51122  0.394365  3.19013
-0.548015  -3.89533  2.65003
0.816395  -1.48683  -4.28107
-1.91363  -3.92088  -2.2558
-0.467414  -0.249501  2.17331
0.310509  0.390216  -5.42846
-0.0585592  -0.0634672  -7.56519
0.239293  -6.17488  2.33248
-0.975436  -0.64428  2.66274
0.00275279  -2.06329  4.88953
6.22593  0.142607  6.80676
0.266837  1.20896  -1.83922
4.27337  4.77101  -1.37571
-3.02064  4.90148  -1.37998
0.552643  1.75426  5.50121
0.0536708  3.59288  2.93359
-0.688103  -0.457325  0.868526
0.113364  0.109135  -2.03026
-1.96761  -2.02455  0.693983
-1.85314  0.0070792  -2.54579
0.244306  -1.8814  2.52178
1.37986  4.40372  -2.21456
2.30846  0.403398  0.745593
-0.718923  -0.154216  -5.51851
1.1577  0.68409  -0.534542
3.20902  -4.06793  4.18202
0.662342  0.451671  2.80587
-1.09842  -1.63681  8.59923
-2.65579  -3.49623  5.01169
-0.0226983  0.0402602  -2.3852
-0.295543  1.80028  -3.5266
5.20345  3.3064  -1.56905
-1.17349  -0.420034  -2.86184
-1.07198  3.91568  5.16422
2.99732  0.222221  4.67163
-1.29437  1.10857  -2.22465
-3.54202  1.55025  -4.74397
2.11913  4.83683  -1.51539
-1.25501  -0.379985  0.157816
3.73295  2.12335  -3.50556
3.69873  0.0407471  -1.62465
-0.173013  -0.916991  -4.77851
0.747151  0.0486044  2.38029
-1.13514  2.19336  1.01161
-1.54692  1.64553  -1.21356
-3.52834  -0.110531  -1.90778
0.285372  3.49708  -1.73234
-3.6658  -0.352006  -1.13389
1.03044  -2.74562  -3.82386
1.90027  -0.316624  -2.79234
-1.46199  -1.05781  -2.8223
-3.08085  -2.27557  1.78757
0.32332  -0.105145  3.16837
-3.24411  0.0835849  -4.06451
-3.48463  -0.0753345  0.035581
3.97831  4.15643  -1.44282
-4.98222  -0.52857  -0.0817528
-1.29169  -0.966029  -3.13646
0.519684  3.28877  -0.2848
0.234688  0.534104  -2.54264
-2.71474  -1.62679  -0.975181
0.309876  5.55074  -3.75503
-0.518329  2.37716  -3.91388
-2.34691  -2.06149  -3.25113
-1.46124  -0.622825  5.38458
4.78649  -3.02786  -1.61529
2.18525  -0.718576  4.06815
0.995794  2.92882  -0.111632
-0.401964  1.32101  -4.22246
-3.45711  2.64191  -3.03227
-0.0936209  0.674522  -0.940104
-2.3721  6.50586  -0.53693
-0.682477  0.696023  -1.24673
-0.517016  1.1758  -4.31195
1.80769  -3.01093  -1.12273
1.62017  4.38193  -0.000607854
1.94498  4.83545  1.30377
0.139663  4.3907  0.913192
2.34741  6.05295  0.545801
-0.835739  -0.359246  -1.92765
-2.62763  0.888913  -2.86688
3.96239  -2.20899  0.359269
4.17994  -0.360018  1.3994
-0.383309  1.26241  3.42953
1.95179  -4.87266  4.25047
1.91953  1.11559  -1.54027
0.147829  0.71828  2.76277
5.32001  -5.56924  2.7883
-0.617144  2.01595  -0.620653
0.684288  1.71647  2.76944
-0.656691  -1.58068  3.84441
-3.24555  -1.17563  1.32598
1.20899  -2.65449  -7.13468
-1.92415  2.65647  -4.52216
-0.0871438  -0.137125  5.65726
0.106528  -1.17545  -4.28163
-0.351754  0.29389  1.29896
-6.91464  -0.239105  -4.49647
0.421813  -1.28885  0.558974
-0.668476  -1.03727  -1.72589
-3.23303  0.0918039  -1.17564
-1.33719  -3.61143  -3.67783
0.445095  0.48677  -0.522256
-2.15902  6.07958  -1.33435
0.0364636  -2.62576  0.592241
-4.73517  -1.96932  0.0977485
0.729556  -0.709719  0.195677
-0.347464  0.789186  2.21773
2.67878  -1.51041  -2.1644
-1.15888  -3.92909  -2.34983
-2.02772  -1.11738  -0.580415
-1.79146  -4.22469  0.452157
0.18662  0.264397  -3.35432
-1.62394  2.39163  4.20612
0.640156  -0.0237889  -4.26255
-0.037618  -0.0158577  3.39769
-0.0453028  -2.06117  0.067577
0.664725  2.17275  2.17361
0.631122  -1.29912  -3.60206
-2.5214  6.60872  -0.156838
6.57556  0.0409167  -1.56087
1.04012  0.0899295  -2.42795
1.4696  -0.103817  -3.65989
-4.50717  -2.23961  2.98213
1.67584  -0.0472699  -5.57801
-1.18897  0.110494  1.00215
-0.0613678  -2.77825  -0.673357
-1.78331  -0.518767  3.10866
-0.591861  0.68779  -2.75328
0.891505  -1.20808  -4.16994
2.56958  -2.024  1.57476
2.42764  -3.48903  1.16747
-2.13964  -3.99427  -2.13776
-0.532785  -0.0636794  3.42278
-2.38226  -0.884037  0.0502596
2.3811  1.08212  -4.32706
-1.23103  -3.60873  -0.696914
-1.01517  0.433798  4.21083
-3.949  2.45936  -3.08644
-0.116867  -0.0778416  4.89691
-1.23254  5.22442  1.61704
0.739756  -0.0815143  2.94583
-0.000799834  0.66913  6.36149
3.6291  -1.65173  -0.346447
-3.66848  2.09007  -1.5694
0.597293  -0.112148  -0.749864
0.712816  2.0983  1.49191
1.57198  -0.492155  -2.54601
0.757072  -0.840374  -2.60507
-1.36275  1.57912  0.192919
-1.12919  3.66356  0.942538
3.6602  -0.443555  0.809501
-0.0556949  -0.00449603  -3.75422
-3.09014  -6.75504  1.9937
-0.858508  0.432957  -3.95947
-1.57464  2.82073  2.75498
-1.61223  2.10555  -2.09105
-0.0865071  -3.35092  2.22356
1.76762  -2.74118  -1.1075
0.286053  1.38023  -0.881633
-2.19222  0.546464  2.13862
-1.91405  -0.902525  3.15767
2.98645  0.0966149  -1.63046
-5.80561  -1.05501  -0.405418
1.74949  -0.082738  -4.11295
-0.594785  2.04164  -6.02063
-1.02684  2.07523  1.79525
-0.532852  2.36112  2.05518
-0.535  -1.41474  -2.6702
0.0133839  -0.210192  -2.02691
0.138487  2.85167  7.33736
0.504649  -0.909103  3.53112
-2.74838  1.87488  -1.03818
0.571405  1.77662  -0.457638
-0.101859  3.63433  3.73126
-2.13297  -0.0617489  0.562553
-1.22525  -0.961381  -1.25236
-0.786158  0.790339  4.6606
-1.92847  -1.33854  -0.853771
-1.11776  0.120637  -3.58173
0.592104  -2.03265  -0.608211
2.28814  -2.17293  -3.76606
1.66656  0.587376  4.53605
1.35812  -0.402054  2.49344
2.04504  2.21867  -2.94971
0.906433  -1.03457  -1.0971
0.561784  -1.54618  0.688965
3.2722  -0.623448  -2.34363
-0.434702  3.16762  4.11697
-1.57221  0.445437  2.75302
-1.12128  -0.696467  -0.108747
0.0122602  0.236129  -1.90371
2.01785  0.456343  2.95648
1.27164  -3.50573  -1.42689
-4.35659  -0.536727  -1.93178
0.510405  2.7712  2.21034
4.86885  2.15347  3.50615
-1.59125  0.714089  5.36096
-0.223483  2.43673  6.16859
1.25401  -1.39396  0.694694
3.03163  2.24273  1.27744
0.566214  -4.53041  -4.05341
-0.719574  0.359462  -2.66932
2.89996  2.6229  -3.66783
2.18936  -1.38296  -1.85633
0.538116  3.28219  -0.777344
-3.0723  -0.661423  0.0118925
-1.7662  -4.73185  0.54347
2.10378  1.19476  -0.533987
2.54513  8.02339  0.0390215
1.20246  -5.10822  -1.73638
5.95392  -3.45412  1.71848
-2.27259  -0.319709  -4.61365
2.9831  -0.505616  1.55125
-0.174051  -2.01044  -2.54823
0.700908  1.56106  -3.10975
-1.35141  -0.646113  -2.67722
-0.0086238  -0.247731  -1.6531
-0.00267287  -0.00706641  -0.872848
-0.347579  -0.969571  -2.2156
-3.6786  1.60377  -1.34278
1.19812  0.888755  -5.76141
-0.268958  0.236418  -3.58562
-1.68003  -0.402916  -2.29683
-1.30908  4.69871  0.500753
4.08385  1.89505  -4.18997
0.221225  0.351993  1.61837
0.30497  -0.136294  -7.3183
-1.26844  2.1547  -1.61936
-0.626576  0.120582  -2.10675
-0.0109727  -0.467243  2.06242
3.60098  -2.33119  -2.2296
-5.40705  -4.2049  4.43061
-0.740217  1.72577  -0.97937
-5.06294  -0.462772  3.75156
0.10177  -0.0735249  4.11723
0.351662  -0.168033  -2.41525
0.0308738  -0.0176385  5.6497
0.79692  -2.63613  1.81782
0.467531  -2.31428  0.337149
0.297002  0.800032  2.93847
0.737428  1.34152  -3.02491
0.645853  -1.07118  0.617052
0.678006  0.16081  2.0752
2.18724  0.130796  3.67773
0.221775  4.39099  -0.0940047
0.947173  1.47973  -1.82178
1.58864  0.784606  3.46316
1.60122  -4.57783  -5.31566
3.44302  1.41911  1.37388
-2.20701  1.66353  1.77765
-0.0806101  0.745926  -6.36443
3.49451  -0.789146  2.17592
-1.07064  -1.3033  2.57612
-1.12064  -1.34382  -1.87952
1.6453  -2.22483  0.689438
-0.396656  2.70812  -4.72233
0.166665  0.398266  6.42709
0.97004  0.96357  3.81654
-0.656898  3.38195  4.05989
-0.104413  -0.860872  1.93723
3.35624  -2.78567  -0.308849
-0.814298  -1.55043  -4.87249
-0.398904  -0.584974  -6.0234
-2.53438  3.47664  0.31708
0.282078  -0.97913  -0.826741
-1.57997  -3.33682  -3.63341
0.754421  0.37675  4.29041
0.102638  4.41105  -2.14901
-2.30845  1.55517  -2.21939
1.08816  1.25857  -4.43125
-0.904063  -4.50368  4.39612
-0.613459  3.4088  1.00999
-1.20362  -0.145787  -3.95839
2.46032  2.59954  1.12817
-1.94433  -0.457494  -2.7441
-0.511647  1.04908  -2.48383
0.00750314  -3.52704  0.828948
-0.010304  0.00860342  -0.899551
-2.79286  0.499494  0.871985
1.35447  1.30528  -1.7612
-4.4543  0.365075  4.02898
-1.11695  2.08571  -3.29277
-2.02173  0.714323  -0.413911
-0.365964  2.31422  -0.558981
-0.877824  0.224098  -1.80028
3.46693  2.81637  1.27493
0.754397  -1.57274  2.77378
2.71175  1.58269  1.16486
0.760893  -2.98489  1.68882
1.51623  1.83476  3.0006
1.17908  0.588026  0.798869
0.0810923  -4.26341  0.507376
-1.4386  0.39304  -2.41599
0.115887  0.875426  1.84189
0.801173  -0.735174  -4.82094
1.03638  2.92833  1.56913
1.37482  1.96364  1.0479
2.56008  -1.2142  -0.215052
1.63418  1.16642  -0.643523
-3.56243  1.14953  5.00268
-1.69288  -1.51104  -0.424597
-0.237696  -3.03729  -0.570287
2.9002  -1.02726  0.615433
0.565801  -3.23888  -5.24087
3.19926  0.717483  -2.99371
0.77402  0.318053  -3.16043
-0.727228  0.683673  2.80723
1.14239  -0.514022  -1.90808
2.33782  -0.641434  -4.32763
0.298019  -2.8041  5.06285
-2.07825  -0.168427  -3.77064
0.139927  0.518281  -4.56199
-1.38728  0.115086  -0.797814
-0.0741586  0.818162  1.7813
-2.44542  3.74707  -1.23144
1.38122  1.76613  -1.79289
-0.119851  0.801923  -6.10981
-1.81145  1.40216  -5.89025
-0.623068  -2.0758  2.62933
1.84261  -0.535587  3.18301
1.58521  1.01014  -1.75079
0.119957  -0.170813  3.89761
2.87341  -5.06661  0.546774
-1.27453  3.36197  -4.3503
1.53117  -0.585084  -2.10618
-0.612428  -0.641606  3.71903
3.20004  0.762683  0.470513
0.565201  0.533674  -1.38024
2.7215  -0.443643  -0.208862
3.17026  2.60768  1.55376
1.79331  1.29485  1.43999
-0.23311  1.51424  1.49479
1.26614  1.45188  0.811149
-4.22512  -2.77826  -2.97922
0.948441  -1.45064  -3.13975
-3.16208  -1.69084  -0.539727
-1.27147  -0.546282  -6.42322
-5.58575  3.9173  1.62448
0.994921  3.48518  1.21942
0.934493  2.20422  -1.86109
0.30546  -1.37236  2.81037
-1.44891  -1.08691  -2.7552
-1.27989  -1.7998  -3.53114
-1.28842  1.86649  -1.91092
2.66783  2.14253  -1.42863
3.33803  -1.26837  0.500076
-0.528028  -2.03695  2.76231
-0.254792  -0.140829  0.359851
1.93912  -1.68827  -4.87408
-0.753942  -1.74045  3.14068
-0.364952  -1.94583  -1.72502
-2.53339  -4.02551  4.38037
-0.148853  -0.367067  0.317178
-0.110756  -0.242327  1.32292
0.12657  -0.847495  -2.48817
2.0459  0.553893  -4.81275
-1.67247  -3.72496  -0.75834
-1.79692  1.67587  -1.19906
-1.01645  1.11877  0.865635
2.00634  -0.510431  -1.78741
1.56428  3.45955  0.298001
-0.833977  -1.84049  -6.39314
1.50706  1.39882  -5.8286
-0.310716  -3.95981  3.66822
-0.0808003  0.0346124  5.52574
-0.623418  -5.88769  1.47114
-0.842628  -1.96642  4.00762
-2.03415  0.788328  0.756027
-2.22405  0.614841  0.962143
-0.214183  1.81647  4.49841
1.46796  -0.0842381  1.66077
0.562747  -2.24319  1.56365
2.73983  -0.790927  -1.73169
0.669561  0.0343712  1.13639
3.19655  -2.43576  2.50372
0.150573  -0.487071  -5.1371
0.494213  -0.519239  2.83686
2.2832  -0.423217  0.146056
-0.00609906  -0.132049  -4.2683
4.60283  -0.138623  -3.53425
1.33682  1.43878  3.13285
-2.43984  4.16607  -4.21396
2.25191  2.17486  -4.81237
0.822501  2.10299  -2.65194
1.84771  -1.37099  -0.585383
1.26357  -3.19304  0.441002
0.158052  -1.24458  -3.46013
-2.73011  -1.14072  -0.952064
0.258238  -2.18103  -1.88027
1.7182  0.534808  -0.409091
-4.08219  -1.03903  -2.40488
-0.0830062  -2.16787  -4.12065
-1.61572  3.13448  1.01566
-0.959813  0.689242  -0.94509
-0.687914  0.360885  3.55911
0.0828172  3.92688  1.32975
3.49076  3.46932  -0.842225
-2.11931  2.24659  -0.802962
-1.51603  1.91835  2.49568
1.03403  -1.99692  -0.436487
2.40482  0.309476  2.35198
2.35545  3.00228  -1.73767
0.150047  1.59892  -2.07675
-3.41734  -0.341431  -2.61441
-0.00879583  0.0490037  4.10012
-2.30284  -4.12664  -0.961233
-2.83747  1.81027  -5.22824
0.289735  2.14903  0.608635
4.99855  5.1671  -6.55684
1.64138  -4.67204  -2.13468
1.88013  0.305599  -0.30626
0.226143  0.17472  1.78923
-1.8052  -1.95602  5.21765
-4.43747  3.35821  0.436987
0.141795  0.0327082  -3.80059
0.0528589  1.14547  1.36034
0.523439  -0.641257  4.61848
1.36853  -1.96226  0.888712
0.739114  0.494837  2.92184
1.62112  1.14587  0.913127
2.13309  -1.05918  1.01146
0.627208  1.58691  -1.89812
0.359282  0.761253  0.475713
5.19374  2.50943  1.50489
3.35884  1.05228  2.43341
0.506919  -0.627057  -1.95367
1.08903  -0.547851  5.15152
0.0597853  0.364414  -3.15366
-4.92863  2.02514  -0.967912
-7.69395  -2.23611  -3.20188
1.73743  -2.59307  0.255196
-2.29901  -0.445815  -2.97399
1.41164  2.74737  -2.28756
1.27021  -4.17826  1.7703
-0.0464621  -0.752244  0.671413
-1.40703  -1.71207  -6.46584
-1.21972  -1.97137  -1.34
2.29084  0.0445798  -3.89135
0.00796811  2.03327  -3.74396
0.928003  1.26207  6.54949
4.0147  -1.30069  3.11303
-0.0316445  0.0330009  1.9953
2.20549  -0.418017  -5.46557
-4.09581  1.82921  -1.39204
0.652129  3.08029  0.93473
0.238708  -0.218106  -4.70655
0.0593323  -0.594095  3.09033
0.560485  -6.51579  1.84094
0.156021  -0.606613  -3.30044
1.07877  4.05887  -0.809737
-2.32661  0.667608  -0.230711
1.16066  3.36097  -6.93383
-0.69392  -1.46941  4.20659
2.46096  -0.648737  3.49887
-0.152443  0.966174  -4.32213
0.325585  2.22295  6.36114
2.92373  2.58946  4.57164
3.36595  2.47779  -1.33651
0.593101  1.62482  6.27996
-6.38022  0.253077  -0.687588
-5.73596  -0.44459  1.65008
-6.4466  1.15266  2.69184
0.561535  -2.27461  1.96121
0.400317  1.9932  2.22724
1.73123  -5.80547  -1.52682
6.45389  5.26003  1.94059
-0.527675  3.16642  3.17696
-2.21857  2.39266  2.27928
-0.158951  -0.00608469  -1.14506
2.29214  -2.01516  1.83129
-1.6148  0.686272  -2.13448
1.33937  0.0508262  3.64816
-0.773274  -3.05868  -0.513965
-0.954955  -1.11038  4.19013
-0.904731  -1.11024  -4.64946
-0.590456  1.3418  3.36892
-3.48709  -0.14267  6.66787
-4.00178  1.83292  -5.59483
2.81763  0.415734  2.13804
2.39241  -2.43441  -1.74042
1.83287  0.966134  -3.25215
0.242648  0.116219  -4.87488
-0.318784  1.29677  0.662078
-0.676158  1.72197  0.352389
0.140622  -1.2341  -1.64841
-3.90914  -2.00573  6.26114
-0.6403  1.71582  2.45363
0.139767  -4.04052  -1.05819
-0.0789745  -0.194163  3.82311
5.99054  -3.18051  2.38285
-4.17972  -0.611013  2.50363
-3.97227  0.421319  4.29963
0.634297  0.105021  6.89152
-0.644309  1.27165  -5.19967
-0.809185  -0.349684  5.63097
1.27437  -1.37654  2.61192
0.652806  1.40337  -0.740999
0.989462  -0.0272709  -5.18532
-3.58589  3.3655  0.479394
-0.147584  1.73283  1.22092
-2.01224  0.000811544  4.00815
-0.85862  1.14806  -2.58792
-2.74408  1.4983  -4.50187
0.186414  -0.370359  1.17827
-0.798625  -0.000811234  2.24087
-2.39207  0.970296  -2.52578
0.62249  -0.0595042  8.54076
0.386745  0.13343  -1.63277
0.0609806  -0.100678  3.42132
5.73562  2.28658  2.50067
-4.75394  -2.45121  1.7083
0.414832  0.116917  -1.90688
0.805331  -0.866232  -1.23186
0.0694378  0.448266  3.65187
-0.758569  1.12375  1.36223
-4.90893  3.69297  0.211146
-0.30072  0.563372  -1.20099
-2.83251  -3.96207  -4.8567
1.34512  -1.68429  -2.13519
2.72089  -3.39759  0.336598
0.697487  3.91926  1.91286
-2.82199  2.6274  2.87348
0.476082  2.3351  3.1369
1.27939  6.22692  1.34659
0.275671  -0.682834  4.24561
-2.36563  0.666996  2.05783
0.543939  1.98191  0.763073
1.78368  2.24972  0.000147282
-0.71294  -0.179812  2.99726
-0.775488  1.50275  0.73905
1.70841  -2.12116  -7.12795
-0.490769  -3.57056  -3.04259
-2.13262  0.36913  3.2736
1.73802  -0.759364  0.754534
1.5579  -2.01068  1.50452
-1.03865  -2.5028  -3.53703
0.735143  0.453988  3.50738
-0.0728189  0.3389  1.59604
-1.97071  -0.0201797  1.37552
-1.52397  1.82565  -0.0107135
0.866387  -4.6112  3.13079
-0.611222  -1.86261  -3.02485
-0.0948129  0.211941  -5.65051
1.50643  0.635117  -3.03773
0.803263  3.2726  -6.9485
-0.292105  -4.68631  1.70174
1.23814  1.0574  7.32688
-0.16963  4.85983  0.485067
1.06775  -1.51252  -0.507854
2.2367  -1.31909  3.82106
1.96007  -0.223824  -1.45949
0.664251  -3.52673  -1.1984
-0.309662  -0.568873  2.89964
-0.653251  0.645165  4.55483
-0.492434  -0.212172  0.891937
-1.80515  0.17074  -1.66763
-4.85973  -1.70355  2.74097
-1.35531  2.42062  4.23708
0.338658  0.0588182  -0.7985
-0.621502  -4.24804  1.47389
0.665356  -3.06154  3.35609
-1.31903  3.41478  0.381208
0.904425  -0.389191  -2.92227
-1.66029  0.191  -0.341826
0.0663285  -2.50462  -3.09054
-5.30707  0.471297  1.78749
2.64827  -0.00742093  -2.42681
1.07349  -2.91997  2.82133
-3.42095  6.33089  -4.26235
0.737532  -1.12264  2.0866
1.0507  -0.588363  -3.46725
0.164469  2.15963  1.30396
-2.36388  -0.178965  0.205941
-3.31395  5.00881  -1.3254
4.65636  -1.07547  -0.594502
0.124911  -0.691143  3.14646
-2.67304  -0.630693  -2.711
-0.185371  -0.237394  1.07281
-0.958033  -1.3423  0.144384
-0.0382235  1.13472  2.71066
-1.84021  -0.270437  0.568642
1.74816  2.15903  -2.62956
2.30185  0.0983319  -0.165144
0.288307  0.770207  -4.9646
1.44237  1.53225  1.19468
0.0411706  0.313798  2.8257
-0.459843  0.534964  4.58782
-4.87201  -0.646021  0.509163
1.39724  0.324119  -3.46374
-1.0493  0.625673  -2.6834
0.00129548  -0.000571133  2.971
-0.0575899  -4.78526  6.9064
-0.662331  3.47124  0.325186
3.06273  -1.14647  1.14761
-0.461514  -0.0548561  -2.12146
-0.892544  1.46875  2.39148
0.597168  -0.238108  4.83794
-8.36222  -3.60802  0.613715
-0.666898  0.33282  -4.38515
-0.58407  2.86094  -3.06713
0.910268  -3.26069  -0.603293
-2.40859  -1.86102  -0.107994
1.77326  -0.241822  3.34618
0.528161  0.105446  1.29243
0.111613  -0.00724117  2.41909
3.44617  0.322666  0.595249
-0.710682  -0.844619  -4.51049
-1.09714  0.857738  -1.51076
0.524914  0.777784  -3.59263
0.649539  -0.893667  0.619219
-2.24416  -0.512604  -1.40412
-0.443072  -2.06717  3.17616
-2.36483  -4.02866  0.362402
-2.94143  1.57483  2.73862
1.51648  0.379717  5.26661
-3.80921  -5.1056  -4.74583
0.453859  2.03681  -3.5894
2.30457  -0.16379  2.27176
-2.62272  2.51414  5.22032
0.0665493  0.247794  4.06385
-4.24245  0.924289  1.91056
-1.28128  4.78317  5.8684
0.715639  -0.0629189  2.10841
1.81035  0.265896  -1.21059
2.04387  0.303177  4.33577
0.570723  -1.29864  -3.37174
6.79916  2.70068  -1.37601
2.16392  0.477037  -0.225604
0.922829  -2.18807  -2.03719
0.720583  -1.59476  0.241781
0.957657  1.51145  -3.58293
-2.18472  -5.04389  0.597644
-1.12292  -5.54672  2.33952
-5.45617  -2.51559  -3.64694
-0.195508  -0.529679  1.80353
-2.46669  0.557472  -2.99887
0.939563  0.000577627  1.71438
-0.206308  2.32038  -2.42333
-0.262729  0.0995974  -6.44917
0.688373  0.71212  0.781691
1.96882  3.12675  0.398914
0.81653  0.129038  -4.61654
-1.91677  0.292535  2.33276
1.20311  -0.420937  6.74178
-1.59575  -0.15871  1.2486
1.29614  1.60723  -2.25453
0.645195  4.98231  -3.09808
2.25929  0.751623  -3.93902
-0.846126  -0.00312342  -5.10463
4.87925  1.39384  -2.00674
-2.56336  1.94057  4.59568
-2.25342  2.94716  -0.103887
-0.325348  3.39814  1.14525
-0.950282  0.858081  -0.497684
2.98419  -2.019  -2.75012
1.57283  3.00653  -0.115233
-0.768862  0.226494  3.81645
-0.714521  3.04931  4.36137
-0.0456959  0.942149  -4.23873
0.169596  0.880604  0.99766
1.20481  -0.0223758  -1.39743
-1.38305  0.455306  0.675658
1.21904  3.00375  3.75836
0.532922  1.03403  -0.00182172
3.12874  2.95178  -2.90801
1.56012  -1.40108  2.5584
-0.4308  -3.02129  -0.165439
2.62756  -1.57169  3.31357
0.0866973  -0.111133  -6.10316
-1.2476  -3.85389  2.99564
1.13062  -2.95725  -3.38788
0.879152  -1.6817  -4.51939
4.58751  2.21872  4.70985
0.621947  1.65618  4.75863
-1.26084  1.82147  1.31567
3.70165  2.79384  1.30724
0.467963  -3.04725  1.65213
-2.82028  -1.32621  -0.516556
0.511618  0.176179  -4.62057
-1.2772  -1.8081  -2.13471
1.12037  -0.266995  1.90421
-1.67565  -4.26271  -0.515283
0.403999  -2.76467  -1.90171
-1.71705  -3.82684  -1.43011
3.84482  -2.72359  -2.01325
-3.53281  2.94865  1.77117
-0.16239  3.96916  -3.08192
3.01668  -0.525478  3.79834
-1.77844  3.2705  2.23009
-0.516285  -0.787182  1.64588
-2.19586  -1.17012  -1.53156
5.26332  0.63275  -5.66346
-1.11096  2.66805  1.4478
-1.2402  2.86262  -0.89574
-1.60661  2.78737  1.44561
-0.217136  -0.0539069  -2.1627
-1.57899  -0.0282641  1.17811
3.92538  -0.340977  4.49424
2.01393  -3.46901  3.40543
3.32949  -2.27876  -2.37044
0.896841  0.304737  -0.865282
-2.03155  0.722033  1.63174
-4.20021  -0.257715  2.8862
-4.87592  -5.66144  1.96344
-1.90514  -1.10389  -3.97614
-2.57036  -0.237342  1.94501
1.5061  0.541881  2.8792
-4.40314  -0.379352  -0.469602
3.11483  3.02593  1.91556
-0.216827  -2.06394  -3.47778
1.09424  -3.68558  0.535899
0.0237475  -1.98957  1.7313
-1.89895  -0.0141952  1.39084
-2.73378  -1.38697  -2.84461
-0.774108  0.510629  0.529322
2.86813  1.36128  0.207742
0.823465  -5.66261  0.735212
0.295915  -2.61058  -0.133651
2.86427  -1.25272  2.5413
0.718163  0.689486  0.306938
-0.822889  -2.49318  -0.148314
-0.943108  -1.98687  -1.00482
0.921033  1.67808  -1.96578
2.06001  1.98359  4.11989
3.68057  0.509427  2.83007
-0.0164614  -2.04655  -4.18878
0.352962  0.363789  -0.786765
2.90917  2.61739  -0.00761548
0.267671  3.7733  -1.61715
2.65947  -0.620867  -1.8727
2.58774  4.74448  -2.66699
0.299023  0.232691  3.53099
-0.115074  -0.0375534  -0.674946
0.166591  1.10809  -2.66282
-0.548691  3.08457  0.151832
2.86026  0.0458028  1.48017
0.230136  -0.0225989  -3.23418
-0.545083  -4.67046  -3.02599
1.66572  -1.6624  4.46058
-0.666147  0.228842  -1.42081
-0.44106  -1.66707  -5.14442
-0.761728  -3.39485  4.91576
-0.630583  -1.81109  -3.39276
-0.569899  0.128015  -0.998195
-0.664971  -0.0959424  -3.26512
-3.3296  -1.86676  0.87428
-3.09901  0.746942  -2.21559
-2.20215  -2.55716  -2.24071
-0.193009  -0.0761159  5.25449
-0.294694  0.00528107  -0.642528
0.382142  1.53261  -2.82675
1.42703  -3.29302  0.00342106
0.856806  1.8728  2.92
-3.67969  5.06059  -0.922428
-0.420253  0.304959  2.87531
1.5787  -0.470321  -2.2287
1.00563  -0.0413973  2.82543
3.31082  -1.18805  -2.06223
-2.17778  -0.00362144  -1.48129
-2.48925  -2.5059  1.02617
0.112935  -0.18215  2.95188
-0.584665  -2.72868  3.67194
4.41239  -3.49286  4.07007
-1.55091  3.69479  1.99035
0.824757  3.84339  0.58196
-0.666674  2.52931  -3.85928
-3.20391  8.07792  2.01523
-0.369872  -0.360676  1.49208
-2.72552  -3.88788  0.122238
-0.48031  -0.151658  -5.93652
0.0513813  -0.397601  2.39551
1.49891  2.41896  -0.0231902
0.48213  0.895326  -1.10986
-1.32337  0.393212  3.95599
-3.2663  -0.347675  -1.96561
-0.325297  -0.898536  3.74315
-0.913263  3.92105  1.96904
-2.93693  -4.37446  1.51061
0.0809335  -0.89331  1.41487
-0.224843  -0.248867  -3.44969
0.0466699  -0.248476  -4.17263
-0.579735  0.377158  -2.84463
1.69944  0.326186  5.98118
-0.247701  -0.139132  2.88919
4.09127  0.109465  -2.64941
-0.0344426  -0.381051  0.88317
-3.51361  -3.87225  -6.11084
-1.21168  -0.29991  -3.73612
0.81141  0.0216243  -1.14805
-0.0736141  0.0113032  -3.22484
5.09338  2.48386  -0.376507
0.754593  -0.742114  1.7836
-2.07848  -1.16989  1.13488
-4.51832  -1.11432  -0.47275
-3.02529  -0.0261327  1.59005
-0.75448  1.44223  2.72193
1.0755  0.737143  1.0723
-1.89538  2.00398  -2.50852
0.236026  -2.32337  5.59764
0.251775  -0.651639  -4.59947
3.36029  1.90685  -4.39272
-1.992  -0.579835  -0.290843
-6.0452  2.31919  -5.18299
-0.851789  -0.102039  3.18701
2.20083  1.14497  0.425447
0.0392991  -0.00825287  -2.4239
1.25135  2.12188  4.88914
-2.05943  -0.093171  -3.84619
-2.43188  2.41337  -3.35769
0.239609  0.157958  1.98613
0.539501  2.58279  -6.48394
2.05  3.13828  0.969087
2.36398  3.44973  2.78756
-3.08641  1.25202  -0.298752
-0.90364  0.111298  -3.5692
-0.693183  -1.77907  1.94144
0.956867  -3.56978  -0.736881
-0.1532  0.877307  0.972892
-0.662303  1.41558  1.73523
-0.619629  -1.30224  -1.9396
0.875916  -3.30625  1.15908
-1.4128  -0.406216  -0.728042
-0.828301  0.0533897  -6.02369
-0.0802364  -0.264969  1.68771
1.02236  0.717888  -2.7752
-0.130204  -2.70557  -3.63051
1.3691  6.20479  4.18356
-0.91509  -0.944485  -4.05839
-2.72796  1.3104  1.31165
-0.192663  0.744186  3.64384
-0.0915289  0.216993  -0.803307
-0.186861  0.033377  -3.20785
0.231073  1.1031  3.28477
-1.80419  2.89947  -3.40177
-3.26302  -0.96746  -0.395064
0.332229  -0.149301  6.46844
-1.50368  -2.51645  1.64665
-0.544727  1.94288  0.143885
-2.16707  -0.400632  4.19298
0.0237155  0.0029047  -2.31016
0.639998  -2.32952  -1.01429
2.45251  -0.949906  -2.83164
-0.0388456  -0.0629427  2.90296
-3.05888  2.9483  -0.931485
-1.01132  -1.14545  5.21507
1.96695  -0.000622987  -1.14868
-0.529898  -0.723919  -5.48715
4.72583  1.65537  0.444496
0.119086  0.650932  -1.48508
-1.72874  1.20116  0.74139
-2.3901  1.51435  -3.15057
1.83806  1.4104  1.31056
0.369686  -0.877238  3.99868
0.768551  5.6353  1.89406
-1.57227  1.22941  1.07633
3.33127  -0.655024  3.44179
2.15579  0.129753  3.24206
0.325044  0.905726  -3.32341
-4.05969  0.539027  -2.44922
0.119466  -1.54399  -0.361979
0.0882596  1.62022  4.34043
1.77905  0.734155  -2.07859
0.148928  1.4818  -4.16834
0.0502949  -1.08921  2.86074
-5.73474  -0.293002  0.812468
0.286534  1.63177  2.99798
-1.65054  0.0328277  -6.2853
4.78929  -0.221776  2.907
-0.470964  -2.87693  1.97702
-0.535246  -0.765488  1.12144
-1.58289  0.313443  4.13022
-2.32537  6.38228  -2.73849
-3.64657  -0.749683  0.252374
1.52666  2.1018  -0.00628461
0.178269  0.0892312  5.63248
0.274821  0.275296  -1.3761
-1.00209  -1.95301  1.43994
0.303139  1.06773  1.66195
-0.238015  0.683393  -2.45074
-0.394052  0.453439  -5.18965
1.14307  1.12902  -2.38765
-0.563876  -4.39813  -1.23104
3.48376  -2.12875  -1.62907
3.81552  -1.76154  -3.52901
4.41843  -1.64097  -2.1617
0.103063  -3.01791  -0.81636
0.457421  1.61328  0.474118
0.652475  -0.53465  4.34475
-3.67673  -1.50435  -3.69074
-0.000999063  -0.361256  2.80547
2.14595  -0.651729  -1.01834
0.952801  -0.303821  -2.4079
6.82221  2.80701  -3.12714
-1.12262  -0.260049  2.14622
4.28319  4.0304  2.64519
0.435289  0.880527  -3.02608
-2.93669  0.253515  3.05747
1.10398  -1.25178  -5.52618
-4.27022  -4.48909  2.0347
1.57403  0.360935  -2.16766
-1.80284  1.68797  -0.571465
4.08302  -0.394495  -5.33343
1.86015  -2.48237  -0.861855
-0.72489  1.43241  -3.89009
4.35859  -2.53426  1.39357
1.02074  0.330482  4.52392
0.83651  -0.278678  -2.02445
-0.0148338  0.000291352  6.68619
0.0625362  0.0952695  3.31343
-0.259358  0.254809  3.48355
1.37489  -0.613556  1.26385
-3.64046  -0.503914  -0.621654
-3.46724  0.890879  0.92525
1.36125  -2.96557  1.21058
0.535293  1.19775  4.57201
-0.950585  -1.52588  -3.65119
-1.96508  -2.55557  -0.650143
0.675134  0.924451  -0.565258
-2.7383  -0.370666  0.0171737
1.00865  -0.620864  0.0963228
-6.10371  -1.91104  1.27028
-0.186521  0.499821  -4.4496
7.37338  -1.75924  0.0688038
-0.342169  -0.0173311  -0.483338
0.600225  -0.9889  2.91439
-0.166017  0.123854  -0.545357
-3.95503  1.62951  -4.85255
0.223457  0.559362  -2.34231
-0.526041  1.41088  -4.5262
0.259031  -0.0216635  10.3403
1.6576  -1.94417  0.0810233
5.87263  2.04177  -3.12008
-2.20503  7.76297  -0.203777
0.957624  0.0364663  1.29438
-1.31419  -2.66275  -4.53477
-0.0153667  0.80084  -3.04957
1.96189  -1.83636  3.13987
-1.05357  -6.02218  -1.16423
-1.49351  1.72398  -4.24266
0.593635  -0.139538  0.689557
2.33467  2.05704  4.27029
2.11526  -0.397159  1.00249
-1.37298  6.93084  -1.18177
-1.91902  0.616553  3.66718
2.58247  4.55893  -1.48525
1.63014  0.867493  0.368854
0.184576  0.109616  2.24568
-1.22693  -0.30168  2.89258
-2.5407  4.36155  2.01061
1.20825  3.34286  -0.499387
-0.103423  0.0247125  3.08099
0.276547  3.2061  0.531949
2.04677  0.0997793  1.10213
0.162684  0.381918  -3.18468
1.46164  3.64015  1.67745
-0.652964  -0.316396  1.43329
-3.82981  -0.250912  2.71216
1.32554  -1.66665  -0.28449
-0.231047  -0.746793  -1.0179
-3.02104  2.85623  2.87423
-0.0533944  -1.60343  -3.71437
3.37712  -2.43568  0.561999
-2.78785  -1.72973  -5.54742
1.94423  7.44288  1.49434
1.66583  -0.174839  -6.72782
0.796986  -0.354963  0.271003
3.68105  -4.9357  1.05414
0.95144  -3.80918  6.65703
0.525786  0.548465  -1.6112
0.0305933  0.256575  -3.26563
2.56516  2.53418  2.32682
-1.59141  -1.52814  -3.09616
-3.90142  5.72534  -3.1137
-1.33228  0.668501  0.0998628
0.188922  -0.817059  5.58449
1.49679  -0.851705  -2.45765
-0.427514  5.32932  -0.520077
-1.44609  1.72889  -3.5081
-0.0972238  2.16391  -4.2885
0.691045  -4.65537  -1.05504
1.76614  -0.287357  1.89946
-1.4457  -3.43094  -2.82782
1.15825  -1.13826  -2.67482
-1.92617  -4.53357  0.380102
-0.0705414  0.0227478  4.97175
-0.439368  0.899221  -3.75889
-0.706854  -3.71754  -0.900766
0.191597  0.724089  -4.22169
-0.848877  0.447316  4.61187
5.06351  4.33787  -3.00581
-2.73163  1.07641  3.81034
-0.0163304  -0.25559  2.67312
0.785495  -1.10104  -1.00226
-0.839138  -0.296879  2.71893
-0.165766  -0.305617  1.00753
-2.63033  3.80463  2.78322
3.56261  0.78086  -1.79003
-0.0834182  0.0150729  0.81968
-1.66714  -0.0868958  -5.79544
0.630173  -0.370169  1.35341
0.567537  0.288176  -4.87106
-2.3882  -0.502802  2.63509
0.477109  1.04638  -1.53041
2.74551  -3.31166  -4.08705
-3.23762  3.17041  -1.54711
0.0675287  -0.159598  -2.03113
2.30229  0.0479139  -3.55234
-3.70563  -0.466367  -0.634327
-1.21013  -1.7629  -4.26044
0.460622  -0.125375  2.01502
-3.39734  2.41587  2.55175
4.71724  -0.887882  3.39665
-2.35812  3.88752  0.927297
-2.36892  3.40751  0.765489
-1.25948  -0.909601  -2.93574
0.670157  -1.90996  1.87511
-5.0639  0.00113764  -3.0884
-6.94443  1.36106  3.9855
2.88278  1.5517  -2.10485
-1.83188  7.82389  4.77385
-0.425684  1.24916  0.186729
-0.180932  1.28955  3.99443
-1.45519  -2.10863  1.7936
0.421633  0.642041  -1.00392
1.87394  -2.09467  1.93445
-1.55541  -1.72622  6.13621
-4.71054  2.62054  4.8196
-0.974486  -3.25752  -1.14825
2.51335  0.740588  -2.72053
-0.229989  -0.169419  1.78812
-1.31917  3.18011  -1.6887
-1.05778  2.26718  0.77177
-0.104277  -1.94765  -2.91996
-1.99964  0.0700826  -2.55744
1.45322  1.33136  -3.10725
-0.303636  1.89138  -2.33086
2.16202  -1.99628  0.75249
-0.252884  -1.65689  -0.252092
-3.49176  5.53045  -0.72626
0.500088  -0.75284  -2.35626
0.565088  -0.00483833  0.748788
-0.491041  0.0823204  0.0366745
2.53925  1.40143  0.76571
0.445815  0.859122  1.55414
0.193189  1.37137  3.31782
0.216782  -1.63168  -1.92558
0.695175  1.46817  -0.206813
-0.597358  0.791922  3.39445
0.818144  -0.776315  -4.45684
-0.175726  -3.16812  -6.09791
-0.0143364  -0.0149451  -2.36574
-0.0819911  0.04675  1.81747
-6.00473  -2.55536  -0.197864
2.24986  0.651333  4.84181
0.9  0.153193  -2.9239
0.660314  0.542449  -2.33144
-0.127822  0.14542  2.41443
-1.91418  0.712217  -0.545085
0.336644  -5.1848  0.90635
-2.08194  -0.994034  -0.889425
-0.155234  0.125184  -5.30731
-0.731645  -0.131739  0.402881
-2.58463  1.16863  -0.649111
-0.749268  0.0343252  -1.91563
-0.3451  -2.53756  1.72175
-1.31766  3.40246  4.03793
-0.00989941  3.83946  1.85415
1.53797  -1.71291  -1.98282
1.03165  -1.10208  -2.28944
-0.231642  -1.14059  -4.06769
0.408737  -1.2726  -3.96822
1.45806  -0.777257  -2.7457
-2.59996  1.63668  5.41675
-2.63677  -2.16054  1.53451
1.87498  -0.20715  3.16919
1.36375  2.1178  3.9651
-6.51718  -0.909363  2.73831
1.61628  -0.569466  -1.14348
-0.299105  -0.137338  -2.28589
-0.246516  2.43273  0.476003
-1.0024  -1.89884  1.5912
-3.4391  -4.97873  -1.45026
-0.283258  0.849795  -3.63566
-0.459498  -5.86247  -0.374331
-1.00758  0.462366  1.86176
4.01562  1.81428  0.617785
-0.281478  1.32865  1.53088
-0.124475  0.096283  -4.8107
-2.32093  2.99397  -2.64126
0.0328375  -0.0373843  3.54481
0.614407  1.41045  0.861962
-0.0589827  -0.24178  3.34265
-0.366281  -1.46297  -1.14483
-1.79412  -2.87324  -1.83466
1.6392  1.14138  1.6581
-0.698513  -0.364014  -3.38543
-2.09102  -0.027756  -2.3645
-0.373945  -0.991597  1.20016
0.00901762  -2.95468  -4.15727
3.16231  -0.515629  0.714546
3.05668  -2.66703  6.30372
-0.325314  0.197937  2.88217
0.531429  0.106246  0.922693
2.47906  -2.88964  -5.53547
0.850316  -2.04602  0.826453
-0.480784  -2.89387  -2.54658
0.000279736  -0.0365916  -4.31887
-1.50716  -5.06667  1.08232
2.39294  1.59824  0.343592
-0.160853  -3.05781  1.38088
-0.700796  2.56925  3.90483
3.97862  -1.02093  2.64133
-2.71698  -0.851669  -3.77974
-3.011  -2.12501  -1.91626
3.85177  2.20612  3.24997
-2.60085  0.314543  -0.603664
-0.336056  -0.292176  -4.4998
0.543012  0.636965  -2.41617
-1.02095  -3.28695  -1.69026
0.000785661  0.000158404  0.512524
-0.918259  -6.61858  -0.309998
-1.74462  -0.132452  -1.81073
1.62395  4.19194  0.293105
2.32471  -0.896045  3.08899
-1.40383  -0.785479  1.28963
-4.3009  0.669592  -2.82182
1.5307  0.011328  -3.64907
-1.68084  -2.97119  0.702002
1.83507  1.13358  -0.338316
1.78666  -2.5134  2.7905
1.83981  -2.98276  5.88977
1.23718  1.48511  1.1497
0.688825  4.02863  0.622806
2.71105  1.89702  2.78848
-0.170098  0.971084  -4.1131
-1.85308  0.735386  4.65371
0.0445857  -0.0396586  3.35724
-0.577285  0.0548159  -3.81094
0.397476  0.701731  3.33732
-3.45763  4.15981  1.27385
0.911392  0.748809  -1.17339
-1.82666  -1.77541  -4.49175
-0.139394  1.03874  2.89276
-1.61522  -2.55099  2.32994
-2.95458  -1.09896  1.49185
-5.72295  -1.09743  -0.15597
0.911641  -1.48313  0.598263
3.12721  -4.50939  -3.23626
0.713258  -0.248174  3.90789
0.690267  -0.0613947  -3.8753
1.41802  0.694792  1.85705
0.27688  2.18768  0.523874
-0.277289  0.268074  -2.82489
6.36085  1.3082  -5.19918
3.86521  4.74928  -0.884565
-1.92268  6.64397  2.4252
0.522483  3.83375  3.85124
-0.953704  1.13267  -5.58938
1.74543  6.51965  0.00692441
0.188866  -0.23132  4.40516
-1.813  -0.346594  -2.02907
2.43632  3.82197  1.64584
2.09541  0.810427  0.990885
-0.108353  0.0522032  6.19238
0.0696128  -0.0226882  4.28109
0.345885  2.70375  0.750983
0.209163  -0.328763  5.5364
1.46828  -0.193234  0.188444
1.12862  2.20166  3.03175
0.00994318  -0.116628  3.25078
-4.10595  2.82412  3.25369
-1.50055  -0.667622  8.85593
2.96307  -0.45143  -1.32566
0.555811  0.608713  -3.58214
0.863504  -0.283259  1.39009
0.139246  -0.0458765  -5.30106
-2.70279  2.52769  0.237311
1.16396  -1.65847  5.68237
2.77918  2.45663  0.718931
-2.21434  0.805008  2.00033
-0.2262  -0.575158  2.98141
2.31953  1.42  -1.65786
4.05013  4.5343  -0.585209
-0.0145264  -1.45826  6.86759
3.00332  1.60373  2.33615
-3.21782  -3.19612  -0.170357
-3.05009  -1.44275  0.189202
0.714338  0.627554  1.3889
1.33842  1.24259  -0.267283
-0.197986  -1.613  1.65659
0.0255462  0.342335  1.56707
-2.12869  -0.666027  -1.41459
0.554452  -2.22108  -0.89368
2.90468  1.09826  1.05606
-0.725142  -1.35092  -4.93646
1.28192  -0.25118  -0.00835905
1.93364  3.87232  2.00428
0.411835  -0.329925  2.93447
3.86336  3.77877  3.66624
-1.77423  -1.64182  -1.14604
1.71068  2.4461  4.07336
-0.569883  -1.2829  1.4642
-3.126  1.36716  -2.88061
-0.396814  3.23159  -4.42812
7.06639  2.05952  -1.24831
-4.53944e-05  -4.37814e-05  2.65885
-1.11595  -2.36827  2.12074
0.630034  -0.447232  1.30287
-4.63962  -2.04377  0.497718
-0.232614  0.238558  -2.59068
-0.591663  0.146687  0.658883
-3.0885  -2.23185  2.06072
-1.5757  1.16257  -0.903563
8.72113  -2.96324  0.228769
3.28327  3.63178  -0.340014
-0.8973  -5.31249  -1.14587
0.655388  -1.65531  1.41822
3.29845  0.188225  0.995543
0.701646  2.41662  2.60683
1.38376  -4.46212  3.90159
-0.177293  0.978572  0.993485
-0.639734  -0.136444  0.167992
-0.120708  -0.0769907  -1.09036
-5.6027  2.75381  1.28883
-0.944347  0.737455  2.23907
-0.587004  0.46106  -1.0293
0.542185  0.676599  -1.78119
-0.0942463  0.00390153  -4.70986
-4.37003  0.393106  -0.572707
1.73219  0.728806  0.350627
4.63992  0.233149  -1.81808
1.04336  -0.712721  -1.59512
0.840026  2.27006  -3.76141
1.59652  0.659821  -6.21419
0.560507  1.4752  0.520331
-0.869081  -1.17714  -3.11539
-0.944178  4.91364  0.461316
-2.06376  0.984201  3.54774
-0.931564  -0.846828  -2.92377
1.33799  0.229  -2.80356
-0.0766724  -0.115537  3.70626
3.45489  -3.78701  1.29882
-0.898334  0.534033  -1.43119
-2.34784  3.67153  2.03202
0.369643  -1.0817  -3.53172
-4.17928  -0.503863  1.31047
0.878302  2.2467  -3.55911
-3.5354  -3.68925  1.24857
-1.94237  3.17381  1.41567
0.687914  -3.28024  -2.2895
-3.34766  -1.11094  -0.329135
1.61293  0.00356858  0.351591
-2.55227  -2.21921  -5.76886
-1.23694  -3.9576  0.933275
-0.584948  2.54195  2.93381
0.21437  5.04001  -4.41275
0.187626  0.257491  -1.75229
-0.0963119  -1.91109  5.26611
-5.54949  0.984286  -1.15641
-0.993476  0.223533  3.83887
-1.54502  0.131666  1.32883
0.139819  0.0825308  -3.20174
-3.04857  2.00013  -2.2685
4.15861  1.69017  -3.55612
-2.09133  1.4402  -2.46063
-0.251353  1.61241  -3.0667
-0.225144  1.36471  -9.7218
0.376543  -1.62567  1.42554
-0.514943  -1.7516  -5.0677
2.24576  2.14268  0.116948
0.0313349  0.14793  -5.06013
4.71883  -2.10422  2.3427
-3.46451  0.538963  1.5625
4.79835  -2.22219  -3.24566
0.0327535  -0.670988  -4.03605
0.965299  5.42396  1.87173
-2.95866  2.79161  4.21793
3.12997  -1.68527  2.46788
1.27431  0.161724  -1.62637
-0.252795  -0.051863  -4.77949
1.824  -3.46229  0.951102
-2.00822  1.90675  -3.98843
0.480419  0.271158  1.64163
4.80967  -0.207947  8.41863
-1.69266  -2.43636  -3.7335
0.235064  -1.38459  3.73844
-1.02735  0.13712  -2.39802
0.220839  2.63601  -2.05195
-0.160235  0.140848  -1.47638
0.137718  -0.0976718  0.290316
-1.41759  -0.596813  3.1903
-1.40977  1.20821  4.53108
-0.833821  0.38838  -5.08559
-0.311261  -2.49577  1.72525
-0.704633  2.64412  0.427103
1.52522  -1.52858  1.99662
1.65366  0.768971  4.66516
0.610671  3.41182  3.38109
-0.64527  0.358452  1.43689
1.66892  -0.693373  2.25673
-0.569494  1.04646  5.12823
4.1648  -1.56474  -3.54364
-1.66677  0.861144  -2.72732
0.145863  -1.84996  2.93432
-1.41151  2.01727  -3.6066
4.94831  -1.52799  -2.93981
0.160349  -0.65642  -2.34205
0.768729  -1.00881  0.699541
-2.43121  -3.26713  4.96214
-1.64085  -2.96132  -0.913452
0.517739  -0.748162  -4.73973
5.60349  2.14768  -0.840518
0.493203  -1.57689  -6.08597
2.50666  1.1162  2.26907
-1.69258  0.0532079  2.07945
-0.0115343  0.0446848  3.66718
-0.523583  -2.57725  -4.27106
-3.40705  -3.74533  5.63485
-1.18963  0.728959  2.91248
3.10783  -0.976682  1.11484
2.03923  0.798323  -2.32726
-0.655303  -1.1967  -4.37965
0.0676379  1.6384  -3.15719
4.00022  1.7692  -0.329006
0.654268  0.526086  -2.36958
2.48044  -4.42933  -4.64107
-0.0559706  0.293008  -2.05561
1.37191  -1.4656  -5.54865
0.279075  0.504343  2.29626
-0.106416  0.359299  -1.85109
3.49715  -1.37376  -2.13625
-9.1543  0.640673  -2.54248
2.59148  -5.59469  -3.35262
0.408789  -1.23874  3.25274
-2.54408  -0.263828  2.87297
4.29026  -0.236997  -4.35852
-3.14255  -4.69618  -1.37226
-5.12433  2.67817  -3.21382
0.237777  0.553085  -1.84446
1.34726  -5.089  0.171632
0.303456  1.94524  1.49603
0.0813093  4.77702  -1.93407
-4.10565  -0.308469  -0.0699886
-0.925852  -0.537351  2.77902
2.46689  0.861266  -1.6755
-1.07891  1.56508  -4.78027
-0.0962322  0.021158  -5.13044
-1.31839  -1.87377  -4.01491
3.06575  -0.862783  2.55822
-2.60771  -0.265301  0.38863
0.97581  3.39187  0.302501
1.83037  0.577202  -0.0443452
0.735135  1.31433  -3.24138
0.282934  -4.03864  0.357432
3.57937  -0.880864  1.81712
-3.30479  -4.39457  -0.912033
1.02594  2.00597  3.38427
-0.408158  -1.07763  -3.35435
5.15215  0.379686  -3.43299
-1.4868  1.6198  1.8651
0.414531  0.614898  3.57145
3.65367  1.42156  -3.12573
-4.83574  -1.54394  -2.03108
1.66859  -1.1226  -1.57489
0.65861  1.10758  -0.0223692
0.920483  -0.126229  0.232709
6.46447  -3.08001  3.09779
0.0330641  0.284597  3.37869
-1.37836  0.00954193  4.33147
-0.0632492  0.0195518  -2.89563
-3.78955  -1.10213  0.492342
-0.869767  -1.15782  4.47297
4.17447  -0.148717  -3.45126
-2.21959  1.47812  1.46782
-0.0347072  -0.0309528  2.45043
1.87915  0.901743  -2.43555
-1.97724  0.137681  -2.26971
-0.472062  0.377437  1.39353
0.106678  -0.164116  1.62658
-3.81332  -1.0728  2.90863
-0.0150789  -0.0798116  4.06919
-1.52632  1.49994  -0.147847
-4.10921  -1.3034  -2.18829
-0.0740871  -4.88222  -1.72298
-0.506092  -0.371126  4.14925
-1.67259  -0.0870662  2.30723
-0.238658  0.741922  1.58145
0.338801  -0.38162  0.958435
-3.26421  0.0907708  2.47005
-1.53219  4.72519  4.32288
2.03168  0.614341  5.81037
3.32579  -3.00759  1.92182
-7.75278  -0.0670467  -0.872462
-1.54846  -0.774223  1.47255
-2.23845  -1.12368  1.34524
-0.652485  0.904461  2.88441
-0.546908  -0.656004  0.644094
4.75985  -1.75291  -4.35572
-0.265569  0.456675  0.786448
0.155775  1.77431  -1.22216
0.592675  -0.482231  -3.6626
2.86168  1.57985  -3.15458
2.41105  -1.74992  4.35926
-0.899953  0.0868226  -5.26184
0.68701  3.358  1.16566
-4.7459  -0.212998  -5.91449
1.82548  2.7121  2.98199
1.15142  -3.52216  1.33242
-2.66406  -4.555  -2.83841
4.09977  0.00510985  1.71212
-3.99179  0.213001  4.26178
-1.64185  -0.357725  0.858437
1.23001  0.63173  3.17045
-0.837209  1.80291  0.137707
0.594857  1.07261  0.359076
-1.51132  2.25789  -0.476421
-0.289968  0.900257  4.89904
-0.0507667  5.2676  1.27938
-0.397593  0.423414  0.80118
-0.683044  -0.466234  -0.758356
-1.58892  -0.209098  -0.45404
0.331461  -0.441497  1.65542
-3.91556  0.182432  -2.42815
-3.1069  5.35875  -3.2246
0.88863  0.151397  1.65987
-3.76242  2.79986  2.69812
-2.06378  -4.64715  -0.293825
-0.33971  -0.463172  -2.66076
-2.49212  1.57482  -3.11955
0.300864  0.534013  -6.16836
-2.40596  -0.361361  -0.622368
-1.14129  -1.38707  -0.0689962
2.40114  -1.01439  -4.20365
0.503231  0.0732044  -1.4402
-3.62617  -3.77421  3.64468
2.72591  -2.13489  -1.34971
-0.227499  -1.22509  2.46443
1.2964  -2.52298  -2.77924
-1.71428  1.25322  2.67862
-1.43971  1.50011  3.80561
-4.31717  0.190306  1.01754
1.1142  -0.40302  -1.34319
-0.578889  -1.87053  3.16233
5.0119  -2.1513  -1.66002
-0.659312  -0.273191  1.93374
-0.558394  -1.47094  4.65203
-0.999507  -0.892772  4.82454
3.21116  -2.05016  2.21005
0.663069  4.12536  -0.694313
0.718392  -0.881912  -5.28796
-2.45859  -0.813765  -5.19596
1.62325  0.0186382  -1.65478
-1.68522  0.00209637  1.47027
-2.52497  0.2384  -4.20876
0.24785  -0.0210136  -0.760121
-1.09793  2.13085  -4.96181
-1.40711  -1.43674  0.129521
-2.29374  -3.42117  3.6202
0.526032  -0.600227  0.475764
-5.55646  2.14239  -1.75999
-1.30985  -3.65853  0.906505
-1.5975  -0.133769  3.58984
-3.4495  0.740012  2.37639
3.99456  -4.60458  1.50684
-2.6054  3.34066  -2.89869
-3.19269  -0.901989  -2.78918
-1.13559  0.175671  -3.78982
2.4583  5.05341  -0.811489
-0.223102  0.228721  -4.12184
2.65094  -2.66067  -2.11051
-2.4831  -0.309032  1.18171
0.306304  -0.488838  0.791744
-3.08114  0.56941  6.32712
-4.92728  0.772323  0.0769988
3.39545  2.05313  2.2559
0.0939236  -1.19382  -4.47021
0.941722  0.308423  -1.21202
1.14884  0.761392  1.17121
-0.809362  -2.4211  -0.13437
0.0998317  0.367114  -2.79119
-0.269302  -0.566753  3.65816
1.3416  -0.341192  -1.39798
-1.00388  3.28423  6.4874
1.59208  1.70286  5.02328
0.775715  -2.32444  -1.45162
0.0402822  0.00762983  2.58009
1.39402  4.8538  3.18329
-0.879881  0.183172  -2.05697
-3.85815  4.43401  -3.63753
0.310966  0.0231961  -1.71012
1.47278  -1.79692  0.364088
0.39907  3.58541  -4.20636
1.38001  0.449712  -4.97525
-1.77954  0.887294  1.21418
-0.263767  1.27821  -1.29527
0.441469  -1.27984  -0.606821
-0.66463  0.580839  -7.31768
2.20588  1.98862  -3.22767
1.48887  -1.05994  -1.18338
-2.36392  3.12231  3.98793
-0.0199673  1.46392  -1.0835
1.70873  0.257102  0.665813
-0.0383866  3.37687  0.451881
2.97259  3.332  0.124843
-3.5608  1.57578  -1.48221
1.32746  0.587313  2.94165
1.91978  -1.05134  1.66538
0.17856  0.581874  0.446161
-0.308452  -0.305221  -4.65248
-0.397404  -2.02706  -0.886171
-0.106308  1.28618  -4.26892
2.46818  -2.68391  -0.25303
-0.703772  3.1224  -1.61589
-0.0693499  0.122979  -3.01463
0.107966  0.962223  1.45585
1.89936  -1.579  -1.6209
6.61965  3.00334  0.356831
1.41452  -0.539115  -5.42516
-3.6889  2.52435  2.84464
1.02301  -0.439864  4.56814
0.513553  2.89133  -5.27002
0.0111594  0.0120563  3.13753
-0.289399  0.884631  1.94172
4.3739  3.74417  3.31393
1.09471  -0.260964  -4.65415
0.714947  -1.28075  -2.51375
-0.936272  1.22408  1.79433
2.64455  -2.65468  -2.71115
-2.11558  -4.84484  -2.47156
1.75106  -3.38279  5.02655
0.952225  -0.774989  -4.58337
-1.94682  1.3944  -1.9264
-0.51806  -0.544945  -5.81422
-0.383985  2.10919  1.15134
-0.222124  0.12351  2.40506
1.60755  -1.67579  2.91666
0.159511  0.728633  -0.354592
0.0119372  -0.0558057  6.40068
-2.92178  4.82933  -0.284292
-1.77833  0.697631  -5.64988
-0.404239  -2.91715  2.14889
-3.55225  -0.567873  3.14086
1.25356  -0.231768  4.83825
-0.33894  -1.8532  0.612619
-4.33755  -3.4235  -2.93416
-5.90379  -2.87238  -0.981413
-0.0981559  1.21115  0.00909971
-0.167282  0.0466916  -2.05373
-0.60318  1.36391  -4.22099
1.63641  -0.828521  -1.67258
3.66988  -1.20843  -3.5269
-1.60064  1.56561  -3.02343
0.659925  -2.03374  3.74656
-0.275041  -0.595044  1.18976
1.80236  0.668362  4.20331
-1.95311  0.832352  5.28494
-1.61864  1.28641  -2.57414
0.223379  -0.248273  -2.72008
-2.13327  2.54471  1.51156
3.18115  0.389748  -0.907335
0.125593  0.142546  -1.84734
-3.76924  0.842626  -1.14147
-1.30716  -0.56192  0.472608
-0.133146  0.521096  -2.14147
-0.773106  -1.16917  -3.56918
-2.25011  -2.01892  3.76805
3.4834  0.270217  -1.21327
0.00995548  -0.073384  -3.44071
1.55937  2.24713  -4.08679
8.06344  -2.68777  1.27646
-1.20531  -0.605976  1.73959
5.62481  -0.192054  2.13323
-0.0717694  0.104489  -1.22828
-0.647703  1.15586  -2.8429
-4.80794  1.5959  -3.84921
-1.52849  -2.96317  1.6897
2.77044  -1.05355  -0.801277
3.0924  -0.352007  6.65742
4.35117  1.75054  -0.0999161
-2.41355  2.05702  2.76452
-2.68307  0.219707  -2.1972
-0.018305  0.0363305  3.19285
4.44459  -0.0780504  0.00952672
-0.19283  0.473275  1.64753
-2.4927  -0.78046  5.10043
-0.165953  0.199017  0.242773
-0.708166  -0.913501  2.85533
2.85883  1.80672  1.65429
0.0246524  0.114906  -4.07985
-1.73801  -5.09298  1.36385
0.406421  -2.96444  -1.71116
0.00724486  1.91779  0.816601
-4.24051  -0.295333  -3.38035
0.254475  1.36325  1.55953
-5.28303  -0.104074  -1.21505
-0.915076  3.57931  -1.30777
-0.0332503  -0.0283444  -1.40881
-5.22947  0.347186  -1.9638
-1.48031  -5.7441  -2.12623
0.303758  -4.72835  -6.56585
1.61591  0.656241  1.65698
-0.94193  0.878037  3.22772
-3.69256  0.56062  -2.83077
-1.00754  -2.92928  0.29002
2.76713  -2.25204  -2.46388
-2.10539  2.61983  1.15149
0.325313  -3.07038  -1.735
-4.60008  4.49664  -2.25084
1.2578  -2.02391  1.99837
2.02715  -2.79715  -1.09178
0.836537  2.92972  1.65469
-0.846338  1.49983  3.67034
0.0519116  -2.19545  -3.41483
-0.92761  0.453421  -1.64076
-2.83871  -2.74195  0.453045
-0.197575  -1.1022  1.67187
-1.03995  2.69155  -1.87777
-1.03389  0.854445  4.02637
-3.17703  -1.5599  -4.4093
-1.40776  0.204106  5.05257
-4.33123  0.483976  0.496161
0.637905  0.65314  -1.59856
-3.08962  1.17937  3.32604
-3.18337  -0.544382  -0.037419
5.46147  4.02736  5.5971
-2.4606  -2.37245  1.39364
-2.71687  -0.28116  1.8959
0.66917  0.668701  -6.481
0.412951  -2.5991  2.31759
-0.485464  -4.7514  -0.796264
-0.292406  -4.85922  1.62718
4.47026  2.49261  0.719158
-0.391003  -0.148931  2.69007
2.05561  -3.5356  0.373189
-0.652438  -0.250708  1.60739
-3.02716  -2.0428  2.46678
0.548885  0.71432  7.0108
-0.259068  1.01516  -0.874276
0.977615  6.18372  -1.76968
1.04959  -1.14401  -2.39164
1.15196  3.10687  2.01381
-2.27576  -2.51788  0.103984
-3.25787  1.19345  -2.68957
2.55077  -0.320995  -2.70307
-1.30118  3.25292  4.257
-1.35845  -1.22072  -1.45258
0.320065  0.577346  4.08525
3.26846  2.37813  -2.88782
1.10461  1.96514  -1.95443
0.904462  -1.12287  -6.846
0.111716  3.43597  -2.97158
0.352974  -3.18512  0.482836
1.39504  2.68581  1.08367
0.47399  -0.065204  2.62755
4.28349  -4.33456  2.00547
-0.382672  -2.41338  -4.66437
-0.521392  0.861167  4.67263
0.973481  -5.58852  2.71293
0.856537  0.764565  -1.39462
6.91585  -0.00214072  -7.2508
-2.71382  0.493065  0.648097
-1.49931  0.21305  -0.580183
-0.507645  1.1952  -0.615199
-1.75169  1.90839  -0.64472
-2.48238  -0.180796  0.137579
0.519227  1.9865  2.38713
-0.643664  -1.33523  -1.5431
0.274016  0.362345  -6.24259
1.25726  0.274484  -2.57068
-0.0104558  1.56236  3.76547
1.6528  -0.298215  -5.6655
0.18693  -0.0286284  -2.50731
-2.74477  4.7056  3.74649
5.88865  3.68514  -7.09052
-3.8438  -0.260896  0.60993
1.12328  -1.10144  5.48262
-0.0207196  -0.0720028  -1.33707
-3.79871  -3.70508  2.61828
0.325161  -0.148686  5.88033
-0.0576823  -0.000635563  -2.08706
1.44572  6.94028  1.27604
1.70295  5.2089  -4.28031
-0.643863  -1.56668  -4.98931
-0.0555796  -4.62378  2.41752
-4.11705  0.735742  -3.50774
-0.00843888  -0.00903386  -4.64086
1.34699  -0.211699  0.244846
0.0838123  -7.93832  -2.75238
-2.7502  3.34611  2.95886
0.0978394  -1.68104  -3.07844
0.794374  -0.376107  -2.03593
2.77977  -3.70425  -2.10538
5.53984  -0.351641  -2.50697
-2.75632  -4.02089  0.376363
-0.657043  0.139609  -2.67369
-1.42541  1.61753  4.03772
2.08079  -2.2961  -2.02143
-2.20304  -1.2078  -0.517623
1.28413  -0.799876  -0.264616
-0.565878  3.27039  1.99248
-1.22402  2.32753  1.0108
0.128123  -0.245189  -0.927015
-0.609162  -0.0534023  0.437728
-4.15172  -3.49989  -1.36365
-1.26059  0.703439  -3.43643
-0.0809095  -2.03873  0.877401
1.52003  0.0625132  0.783502
3.57341  -0.368517  -1.11934
0.0221427  0.0106963  -2.20667
4.71467  -2.66548  -2.5072
0.985331  -3.46316  -0.435326
0.552045  3.13876  2.58509
1.06005  -1.50336  -1.02104
0.544799  2.54305  -3.62989
1.78405  1.90001  -2.75947
3.80704  4.73826  0.120686
-6.29711  4.49301  1.04987
0.0305713  -0.522286  -5.33986
-1.04176  -0.31855  -3.99607
1.02259  -4.12306  1.82592
-0.0210457  -0.394012  -3.70439
-0.519168  1.20308  -0.133751
0.677398  0.708101  -0.967995
-0.0619225  -1.7917  1.31562
1.88394  -0.794445  2.81141
-0.391352  -5.38141  -3.02408
1.4342  -0.509457  -1.34696
-0.192949  0.155785  -2.00028
0.201197  -2.48782  -3.29022
-0.970536  -0.332336  -0.363188
2.58722  1.9296  -9.22325
-0.84266  1.16115  -1.00686
-1.95718  -3.24833  -0.0399907
-1.23946  0.69526  3.97801
-1.59925  0.202051  2.06572
0.784677  1.59277  2.32909
-0.114269  -1.76525  2.11781
1.40733  -0.272553  0.0361015
0.356019  -1.36987  -3.22169
1.09321  0.500944  -0.957558
-2.27766  2.23056  -2.75681
-3.20638  0.875911  -4.78771
0.121459  -1.09582  0.688371
1.21066  1.07772  -3.16769
-3.48039  0.945918  -0.345641
-4.02766  2.10787  -2.65521
-1.62481  1.88907  -0.473323
3.49689  1.4642  -4.38761
0.190439  -0.173516  3.05866
0.506143  6.52164  0.375439
-1.2508  -3.10674  1.54531
-3.44879  -2.00752  1.09411
2.06544  -1.36969  0.563832
-0.933065  3.06496  -0.54312
-0.266631  2.41403  -1.73296
-3.18168  1.64065  1.61067
2.88733  5.43254  -2.99407
1.87986  -0.4015  -4.93578
-0.168476  -1.42274  -7.48718
-0.517427  0.0979275  1.99181
0.00556143  -1.62172  2.40243
-0.0138667  -1.77846  -5.11552
-0.751747  -1.30214  4.03263
1.13912  1.3831  -2.67017
-0.381613  1.35734  -0.219075
2.95621  -1.83828  1.4034
0.0461151  -0.167164  -3.18799
-3.39507  2.11003  0.0583109
4.44169  1.40654  -3.37708
-3.25378  2.46167  -3.13476
0.527281  0.26429  0.383948
1.6834  -0.426729  -2.7584
-0.385724  -1.266  1.35546
0.220284  0.518104  -2.41162
3.39634  0.198118  0.713781
-0.98524  -0.962922  -0.736355
-2.83096  -0.914754  -3.16453
3.93826  -4.01732  2.39395
0.869981  1.96971  2.66344
0.0266355  -0.273026  6.33912
-2.99793  2.42394  0.273875
-3.02457  0.77398  -1.9394
1.15058  2.16627  3.7437
1.20541  -1.07256  -3.78147
-1.93482  -1.06615  2.65161
-2.4097  -0.577232  2.03433
3.8055  2.85107  -2.50057
1.19672  -0.865994  0.00971157
-2.74179  1.39905  -4.38748
0.113351  1.70539  6.14736
-0.0989666  -2.11763  0.444723
0.900632  2.45306  -5.67374
0.47657  4.89379  3.75716
-0.696422  -0.0381994  3.24371
1.30475  0.729976  0.392114
2.92751  -2.24789  3.1685
4.79747  -1.52105  0.428409
-1.94909  -2.97111  1.72822
0.24151  1.69959  4.20297
-0.757875  1.12228  -0.179155
0.197894  -0.400401  -0.647056
-0.645237  0.157932  -1.7083
-1.01915  0.958763  -5.86002
-0.514562  -4.21293  1.96311
-3.95451  1.32849  -5.92637
0.0378217  0.543537  -5.78214
0.491098  -0.858378  1.44552
-4.38266  0.461711  0.942386
-2.08626  -0.00470352  9.72626
-0.0772387  0.00700119  -3.09127
-0.197352  1.93043  -0.508265
5.76079  2.05407  2.39059
-0.340747  -4.26196  5.25678
-1.11577  1.73933  -1.62493
-0.0104774  0.41937  -3.78204
0.2861  -2.00773  -1.33497
-1.54431  -0.694468  6.85974
4.84637  0.0738053  5.34951
-0.501826  -0.347634  -3.64065
0.0311639  -2.6372  -2.37092
-0.272374  -0.898898  6.62342
0.00265518  0.0297351  -1.03529
-1.95961  1.01769  -0.249975
-2.63676  -1.99636  -2.72065
-0.156741  -0.629079  -2.66806
-0.341336  -0.0121576  1.19306
-0.259647  0.0492827  -3.70794
1.30611  3.60654  -0.733934
-0.319315  2.26547  2.99881
1.92418  3.62235  -0.459065
1.13052  6.08973  -0.512165
-0.242968  -0.184327  -1.74141
0.902935  1.89213  -2.66883
-0.385821  -4.12648  -1.42941
-1.52845  2.44916  -3.39223
1.75481  -3.70505  0.166969
-0.594714  0.0832425  4.52778
-0.426703  -0.227145  2.70817
0.32087  -1.99783  -6.3379
1.25855  -2.44128  4.29821
-0.394166  3.16054  0.135346
-2.33344  0.539586  1.40199
0.965684  -0.782655  -1.16649
3.06653  -1.0533  -1.7631
1.09916  2.9945  5.63814
-0.628821  -1.59256  4.33934
3.41833  1.46503  1.01996
0.659262  2.1595  1.71262
2.63629  -1.93674  3.40595
0.680362  0.082206  -3.47409
-3.37389  1.7178  4.08392
-0.376016  1.97595  -3.64614
0.821159  -0.630692  -3.28884
1.04154  -2.91903  -6.46898
2.27885  0.566479  -1.39976
2.40137  3.66013  -1.89931
2.14152  -0.525149  1.51349
7.87313  2.47186  -3.30989
-0.51376  2.69753  -5.53159
0.0248559  0.00269905  -1.87678
3.28807  2.91311  0.36012
4.40018  -3.69821  -4.38275
4.09944  0.0207415  6.46739
-0.786839  0.410874  2.99885
1.09079  0.205303  -3.41476
1.5492  1.82364  0.436651
-1.00789  4.93205  0.721977
-1.07923  1.34585  0.455379
-0.20325  1.25105  2.02742
1.47816  -2.06302  4.54452
0.890372  -3.26086  2.22938
-0.0294481  -0.0286933  2.00175
-2.14264  -2.22379  -3.16965
-2.82271  -2.26076  -2.15954
-1.10107  -1.91947  -7.43419
-3.22137  2.95444  -1.8056
-1.30908  2.31003  -3.26135
4.08955  -0.986452  3.69392
-2.95329  3.46933  2.6395
0.284799  2.62896  0.992211
3.31878  -6.19406  2.48392
1.84076  -2.65424  1.38879
0.332747  -1.34509  3.83487
-0.637638  2.6047  3.59322
-0.464309  0.518742  3.40321
-0.704844  0.673321  2.12039
1.12088  1.42085  3.32602
0.00828328  -0.00505676  1.9629
-1.51416  -2.87832  -3.72788
-1.51204  -3.19056  -0.22488
2.31893  2.98719  2.07841
0.583149  0.565366  4.15562
-2.17885  3.84373  0.319882
0.797603  -2.01986  7.95136
-2.61073  0.487769  -1.85807
0.334225  0.200972  2.89105
-2.65541  1.60601  2.27128
-0.411462  0.263832  -2.27617
0.964286  1.11827  2.00542
-0.150736  1.47077  -1.05628
3.11045  -5.28792  -0.0567192
-2.5844  -4.1621  -2.39808
-0.173894  -0.228505  -4.20961
-0.000427311  -2.72044  -0.647076
1.70038  1.149  1.30785
-1.34918  -2.10923  0.563474
-2.99411  0.169887  3.20326
-0.381827  -1.78779  -2.2378
0.824552  -0.913855  -1.9813
-4.92105  -0.539197  -0.411021
-1.36726  -0.633434  0.844291
-3.16604  -3.65192  -1.62994
-0.228161  -0.052812  -4.24993
0.497679  1.14027  8.62947
-0.146419  -3.34746  -2.02369
1.0016  1.99325  0.347882
3.51585  2.41046  -1.06127
-1.84463  -0.677077  -3.50749
-1.70582  1.05591  -1.90923
4.33212  1.76302  3.26604
-0.696287  -7.62305  -0.153006
-0.0336407  -1.29874  -1.08127
-4.31114  -0.0788031  5.00119
1.05467  0.339292  0.131517
2.76357  -0.195539  1.20158
-0.83301  -3.02073  -0.668504
1.6832  3.08182  -0.644813
-3.29768  -0.852968  1.82412
-2.18013  1.82498  -2.1577
-2.28308  2.15509  -2.67779
0.929623  1.83997  4.6781
-1.00236  -3.88231  -0.706014
-0.101401  0.0807864  0.113439
2.10042  0.176111  1.90859
-1.09758  -0.531199  -1.7317
-0.393292  0.974016  4.38588
0.744433  -2.5169  1.81719
-0.473717  -0.101905  2.67904
-4.68133  -0.571867  3.45649
-2.27763  -4.04717  -1.24322
2.35187  3.24416  -0.102037
3.9332  1.72883  1.77025
-0.568215  -2.88898  1.8607
5.89532  1.01915  -2.07347
-0.62784  1.12556  3.64557
0.339474  5.55533  1.67721
5.41035  -1.30566  -0.114065
0.0144585  -0.082183  -0.527634
1.03422  4.74539  2.37469
1.89365  2.9823  -4.58489
1.49316  -1.67541  -2.84836
5.21692  3.53711  0.575058
-6.18725  -1.09969  -3.49667
4.32986  -1.10295  -1.90941
0.228387  0.933445  6.41362
-5.16265  -1.87501  -2.3507
3.70724  0.100511  1.7171
-2.16989  -4.8122  -2.11608
0.478371  3.36883  -2.87676
1.58701  -2.82037  -2.5074
1.08705  0.978669  -0.27203
0.539089  0.233497  2.55798
0.986865  0.136861  3.93319
-1.10431  0.484366  -2.2394
-1.5602  -1.74302  2.52619
2.12607  0.341738  -0.656356
9.12941  3.96522  0.0107855
0.609777  0.978155  2.90616
-0.0306842  -3.88028  -1.16991
-0.765162  -0.931463  3.00092
0.00143753  -0.754071  -6.05338
-1.0188  2.07875  3.27207
1.00719  -2.23623  -2.52479
-0.0695224  0.00966166  4.37512
-0.108328  -0.483641  3.49012
-3.22778  -2.45319  2.76278
-1.61502  1.48906  -3.75709
2.46236  -1.55059  -1.70228
-2.28668  -0.161976  0.717976
-4.2041  -5.15839  3.52954
1.75689  -0.709088  3.86567
-1.82248  -2.34068  -1.71104
0.00795071  -0.033844  2.65973
-1.05184  -0.737957  -1.84035
3.05982  -1.49728  -0.381116
-4.33472  0.108536  4.67834
-2.05237  0.904789  -1.40251
-1.49246  0.673957  -2.55448
1.26898  -2.54368  2.82009
-0.29507  0.988458  -3.57223
0.459897  2.42001  -0.300024
-0.725916  0.771399  -3.24624
-1.80316  -0.82219  -0.654706
5.74614  0.178852  4.73393
-0.83387  -0.839082  4.64714
0.374298  2.30661  -1.15498
-1.03075  2.48183  -0.551618
-1.30157  -0.598573  -3.28522
-0.556208  -1.09323  3.80051
-0.855888  -0.968823  2.25041
-2.76308  1.90604  -1.12184
-0.152411  0.784447  1.83314
1.20797  -0.397566  -2.27596
3.53632  2.21551  -3.30111
-2.07766  -2.04013  -3.36722
-1.59741  3.91736  1.59486
-0.413022  1.85608  -3.555
-5.08933  1.82412  -3.47379
1.19855  -0.287628  -2.47526
4.35424  -1.97331  0.754419
3.23816  2.23943  -1.1172
1.60514  2.28246  5.20364
3.2849  0.536825  0.978967
-3.03716  -0.158915  -2.53304
3.07786  -2.64456  -2.96538
-0.607198  1.73625  3.81027
-0.781991  5.14386  4.01179
1.66399  1.74382  -0.651957
-0.883236  2.8956  3.58064
3.09633  -0.0690338  3.79679
-0.656224  -0.496257  -3.23257
0.312071  -3.45667  2.3895
1.52712  -0.0973638  -4.16384
-0.250457  -4.34361  5.62524
-0.325269  -0.510649  -4.01691
-3.28221  -0.851359  -2.05034
0.879779  -1.60539  -1.90136
0.573023  0.968606  -0.779627
-1.95603  1.17509  -4.679
-0.805952  -0.298456  -0.520359
0.811426  -1.82905  1.44487
-1.49094  -0.970669  -3.78037
-1.09407  0.401095  3.9891
-0.381975  0.900116  -0.81191
3.37699  -1.37693  -3.45051
-2.02568  -3.27612  2.61192
-2.9389  -2.70479  -0.522826
-1.85272  0.881396  0.48444
-1.2363  -1.41567  -0.665136
-2.5363  -1.01619  4.61474
1.34174  -2.02114  1.81572
1.41608  0.475035  4.54624
1.20227  -4.24886  -2.66906
-1.81473  -0.330005  2.28036
0.800692  -0.664208  1.36059
-1.18381  -0.0649179  4.32981
3.08774  -1.11027  -2.48371
0.218691  -0.723688  2.31268
2.1778  -4.54278  1.82916
1.37993  1.47562  5.57971
-3.46454  1.87905  -4.18463
-0.985871  2.97309  -4.09612
0.0616471  0.306275  2.51707
-1.95472  -2.60602  -2.87723
1.26582  -0.914229  -3.16553
1.2121  1.65993  2.68049
-0.704907  1.80462  -1.86244
-0.774722  0.446539  1.22161
-0.624106  0.355363  2.13801
-0.222622  0.552676  -3.44016
1.80303  0.349649  1.27017
3.37676  0.290223  -5.32808
0.362076  -0.198365  -5.36402
-1.06875  1.21708  -2.38902
1.89061  -1.02501  -2.03715
-2.28635  -0.013044  0.0357915
-0.321188  1.34859  0.751743
-0.291705  0.270008  -0.553899
-4.27157  -0.874947  -0.0767132
-0.208691  0.253118  3.62601
0.492867  5.99538  1.29308
0.692543  1.38763  -0.0455884
-0.822771  -3.24549  -0.489538
-2.21351  -3.02134  -1.1279
-2.31575  -0.57165  5.60333
-0.465282  0.199579  -4.03949
0.800288  -4.19875  -0.941387
-1.79725  -0.516669  0.301277
-0.13309  2.2255  -1.62203
-0.774738  0.297838  -2.83163
-3.07587  2.11145  5.86103
-0.807658  -0.113784  -4.4656
-0.120686  -3.40579  -2.33907
0.533074  1.54329  -5.21512
2.39231  -1.08669  2.22257
-1.15815  -4.40948  -0.822324
1.60206  0.707154  2.9806
-0.393343  -1.77536  -4.83278
-2.73042  0.370175  -3.26007
2.52624  -1.72271  1.38446
-0.0585515  0.114951  2.40309
-3.62186  -2.1751  2.31817
0.256177  -1.01329  3.05411
0.177395  -0.491159  1.20027
0.902343  0.230868  6.01292
0.419781  3.21813  3.31235
1.4256  3.55133  0.678774
1.76718  2.01949  -2.71116
-0.40202  -0.591965  -3.38082
0.652817  2.55088  1.52769
0.844233  -0.703245  -0.308734
0.0364722  -0.924261  -3.56748
0.204169  -0.570553  -4.31796
-0.471554  -4.21323  0.379587
1.48807  -2.47194  2.33776
-0.45139  1.37986  -0.666577
0.407385  -0.0585954  0.741896
-0.105445  1.03385  -2.787
2.20562  0.236756  -2.46379
0.308002  -0.704531  3.37319
-0.256733  0.563035  3.42575
-0.435238  -0.00274908  3.0617
1.21049  -4.01718  -0.0966855
-4.81074  1.87186  -2.36197
3.1629  -0.618793  0.493529
2.44793  0.609263  -1.296
-0.727588  -0.344127  -1.69261
1.22185  -2.85648  -4.14063
-0.371725  3.53469  1.47211
-3.00819  -4.62703  -0.813618
0.406126  0.916277  2.99099
-0.0282673  0.317308  -2.43369
1.6222  -2.38824  5.21803
1.02123  -0.499992  -0.108629
-2.71213  -2.01395  -7.29636
1.80051  -1.00663  -1.97565
0.370823  -1.52013  -6.07402
-4.05478  1.9997  1.16278
2.39845  0.888506  -0.696793
1.94048  0.450332  -4.52597
-0.110072  -0.0132652  1.36937
0.906077  -0.80463  5.03931
0.572508  -0.608  2.89482
-4.52981  1.03026  -3.34751
0.0606963  2.07565  4.52705
0.109383  1.70636  4.21539
2.63264  1.47389  0.684911
-5.45384  -3.4519  -0.0801517
1.21781  0.266355  -5.27934
0.936366  -3.82906  -0.215025
-0.255562  3.87635  -1.76768
-1.74548  -0.636767  -1.4137
0.559577  0.57314  5.20998
-0.124407  -0.137969  -3.42541
0.430732  -0.58682  1.12064
1.2172  4.63004  -2.82135
-0.103516  -3.06621  1.32919
-1.53004  0.40039  5.22777
0.356518  -1.31068  -0.512507
0.00862961  -0.790166  -3.23202
0.401887  0.120414  3.53361
-0.0868005  0.0185097  -3.34239
-1.43569  0.0405829  3.39006
0.981045  0.344524  5.80992
-4.78078  -2.38756  -0.501287
1.28118  2.18827  -4.67918
-2.01166  -0.63909  -3.67884
1.58846  -1.44079  -1.78976
-1.10518  -3.72758  -2.39707
2.22925  -2.7213  -0.176666
1.49458  3.48285  -0.660256
0.522755  -0.267328  2.6935
0.544868  0.880804  -4.6413
-4.04949  -1.17536  1.60803
-0.170038  0.448268  -3.30168
3.51678  -0.183223  2.61481
-1.39281  5.68379  2.8889
-4.16236  0.483526  0.552418
-1.70339  -0.157213  -2.11811
-1.92636  4.56745  -0.552701
-0.547326  0.531954  2.67841
0.879567  -0.465296  0.065046
0.233365  0.727468  -3.23701
-0.806336  -0.60215  -1.43488
-0.623919  1.29862  -4.66865
-3.93252  1.01961  0.496112
-4.45998  -0.840283  -0.0965065
-3.92441  1.64344  1.61703
0.355421  -3.05735  -2.11259
-0.217791  -0.282853  -6.25073
-0.153388  0.846248  3.52751
-2.59969  1.22022  -1.32156
2.96294  2.02892  -0.764697
-0.52871  0.72259  -3.14629
-2.17344  0.750331  -0.829506
-1.39582  -4.1683  -2.49008
1.16091  1.46368  -3.03489
0.0121813  -3.31361  -1.32559
-3.65163  1.81914  2.17858
0.0292857  3.31939  1.65642
1.39064  -3.27024  -3.50318
-0.100951  3.57634  -2.74329
3.00213  1.97497  1.9225
2.14827  0.481599  -1.51012
-0.936554  -1.78818  -4.32595
1.1187  -0.466269  -0.772715
-0.238598  0.524473  -3.77219
-3.38436  -0.395972  1.50891
-0.72358  3.91951  1.11044
1.57666  0.236735  -3.655
-4.2825  -0.904514  -3.7657
-4.05155  -1.33079  -3.57996
-2.88387  4.33527  -3.22251
2.18162  0.279519  1.58647
-1.68214  -2.43441  -3.35349
-2.76041  -0.306296  2.46604
4.95665  -0.718254  0.509031
1.02356  -2.52069  -3.12683
-1.79899  0.420535  8.30127
1.6727  -0.777714  -3.52371
-1.16992  -0.201576  2.59299
1.71146  1.0624  -4.57136
0.0899259  0.963498  -1.82911
-0.276133  5.09492  -1.78201
-7.66712  1.16375  -0.347232
0.36658  6.06477  4.95167
0.19262  0.0056049  6.69875
-1.20054  -2.80135  -3.95221
1.76699  1.1527  1.09127
0.968121  0.885571  -0.990562
4.56241  -0.730857  -4.49918
0.379312  1.62588  -0.757018
-0.42477  0.2787  -3.33052
0.292805  0.0398379  3.76804
0.590319  -0.617642  -1.99212
0.546354  0.02646  -3.61939
2.49794  -5.29637  1.93209
0.0329099  0.826031  2.65395
-0.365654  -1.20399  7.16612
-3.96185  -1.85127  -0.031322
0.299741  -1.35628  2.20248
0.842364  2.06119  -3.27562
-1.10455  -0.811698  -1.75852
1.22845  1.43467  -4.51225
-1.90309  -1.0409  -1.50282
-2.54101  1.03158  2.65397
3.87568  -3.17675  -0.864499
-4.49702  -0.175083  -2.33142
-2.05419  -4.16375  3.41116
0.570512  1.02768  -0.102603
-4.06639  0.514465  -0.628844
1.75567  -0.607095  2.98819
-0.551001  3.75914  2.75835
-0.937091  1.20126  2.2316
-0.132762  -0.354416  -5.06014
0.696596  1.02968  -5.17876
-0.217091  -2.29201  0.162474
-0.4972  4.68692  2.52233
0.461193  2.22026  1.28559
1.12728  0.205465  0.355979
-0.297595  -0.464648  -0.744899
-1.91208  2.58236  0.331092
1.52601  1.42333  -0.330909
1.46685  -2.06318  -5.27736
-1.33713  1.17368  -2.39332
-0.184973  0.272268  5.91073
0.423822  1.17148  -2.76647
1.24141  2.11201  1.87588
-7.83883  0.857118  0.797536
-2.1841  0.799491  -0.152671
-2.63966  0.934027  4.54925
-2.77902  -3.99115  -1.57156
1.78078  -0.66553  2.97817
-1.07247  -0.112788  -4.20098
-1.0132  2.01544  4.08861
1.4202  -0.388117  -0.211282
0.377219  0.0301319  -7.28275
-2.55385  -0.546212  1.78711
0.455003  0.787462  2.06334
1.60037  -0.769534  0.690847
-2.57921  1.88364  -0.526013
-1.33544  0.764215  1.32552
-3.69277  -1.61542  -1.23112
2.77558  1.1451  -0.798149
0.760854  0.579282  6.25398
0.798341  4.82835  -0.0988368
3.60367  2.82865  -0.717327
-0.177452  -1.42497  -3.53303
0.105849  -0.346902  2.33778
0.922883  3.5457  3.73454
0.435259  -1.59781  4.13433
2.55868  1.97821  5.58765
-1.87929  0.285597  -2.70492
4.61838  -1.9245  -2.32147
6.76134  0.861978  -3.27589
0.147109  0.405151  -0.961284
2.17905  2.61619  0.876615
1.92797  0.171847  -0.709548
0.775423  2.13468  -1.70634
0.0277434  -1.29938  5.30879
-2.41658  -1.38548  2.04918
0.0501601  -0.071321  -1.22158
2.28349  -2.96553  -2.52249
-0.138098  -1.79219  -0.448504
2.31957  -4.56715  -2.6419
0.0669423  -0.463237  -2.79762
1.70465  1.48865  -0.872448
-1.78563  0.950697  -4.9984
-2.95357  -0.295486  -0.86488
0.379471  3.50922  1.67048
0.62003  3.93456  -0.453054
6.21159  -1.76915  1.49866
2.92499  0.736656  1.36657
0.193551  0.0906222  -2.26
2.51014  0.753484  2.9019
-1.47792  -0.300494  -2.42827
0.906663  -2.76624  -1.25174
-2.02408  4.44321  1.94242
2.27671  -0.625752  -1.24867
-0.0880156  0.237825  1.43195
1.82994  0.0348038  -2.24242
-0.818341  0.600686  3.99249
0.568696  -0.158104  1.52892
-0.621844  -2.27449  -3.75082
1.07233  2.30334  0.218341
0.519023  0.0286073  -2.74279
-2.74275  3.00267  1.24023
0.049892  -0.387665  -3.50036
3.29496  -1.43591  1.08018
-0.569594  -0.696352  -1.63721
-0.0777116  -0.127992  -2.50609
-1.13452  -0.941783  2.44376
-4.2298  -1.44178  0.513792
0.39334  0.362029  -2.33299
3.76486  -0.377572  -0.114087
-0.686394  2.55969  0.637823
-0.226397  -0.00579738  -5.59316
6.07363  4.67437  -5.24098
-3.58113  -0.276811  0.443236
2.54928  -1.12932  -4.15649
0.0428483  -2.96174  -2.05315
0.542459  0.387443  -3.64313
1.76006  -1.16413  5.32455
-1.58737  -0.273738  -3.69307
-0.24098  -0.918056  -1.7471
0.370914  -0.756025  1.44393
-2.60085  4.04921  2.04143
3.05905  -5.1092  1.27503
-0.881025  1.04932  -3.92735
-0.313552  0.219638  -2.64627
-0.867295  0.823842  0.632151
-1.24531  2.18741  -1.76247
-0.90966  0.798264  -3.14778
-2.69802  4.01977  0.974603
0.0231606  2.80667  -8.4256
-1.00251  -0.641312  0.999028
0.00282969  0.0148868  4.87679
1.37634  1.31042  -1.28529
-1.98424  -0.76217  5.03732
2.43066  -0.484458  -1.24597
2.1566  -4.87098  4.77091
-0.747704  -0.90165  -1.52269
0.241391  1.47258  2.77173
2.56808  0.84084  0.206912
-2.72507  1.28351  -0.827103
4.60666  -2.14825  0.754258
0.308665  0.411394  -0.751859
-0.691639  -1.8198  1.79483
-1.08729  -3.3241  -0.362999
-0.182078  0.0848931  1.75519
-0.264873  0.622942  -4.137
0.401592  -0.132264  6.3572
-1.44677  -5.698  -0.632029
-0.353324  -0.566072  2.96517
-0.482337  -2.42363  2.19532
-5.51276  -1.27984  -2.4465
-4.85011  2.62048  -0.609856
-0.677978  -1.78663  3.09393
-2.07183  -2.92024  -1.7583
0.300077  2.44988  -2.35655
0.531232  1.4975  6.05133
0.66572  -0.545349  1.55202
-3.01168  1.55662  1.81827
3.13499  -3.08735  -1.17347
-1.11362  -1.03575  3.71235
3.71041  1.80724  2.86622
-0.195623  0.367114  -1.95371
-0.293211  0.0610795  4.42737
0.616045  0.40168  6.07509
-0.633355  1.68765  4.2198
0.0957531  -1.81575  -2.6881
-0.649576  0.946007  -2.142
2.51735  0.311022  4.00949
0.305561  -0.601113  5.61535
0.14582  -0.747097  -0.454561
0.0155898  -0.802173  4.559
0.0552159  0.259274  -3.57239
-1.76451  3.76685  -2.01934
0.612443  4.17549  -1.99689
0.20596  -2.26323  3.21335
-2.20547  -0.0377242  -4.1997
0.494575  -2.65783  -4.79484
1.04879  -1.29935  -2.83657
0.414751  -0.447318  0.623203
-0.364493  0.364038  -3.25527
0.24027  -3.55654  5.77087
0.792235  0.0979435  1.79064
-0.667127  1.59551  4.9744
0.361123  0.462806  4.74977
-0.27446  -1.08303  2.41596
0.117949  0.317135  -1.41369
2.80724  -1.99559  0.395685
3.96375  3.17356  1.47633
3.96216  1.30433  4.99843
-5.01498  2.86859  3.31292
1.02724  2.19481  -3.69062
-0.811396  -1.14134  -5.45606
0.0014369  -0.340453  -2.66877
0.643109  2.27787  -0.0723086
-2.16821  0.560149  -0.883891
0.529945  -1.79075  -0.487668
-0.659115  -2.93053  3.61934
-0.627743  1.19467  -2.05971
0.212631  -0.275868  3.97492
1.20915  2.06524  0.214527
-2.95171  2.23764  -0.76718
1.50976  0.274273  0.727786
0.196792  -1.6437  1.21544
-1.08273  -0.135221  2.39547
-0.940465  0.177416  -1.50368
-0.259706  -0.293233  -1.95576
1.09355  -1.37188  -0.898461
-1.30891  -1.08652  1.35167
1.08102  -3.63553  -1.33571
0.0565757  0.396496  -0.615909
-4.19937  3.14156  5.05792
-0.3113  0.0467806  4.30487
1.10791  -1.7801  5.67971
1.6897  2.05266  -3.73927
-0.797084  5.07339  -3.56414
-0.154353  3.02071  2.11035
-1.34999  -2.28659  -1.58806
3.52985  -0.673957  2.84716
-2.37342  1.25133  0.563707
-0.0656123  2.85065  0.0918685
-1.46481  0.725281  -4.68286
-1.52078  -0.428994  -4.31655
1.62972  3.1777  2.88073
2.19642  -1.77746  5.37627
0.498178  -0.0934224  -5.46812
0.228781  1.52766  3.93172
1.79012  2.23144  1.25642
-2.53988  0.307241  -1.89092
-0.422789  -0.0155779  -7.0795
-1.60567  -3.1085  -1.40088
1.11115  -0.545936  -1.50288
-1.02166  0.316204  -4.94793
0.972574  4.92472  -1.50013
5.90122  0.99244  1.49238
4.13401  -2.55297  -2.31903
-2.46043  -0.547554  2.08284
1.71843  3.05637  1.94516
-0.310369  -0.30159  1.7166
0.136061  1.24204  0.67134
-2.7114  6.41562  -0.316072
-2.81591  -3.13775  5.68442
-2.31976  -1.11671  -0.325079
0.121207  2.59849  -3.06501
0.0213845  -0.486524  2.94037
-1.06923  -2.04965  -2.28927
-0.628643  -0.116267  0.140569
-1.52909  1.77114  -0.766704
0.0779214  0.209091  -3.80126
-2.81251  1.94934  -0.905215
0.295072  1.7946  2.20203
-3.53642  0.00169673  2.31519
-1.66074  -2.41979  -3.10404
3.7928  -6.18718  -4.24294
2.37221  0.17119  2.00577
0.0631008  -0.236947  1.09442
-0.425052  2.88394  1.78505
2.15336  -2.43989  0.781077
0.435056  1.36842  -2.70568
0.62777  -0.474809  2.23761
0.330335  -0.41979  -4.02488
-1.75676  1.47001  -0.515148
1.35835  2.51573  1.07811
-1.39223  1.54846  -2.11468
-0.964075  1.63553  0.861317
-3.55102  -2.07524  -4.66795
5.1054  3.04463  -1.11139
-0.696933  1.53713  6.23886
0.021845  -1.38974  -1.30401
1.40723  0.149472  2.66722
0.311008  1.99867  -2.2085
1.67483  1.04923  -2.87427
0.0571917  0.54248  0.00219202
-0.188431  0.283296  -2.34607
5.71675  2.33952  1.29353
-1.04134  0.836515  1.41922
0.173711  -0.432632  -1.76799
-0.981532  2.82914  -3.65235
-0.146271  -0.0315899  -2.63937
-1.26923  1.83269  -1.31557
-1.53841  0.611413  -3.7806
-0.636938  0.312242  -3.20061
3.44092  0.318093  -0.276073
-0.237476  2.47404  -2.41166
2.28222  -1.64765  -3.13619
-2.2891  -0.453683  1.9051
1.26405  0.805946  3.59012
-0.880535  -0.876469  -0.492854
-4.4281  -2.23413  3.06903
0.012597  -0.253236  -2.5173
0.497884  1.86131  -0.878657
-1.41606  -0.501024  2.9434
0.357663  -0.163934  6.52522
1.89627  0.0136033  -3.94184
-5.35926  -0.917086  0.592454
-1.01667  1.74212  1.04744
-0.0227712  0.127546  -1.23645
-2.23261  0.110303  -2.40348
-6.66886  -0.282571  5.08448
2.89838  1.14675  -3.26485
5.66966  1.43468  1.75466
-3.25403  -0.687319  -0.97874
0.634183  2.55742  6.10031
-1.08388  0.32674  2.09395
1.42255  1.43707  -2.53507
-2.78001  1.48599  4.02946
-2.01901  2.39386  1.79655
-0.193388  0.254627  -4.23205
1.75035  -3.03452  2.66286
0.160138  -2.97297  1.46411
-1.35975  -4.37727  2.15262
-0.353472  0.672596  2.53661
0.0902603  -0.11762  -2.37832
-0.130428  0.897347  -1.42048
-1.47386  -0.768859  0.776427
0.571407  -4.99393  2.91047
2.77464  -1.43498  -1.19128
-0.131857  -4.94065  3.56103
-1.84896  0.486849  4.2222
2.72936  -1.47753  4.29573
-3.27999  2.06811  -1.05857
1.99627  -1.11317  1.22953
-1.64061  3.54991  -4.49179
2.95991  1.28288  2.80076
-1.20506  -1.23483  3.32996
-1.59332  -0.124516  -2.58344
1.61775  -0.939042  1.11413
-0.302465  0.775469  -1.50758
-0.770537  -1.19047  -1.61328
2.41685  2.61888  -0.940821
2.90192  -1.71386  3.70147
1.22432  -1.66146  -6.31894
0.255403  0.79927  -1.51647
9.65508  -1.56153  -3.07042
0.582379  -1.95942  -1.12208
0.0226909  0.672174  -1.97474
0.228546  3.13461  4.14662
3.66484  -0.499869  6.54804
-5.886  2.49934  -1.16408
-0.130988  -0.503427  3.7813
0.38641  -0.42642  2.86793
-0.853121  0.687555  1.30849
1.43181  0.580695  -1.90967
-1.70553  -0.601192  -1.32454
-0.437807  2.05632  -1.73811
2.95153  -0.857543  -2.02338
-2.27642  -1.34303  3.67461
2.6265  0.632532  -3.8716
-2.33859  1.63489  -3.57556
-0.107879  0.038529  3.01374
1.16473  -0.763985  1.9315
-2.17221  1.46978  -1.78282
0.782803  -1.02632  2.61355
-1.52439  -5.04969  2.01689
-3.01806  1.48405  2.61222
-2.59121  3.43641  1.20906
-0.86816  -0.981324  0.987372
0.552944  0.294576  -0.606623
-2.7498  0.968729  -2.06338
-3.79873  2.21624  -1.93348
-1.24205  2.76651  -2.66473
2.37754  -1.15623  1.13478
0.469561  0.951119  -3.33548
-0.161545  -0.3907  -3.89374
4.23173  -0.597759  -1.09602
0.37263  -2.0376  4.66537
0.699963  -1.41664  -4.1925
1.89419  0.377311  2.95825
-3.3735  -1.5324  -2.29858
3.49003  -0.744754  -3.23965
0.0336065  0.0447353  -3.65366
-1.16462  4.58809  3.01726
2.94767  1.25872  -3.92897
-3.66052  0.503796  1.63398
6.70359  -0.0289749  -0.217506
0.0842509  1.31319  -3.81122
-0.373433  3.91911  2.56002
0.415435  2.0693  3.62673
0.753075  0.836406  0.206891
1.53236  0.213598  -5.08984
2.21361  0.554624  6.27651
2.83341  -0.0663483  -3.92241
1.71172  -0.162435  -3.71774
-0.477536  -0.118954  5.66831
0.180029  -2.34418  -0.393624
-5.25183  -1.63115  -0.0931954
0.501027  -0.98699  -3.79464
-0.381394  -0.996838  -1.9057
0.575134  1.97781  -5.66482
-1.38061  1.01216  2.89311
1.66924  0.713036  2.4291
-4.13317  -0.54185  -1.94751
0.960398  -2.57171  1.63084
0.438067  -3.22262  -3.03898
-0.351833  -0.455236  -3.02744
1.54568  0.51538  -2.14956
-3.83795  -2.58633  -3.02662
-0.51872  -0.15589  3.60298
5.98452  3.05225  -1.70954
0.564135  0.617016  3.04405
-0.966721  -0.619588  -2.04672
-0.0831481  -4.29477  -2.72698
-1.79796  -0.198959  0.491979
-0.803785  2.25633  0.466586
-0.75431  -0.614772  -0.817985
1.4632  -0.725105  -1.21636
-1.98288  3.00206  -2.17508
3.02499  0.0466776  0.503354
0.807196  1.92253  4.09907
1.61351  1.02405  -2.22278
-2.93693  -1.32617  -5.52847
-1.33184  -0.137456  2.81708
0.849313  2.09588  4.05657
-0.0649482  -1.17326  5.8754
1.61338  2.16723  2.47736
0.480836  0.354215  -1.42055
-3.07136  -1.07031  -3.03252
1.5395  2.24511  -5.25943
-0.24728  1.05243  4.77249
1.76036  -6.29322  0.85053
0.587027  0.95909  -3.30341
-2.7532  -1.26712  -2.51025
1.77472  3.12075  -0.0618993
-1.46597  -2.16512  -0.593996
-1.84261  2.709  1.61219
1.49155  3.53505  -3.7247
0.461186  -0.398889  -2.1638
1.97181  0.996089  -1.63515
0.118509  -1.20097  5.01058
-1.01725  1.62497  -2.93148
-0.435677  -1.07984  -4.19448
-1.94059  -2.7674  0.644013
-0.818317  3.35857  3.62747
-0.782821  1.86523  -2.9171
-0.131769  1.32237  -0.318011
-1.14686  0.216315  3.35188
1.48339  -2.83009  0.731199
0.13866  -0.0611659  1.23142
-0.0637082  -0.0527601  -4.82325
-2.48384  3.46517  -1.22636
-0.128611  0.219248  -1.79191
3.38571  -3.71082  -0.561527
0.439483  5.94588  7.16371
-0.294552  0.986647  -5.60427
0.00284493  -0.0579395  4.71991
1.99323  -1.13332  -1.03696
4.99918  2.55757  0.947821
-2.12666  -5.28466  -1.28057
-2.6168  2.53935  1.66992
0.0156047  -0.00639893  2.2834
2.37345  1.93859  -1.47984
3.65312  1.7638  1.20078
-0.4005  0.13748  -2.07224
0.0437187  -0.0204446  2.80864
-0.836069  -0.565299  5.53043
2.44537  0.194034  2.03763
0.368194  -0.853821  -4.10261
0.516567  0.710964  -2.22608
0.451058  -0.921049  6.09589
6.00279  2.24533  1.09428
2.07177  1.16218  -0.612198
0.366581  0.0629368  -4.66682
-2.26423  -0.658896  4.39933
-1.79303  -0.225635  -1.45875
-0.26146  -1.30461  -5.35361
-3.1672  -1.38614  0.458971
1.11491  -1.24269  -2.77354
0.195442  -2.32208  -1.07204
-0.985144  -1.23309  1.04561
-2.3979  2.51489  -2.42177
3.67586  -0.627077  4.03807
1.69612  2.92622  1.29248
-0.165435  1.85862  -2.37318
2.09237  -3.25345  2.51679
0.142161  -1.79735  6.46219
-0.704362  -1.22401  -4.25197
1.81213  -1.86733  -4.87456
1.59017  0.00549474  -1.10981
-2.45278  1.55391  0.76809
-0.664413  1.04488  -0.0797514
1.58338  -0.215599  3.73633
1.88046  -0.531395  -6.4092
-2.1275  -0.589889  -4.16479
2.50686  3.87435  -3.80615
-1.3849  0.839388  2.45248
-3.23674  1.6981  -0.343305
2.06972  -1.24833  0.90132
1.75013  3.39734  -1.10375
2.5303  -1.69899  4.87837
-0.0128044  0.141543  2.9637
4.28722  -2.60205  -2.93308
-0.50928  -0.0396853  -2.32827
-1.20387  -1.20699  -2.13877
0.794204  2.63906  -0.111985
0.410969  0.0875348  3.77025
2.0525  3.42003  -0.550015
-0.228863  0.0752877  6.4624
1.60852  -2.02844  6.53014
0.0773856  -0.122496  -6.12035
0.105652  0.218188  5.03836
-1.72363  -0.502091  1.7623
-3.23169  -3.8734  -1.66243
1.23748  3.17379  0.444096
-1.8685  -2.15975  -4.307
0.345059  -0.638262  2.31393
0.183889  -1.92321  -6.00023
0.849568  -1.49824  -1.6385
-3.96824  -0.701657  3.38634
1.27402  -4.90112  0.683364
-2.42708  0.11243  -2.16016
-0.132386  0.83764  -1.37296
2.76462  -4.62566  -2.88816
0.608516  -3.5868  -3.09468
-0.38563  -1.82354  -1.2877
-0.973367  -3.57979  -1.42074
0.592962  -0.636477  -2.54233
-4.03559  0.0914626  3.96475
-0.880815  -3.5791  -0.100823
-2.43078  4.97514  -3.6929
1.47932  -6.8308  3.61435
0.00508399  0.754976  1.46792
2.97337  -2.35854  -0.590291
0.294951  -0.564215  2.44686
-2.97789  -0.73136  0.775771
0.948463  1.34871  -0.635731
-0.237363  0.0922319  2.60974
-1.00313  -2.4247  0.609063
2.7269  3.8423  3.97945
3.45636  -0.677473  0.396527
1.00371  0.557837  -2.62189
0.184989  -2.14992  -1.34051
0.585552  -0.276436  -4.09688
-2.40144  0.635799  2.332
5.70644  -1.96265  -2.87202
1.29037  -0.0854292  -1.57464
1.92571  -0.871664  -1.87803
-0.944439  4.89469  5.36199
-0.398331  0.85439  -1.54509
0.0213234  1.04337  2.98671
-0.224586  -1.36998  -2.89716
0.7999  -0.672611  0.342473
0.463434  -0.887312  1.75305
-3.479  1.32945  -0.910138
0.388593  0.101352  -5.90146
1.82271  -2.61183  0.913375
1.3927  0.859994  4.08385
1.8594  0.895639  -0.747674
0.282818  -0.298577  7.32873
-2.09239  -3.26251  -0.369447
-0.787994  1.94057  -3.25416
-3.88103  -1.23913  -2.0552
2.16142  -1.85486  2.96248
1.33783  0.623009  -2.4869
2.96326  -1.24879  4.23949
3.36115  1.43746  2.38308
-1.78204  -8.04676  -4.55327
0.420168  -0.814277  -6.16616
-4.64467  -0.865902  -0.62581
-2.25519  -0.289075  2.03358
-2.6003  -5.42159  -1.34286
-0.940805  -2.43319  1.15564
2.71215  -0.379131  -3.04529
0.60139  -2.71363  -3.01103
-0.485348  1.75366  -3.53215
-1.84337  -3.18728  0.655124
4.75001  3.12736  -1.9344
0.951574  -1.34311  2.04491
0.273652  0.0799819  -4.48497
0.186708  0.4417  -1.80781
0.0285207  0.275409  -4.83178
-1.3634  -1.70051  2.17044
0.14121  0.471763  -3.04051
-3.8476  0.222469  0.38561
-0.237539  -2.6896  -2.42675
-0.024127  0.0697721  2.11659
-3.87355  3.71335  1.4715
0.028529  0.0623176  -3.80475
0.0764735  -1.74032  0.844896
0.0934112  0.320301  -3.14734
-0.239998  0.151606  1.7937
-1.37874  -2.01033  -5.70107
2.81555  1.7161  -0.0310806
-3.72773  0.404597  -0.0285873
-2.18805  1.20481  5.65599
1.61062  1.40481  -1.25618
5.82807  -3.21296  -3.4828
-2.32114  -1.73956  -3.02342
0.343095  2.15336  5.33405
0.414836  -0.524042  2.2179
0.37648  0.289255  -3.83899
-1.59572  1.58298  4.10206
2.36446  3.4245  0.227372
1.57109  -2.51455  -0.539672
-1.28993  -0.193445  -4.53281
0.309238  -0.0777959  2.30708
0.748782  -0.442175  -4.13518
-2.5646  1.07129  -1.05122
0.0262588  0.0239014  5.08853
0.521901  0.588959  -3.05758
-4.27462  -2.67374  -0.595442
0.532609  1.36745  1.47908
6.17216  0.20739  -0.170242
-1.1159  -1.22322  -2.18015
1.99378  -1.7265  2.98779
3.08344  7.93791  0.297947
-0.0374603  -0.0505011  -2.14694
-5.92552  1.00328  -1.2775
0.664531  0.656061  -1.30458
-0.513632  -2.17324  1.49529
-2.65439  3.38213  -2.15116
-3.76113  -2.12014  -2.62414
-0.581533  2.32945  2.10324
-0.0532894  0.362517  6.22394
1.96895  -0.800608  0.643217
4.91328  -1.80804  1.55989
-2.22503  -3.34476  -0.347865
1.59484  0.369848  3.63298
4.29777  -2.08823  -2.66453
3.88878  -3.13078  -2.9222
1.92022  2.92053  -5.3003
0.346297  -0.959788  3.81669
-1.57899  -2.16819  -3.83832
-3.69875  -2.98646  3.97278
-2.1416  -1.37052  -2.95439
-3.25498  1.75044  2.32644
0.510517  -0.0160246  -3.01074
0.00800297  0.0386649  3.96976
1.88652  0.261042  1.53621
-0.929246  -2.36453  0.073885
0.400932  -0.296832  -3.99102
-3.17589  0.241652  -1.4295
0.420122  -3.49275  -0.615637
1.19598  5.69702  -0.443065
0.852891  2.26766  -1.72635
-1.22234  -0.0884589  3.43154
1.0275  2.71088  1.47513
1.26066  1.88117  1.47119
-1.15138  -0.782734  -2.57371
-2.19285  -1.95695  -3.21253
3.48628  2.0709  6.14665
0.266313  0.291332  3.34082
1.37621  0.358887  5.51664
-0.67937  0.777892  0.527655
0.651063  -1.02026  6.08621
0.963783  0.139652  5.61527
-0.526045  -1.30332  -1.31129
-0.845772  2.97282  -0.105058
3.98142  0.889847  0.541483
3.06285  4.51078  -0.1916
-2.08784  -1.96971  3.30272
-5.48306  -2.92158  -3.58428
2.77666  -0.294711  -4.18478
-1.5047  -2.21013  -2.41684
-3.99731  0.0479515  -1.00228
0.0796877  -0.915216  0.805679
-1.56358  4.07861  -1.17138
-0.415109  -0.689133  -2.37305
0.0993329  3.60123  1.85185
-0.426668  0.265732  5.70575
0.438592  0.250643  1.82381
2.84029  -5.57634  1.31137
1.65766  -0.596032  -2.01814
0.109063  0.845023  2.17006
-0.130274  -0.139205  -3.03965
1.17954  4.34399  1.70678
4.68562  1.56155  4.91914
1.5536  0.653231  -2.11342
-0.318194  -0.0395282  2.95808
-1.47491  -1.26071  -1.5869
0.28709  -0.0197944  5.15193
-2.15579  -1.59042  1.09602
-0.546065  3.86376  2.88583
-1.73695  -2.27361  2.60554
-1.03864  3.76471  -0.220543
-0.681892  -0.521867  4.7001
-4.6218  0.239263  1.90892
2.92276  3.8698  1.10092
-3.05351  -0.950625  0.643104
-3.70711  2.13325  1.74619
0.102894  -1.45256  2.32179
-2.12988  1.01949  -0.975438
-1.61642  1.01991  -2.85954
1.53747  -2.20752  0.0651311
0.193956  0.765572  -3.53764
4.07136  -1.38403  0.551663
0.478357  -0.799965  1.28669
-5.25777  0.103726  -0.816107
0.610191  -1.43772  4.42001
-1.58902  -1.61063  4.69164
0.668507  2.08193  6.27547
-1.87318  0.210407  2.13752
-2.85316  -4.43301  -3.63914
4.70845  4.96074  -2.94047
3.01484  0.111136  3.96551
-5.27484  4.63126  -1.02255
0.433136  0.796636  -1.00996
-2.14731  -1.173  -3.70645
-0.580604  1.56415  -0.434846
-3.18833  -0.225574  0.752558
2.71772  -2.37237  -0.193733
-0.929892  -4.36994  0.577419
1.52421  0.0775967  -1.27517
1.46892  -2.68502  3.85754
-1.4442  1.82551  -3.71871
2.72084  -1.30757  0.422397
-1.10676  -2.59271  -0.510949
0.0205282  5.37531  1.54525
4.66237  1.20156  2.55369
-3.05754  -1.0316  1.29472
0.36554  -0.187441  2.82235
0.235339  -0.561888  -3.04331
0.00941788  -1.07975  3.49699
-0.877034  -1.76176  0.689722
0.272104  -0.586885  3.51354
-2.05816  -1.04924  3.45208
-0.936207  -1.23582  -1.16313
-2.20156  1.09692  1.88741
-3.54083  -0.114755  -1.8745
-2.63063  0.384717  2.55855
-0.500925  -2.04972  -4.54618
-2.9301  1.64086  1.02634
1.61476  -3.63786  1.32592
-0.267673  -5.60974  -3.27735
3.83325  1.15791  -8.28091
3.35163  -2.35124  3.09005
0.0200249  0.169788  -1.88959
3.42129  1.52177  -3.01468
0.172851  0.140208  -4.09192
2.41618  0.631064  -2.39118
1.71825  -0.797713  -8.17993
-3.03426  -3.33195  -1.71411
1.35293  -0.890424  -0.403079
0.0508233  0.461719  2.48295
-1.10715  2.55965  0.786384
-0.849338  5.54382  -4.33461
0.278703  0.245799  4.399
-2.46238  1.26507  -1.91908
-0.48926  0.583209  -3.48349
0.204513  -0.836886  1.4899
-3.60317  0.899159  1.10703
-3.40147  3.23218  -3.20574
-2.39873  1.5963  -1.98999
-1.9826  -3.89697  0.753615
2.38343  5.88601  -0.299707
-2.53598  0.956965  -2.18216
-0.378957  0.674664  1.96183
-0.199983  -0.580862  2.55855
2.42205  2.70851  3.89835
-0.653762  -0.915792  -5.01754
-0.379508  -0.454192  0.0959367
-1.23886  0.190826  -5.25908
-1.15816  -1.06682  -1.61722
-0.201601  -0.472073  -1.58223
0.402223  0.180151  -6.85523
-3.18479  2.7254  0.344355
0.571039  0.961329  -0.0989576
0.280756  1.49688  -1.68867
1.31006  5.39355  -1.26338
1.73911  1.04706  -5.9651
-2.33046  -1.96138  0.980806
-3.4909  -0.45059  -0.3196
-0.825377  -0.630577  -5.71772
1.37738  3.00567  4.05697
1.10415  1.46939  -1.70127
0.502464  1.19305  -2.23579
0.115428  -2.16933  -2.74071
-1.06227  -0.279192  -0.613904
-1.92228  -0.794489  0.846816
-0.862539  1.09067  1.61091
-1.63279  -5.08794  -2.30032
2.09764  3.19307  -3.6754
-1.06248  -0.068509  -2.36335
-1.60497  0.676531  0.702383
-0.495256  3.31905  -2.81769
3.66514  3.58165  -0.36707
1.15611  0.388411  -3.22521
1.16725  -2.19718  -1.20528
4.06051  -4.83028  -3.35168
-0.0577477  0.0458937  2.51552
0.060462  -0.092336  4.04075
1.78488  -6.09367  -1.62359
0.270208  5.31642  -1.74314
2.72139  -0.384504  1.55335
-2.93972  -1.22682  -4.51114
-1.87953  0.831776  1.17959
3.61559  1.92884  3.76428
2.44443  2.56304  -1.04329
2.74922  -0.539327  -0.797225
-1.07315  2.68236  -0.600935
1.97406  1.21894  2.42833
2.77233  2.86677  0.842398
1.56303  0.825481  3.76791
0.0621743  -0.213801  -1.57818
0.649671  -0.146432  -3.40888
3.93645  -1.35384  6.2019
0.355742  -3.15883  -4.5835
-2.18526  1.43121  -2.49396
0.140312  0.0758596  5.19702
0.749076  -1.75943  0.719991
-0.728685  -3.75992  -1.8288
1.23777  -0.837734  1.51588
0.949768  -1.51897  -2.42592
-0.0657282  0.0573804  0.811977
-1.26678  -0.912511  -2.26809
2.97658  0.984717  -2.22334
3.38882  3.61247  -3.30718
0.271132  -0.515862  0.927856
2.75622  3.08307  5.42176
4.46359  5.8299  -2.96211
0.225716  -0.567773  1.90864
0.772896  -0.520994  3.08904
2.41826  -4.03613  -1.17773
-4.78165  -2.94417  3.73122
-0.395919  -1.18537  -4.55669
-4.54016  -1.68627  1.54178
-1.32038  -1.80895  0.588331
0.636887  2.91444  0.358762
-2.14311  0.0541944  0.0769159
-1.28542  4.25537  -1.46808
-0.323312  1.04209  3.53369
0.998876  -4.79003  2.54102
-1.23733  -0.204354  0.288767
-3.90165  -4.44673  -2.12428
0.514253  4.4759  -2.4759
0.0796702  -1.47891  -1.80617
0.316939  -0.318288  3.38309
-2.90146  -2.72766  -2.25768
4.43493  -0.631573  -3.48774
-1.08476  -1.08978  2.00921
-4.045  -3.33878  -3.24096
1.95734  1.31963  3.66947
-1.25314  -1.59205  1.90893
-0.0321475  -2.63398  1.78814
1.21294  -0.751674  3.03629
0.0379446  0.406138  2.88256
-2.39247  1.92208  3.96717
-0.0341959  -0.0400608  0.93598
-0.785486  -0.811886  -4.30605
-2.65396  -1.42196  2.60575
1.73271  0.615227  -3.88914
2.17228  -1.54841  1.50114
0.645251  0.00412154  -2.84319
-0.362315  -0.435372  -0.0383666
-0.0211032  -0.162559  -2.42353
-0.817353  -1.19759  1.32014
-4.04034  1.40123  2.36364
-1.57862  -1.12811  -1.92927
1.02084  0.398724  3.73984
0.432729  3.52953  1.857
-0.391026  0.317104  -5.50419
1.4816  3.17694  0.37856
-2.26979  0.233982  -2.82695
-0.512324  -1.65319  -2.69145
1.68619  1.08522  5.50016
2.88122  -0.536398  2.41747
-1.81069  -1.64351  4.97911
1.65911  0.835888  -4.37374
-3.39935  2.68245  -1.68809
-4.21054  -2.93253  -4.07948
1.06568  -0.143369  2.63976
-2.7423  0.660098  2.79404
5.31523  0.0201198  1.26574
-0.782101  -0.0805017  4.04181
-0.916272  0.598065  5.74905
2.05851  0.403852  -2.0574
0.345167  1.44436  -2.03747
-1.01073  -0.583734  1.49132
3.09765  0.580307  -2.23448
1.38251  -3.65186  3.11772
-1.57957  -0.695144  4.33934
-0.207101  2.07893  -2.49821
-0.56343  -0.780126  1.48232
2.23671  -6.65475  3.8573
0.567754  0.199954  4.31445
3.43891  6.00731  2.28694
-0.173839  -0.239065  2.87524
-3.85609  1.03683  -1.72285
-1.31022  -3.35927  -1.8449
-0.0560324  -0.220555  -2.83665
-0.0569735  -0.313939  0.994983
0.274561  -0.204011  -0.323724
0.562261  -0.172519  -2.79981
-4.75614  -5.09105  0.402077
0.0130775  -0.120696  -2.15559
4.25753  3.19999  1.05055
0.58564  2.72547  1.6115
-3.24374  -0.336357  1.43093
-0.33368  -1.24936  -2.90686
2.35209  -1.47434  1.78563
-0.453636  -2.12181  -2.3451
0.383937  -1.32262  5.49703
-1.19267  -4.39195  2.03058
4.37729  0.46799  4.3157
0.852172  6.03621  2.01019
-2.27629  0.0373703  -1.97372
-1.11182  0.222303  -7.03086
1.57043  -1.41641  0.719009
3.48881  -3.38804  1.22898
-1.87189  1.30156  -0.0975461
3.67215  -1.15196  -1.87806
4.18049  -0.590442  -0.0780137
1.34649  -1.35901  3.28334
0.972477  0.215432  0.0184214
1.90919  -4.6369  -1.3334
-0.294163  0.432371  -3.02924
6.30255  0.946561  -0.575014
1.03481  -0.802115  2.78133
-3.03737  2.41136  -3.45221
0.676234  0.721336  -3.48512
-2.15702  -2.58619  -1.34418
-5.68871  -2.67648  -2.66266
1.08783  0.15973  3.11669
-1.73092  -0.320766  0.260762
1.39037  -0.294309  -4.3991
-0.986942  -0.287038  -4.77148
-0.833565  0.340099  -3.43549
5.39544  3.25313  -0.450349
7.11562  0.75518  4.77767
0.211938  -0.163683  0.66988
0.93128  0.414421  -1.71119
-0.935092  1.16519  1.58679
-1.30627  1.21954  6.12511
0.942176  -1.94216  2.12248
0.971592  1.63568  -2.20875
-0.664899  0.51875  -5.55236
-1.88933  -1.0316  -3.04363
0.463775  -0.286174  -4.87202
-2.04709  1.16368  -0.787613
-3.26068  -0.0672317  0.609706
-2.51763  2.56116  1.36309
-0.10053  0.290912  2.01172
-2.20571  -1.0556  -3.64676
2.19997  2.18866  1.12486
-4.2923  -0.279784  -1.21851
-0.204589  0.117788  3.76645
-0.332189  5.10515  -1.26221
-0.557842  -0.975979  -1.31198
7.06785  1.21896  -3.39714
-4.22287  2.51633  0.166173
-0.781981  0.302446  1.21821
0.890754  -0.02278  -1.30253
0.033579  -0.225103  3.47701
-0.646993  -0.635321  -3.04735
-0.502267  0.699493  1.25606
-0.892832  -0.460829  2.38671
1.1964  2.35388  -2.22305
-2.92451  -0.648466  -7.48251
-0.239114  2.09394  -2.05781
-2.52128  4.32076  -2.73626
-1.66099  -3.48666  -4.62261
-2.46978  3.16544  -4.03846
-0.891065  -0.143559  -4.69805
-0.502916  -0.278083  8.00588
-4.41874  -0.335297  -0.739087
-0.0021425  -0.0617442  -3.82677
0.200101  -0.568246  -4.07839
2.29558  -0.376554  -2.19015
-2.59669  -3.4972  -1.08133
0.37439  -3.16244  -1.00906
-0.00168288  -0.0104165  -1.3228
-0.746099  -3.93917  2.12941
0.256804  1.5208  -4.72993
-2.49675  -3.25521  3.97715
2.3394  -1.39835  0.0730349
-0.0434797  0.345438  -5.51582
-0.736113  -6.09273  -1.85634
-6.68991  -1.41098  -2.84156
-2.46918  -3.31847  3.97606
0.472653  -1.21852  3.50969
0.765895  0.620208  1.78942
4.2006  3.63634  -0.940381
-0.274858  0.973846  -3.57583
-0.8383  0.0544672  2.97207
-0.301855  -0.701884  -4.1562
3.24324  -1.29372  3.31157
-5.27822  -3.98985  1.9253
-0.944967  2.40735  -1.41965
1.14179  -0.67781  -2.18824
-0.188115  0.414096  -3.22467
2.11205  -0.908722  -3.85983
-3.18801  1.68824  -1.02098
0.403047  1.7106  -1.0112
0.0923347  -0.0489008  -0.743718
1.88985  0.875457  -4.4757
2.59328  0.354196  -2.32768
-0.496746  2.23912  3.68077
1.21009  0.763646  3.16473
0.528716  3.0691  -0.784271
-5.59088  -0.72977  -1.43389
0.762621  -1.24102  -4.91032
-2.45225  5.37932  0.742144
2.6161  2.45821  0.676447
-0.402837  3.73333  -1.59152
-0.158233  -0.0909207  1.66328
1.61827  -1.86426  -0.675115
3.1633  5.99853  -0.391115
1.10553  2.53439  2.1972
0.202844  3.95155  1.48184
0.0270169  1.59114  4.55358
2.48693  -4.00764  3.18633
-3.05298  0.225667  2.71773
-0.423978  0.291784  1.26339
-1.50669  -4.80775  -1.25746
0.640105  0.969454  -0.489407
-1.96449  -0.440709  2.39783
-0.0202032  -0.0447995  -3.02016
-3.46589  1.486  -7.5885
-2.41134  0.292265  -3.40179
1.59749  -2.61027  -2.26249
-0.117553  0.4881  2.47089
-2.88569  -1.63748  -2.42951
2.68225  -0.211951  0.33665
0.70933  -1.02541  -1.38488
3.41825  -3.47458  5.55364
-0.429643  -0.110796  1.46494
-2.25874  2.64412  -2.73427
0.250291  -0.421817  5.478
-1.65244  -1.30315  -2.33599
-2.19527  1.73627  -0.325901
0.102755  -1.77163  -1.93069
0.0557305  -1.07785  -4.73205
1.02525  -5.05994  0.954739
0.0797889  2.27277  3.26283
4.40778  -3.35736  5.11796
-0.328474  0.630605  2.70488
0.477945  -2.27149  3.5577
-0.619267  -0.792095  -3.40379
-2.2681  -4.46914  -5.70114
6.03703  -0.00974777  0.176274
-1.77335  -1.03858  -0.318584
-0.254515  3.66066  -0.462519
-1.05253  -0.481901  -6.86653
-0.281976  -1.20514  3.96637
-1.58458  -1.75639  3.87076
1.03441  -0.424555  3.20278
3.01156  0.683841  1.08562
1.47317  -2.52015  -2.06859
2.30828  -1.90974  -4.63515
0.702948  0.386307  3.18178
1.21807  1.93083  -2.87526
3.54926  -0.667664  1.09363
-0.279265  0.645574  -3.91641
-0.956726  -4.14422  -1.6041
0.117796  0.0919753  -4.87011
-2.74632  -0.690259  -2.24876
-0.0946904  4.25149  -2.8867
-1.92873  -2.23446  -4.06912
3.46064  -2.63188  -6.94119
3.02163  -0.0665935  1.53894
-5.98335  1.65696  -0.580868
0.752344  -0.400817  -4.08449
-2.03631  -2.18885  0.0700781
-0.631347  1.5977  -1.78711
0.737  -1.24819  -0.0945647
-0.554685  1.47834  0.569195
0.0427494  -0.142866  -10.1357
1.04674  -0.42396  0.94909
1.7803  -1.42931  6.26398
2.38524  1.76729  -1.54375
-0.0299413  0.033418  -6.62135
-1.26193  -3.05595  -1.56442
-2.09915  0.817167  -0.890392
-2.99544  1.14914  1.97521
-1.69223  -3.29177  2.07382
3.49773  -3.86205  1.02466
-0.874251  0.899897  2.86397
-2.45058  -2.41903  -4.41683
-0.0294069  -0.00864446  2.83374
-0.53626  -0.0821034  -2.57335
-2.28899  4.58224  2.0207
-1.05264  1.0433  -2.52973
0.680025  0.5543  2.21571
0.376103  3.17933  2.11076
0.026566  -0.0055707  7.32287
6.18759  -0.0379879  3.58767
3.29373  -0.55512  1.92782
1.73422  -0.525199  -1.20413
3.6836  0.255815  1.01835
0.0506113  -4.53581  1.55468
1.73428  -3.0145  -2.29169
1.64024  -3.6702  -1.57566
-1.92958  1.25669  3.05116
1.36862  5.22565  1.01538
-0.527435  0.529287  -5.09272
-1.02293  1.75424  -1.82935
-2.65212  -1.14215  -2.07661
0.678055  -1.47788  -1.25905
4.30551  0.659495  -2.64226
-0.251514  -0.491673  3.50686
-0.111077  0.101113  -5.4902
-1.60007  3.15637  -2.14976
-2.50597  3.0113  1.90561
0.363178  -2.84099  2.40185
-2.38145  -4.51614  2.1809
4.66503  1.74468  -0.344967
0.836628  1.02324  -0.024326
-0.320082  -1.30245  -3.20511
-0.62326  1.44758  -0.244751
-0.70563  -0.0118273  -2.78049
-2.51788  -3.66967  -3.01282
-2.45952  2.09045  -5.72945
-1.18439  -0.355561  1.5043
1.56181  -1.25002  2.64109
-0.083405  2.18874  -0.493987
-2.62065  -1.07397  -0.608084
0.137743  2.45751  -1.14437
1.8107  -0.0634729  -4.86743
2.17236  3.64411  -1.40137
1.78952  -0.305947  -1.9909
-0.363215  1.5484  -2.83388
-0.170055  0.256878  3.25795
3.61438  -2.49441  1.01665
1.2971  -0.191877  7.55272
2.66459  -0.411822  3.28925
7.3602  -4.80215  0.572495
-1.74697  3.9697  -1.87499
1.74752  -2.44065  2.24091
-1.08598  -0.0151292  -2.35391
-1.74227  0.780017  -1.80928
-1.60868  4.15476  -4.69332
-0.0769611  0.0583086  -6.03279
3.83884  -3.53836  -0.824924
2.43127  3.4106  1.48966
0.353009  0.525743  4.35898
1.47184  -1.3286  4.80888
2.07127  3.02708  0.669142
3.18498  -3.38535  5.40077
-0.169307  0.860533  4.73036
-0.296386  1.73561  -3.37074
-1.79214  3.45971  3.74005
0.83782  -0.725645  1.68836
-2.24308  0.2721  -1.08107
-3.88996  -0.108696  -3.54761
-0.13476  0.0198104  -2.54862
-0.0448122  -0.817408  -4.11225
1.75164  -0.792793  -2.40865
-0.60949  1.02402  2.57235
-2.09397  -0.390233  -3.21695
1.74112  -2.11118  0.112842
-6.46622  -5.44355  -5.56039
1.88348  1.95036  -2.59286
4.28452  -0.842638  -4.82502
0.0170626  -0.0338992  -5.81875
1.60342  -2.36902  2.86042
-1.25287  -0.0513948  3.81288
-0.108955  0.472808  0.815944
0.906793  -2.17705  0.824661
0.99105  1.032  -1.59075
-0.00387353  -3.81924  2.47014
-0.131372  4.43713  -1.51969
-2.93973  2.41474  0.106134
-2.36333  -2.49191  5.15504
3.82355  0.021706  -3.28654
0.378645  1.59408  3.01301
2.04235  -3.0565  -7.85433
-2.14528  -1.63301  -4.37647
-0.105878  -0.0672975  -1.39884
3.98886  -0.775151  -0.943828
1.73085  -3.52426  1.08304
-2.077  -0.20243  -3.15851
1.77995  -0.169207  1.06361
-0.521458  -2.94491  -4.15769
-1.59377  -0.729811  -2.37684
0.466842  0.411519  -1.22451
-4.32165  1.24616  2.89051
1.58015  -4.04255  1.88312
-1.48762  -0.554313  -3.01835
-2.24591  -1.08936  0.488221
-6.51657  -4.55282  -1.45624
-1.7198  0.969069  -2.46018
-2.65912  -2.1721  0.645942
-0.0965534  0.0593042  1.6455
-1.45874  -0.985087  2.43681
-1.49048  -1.28847  0.767275
0.622198  1.76076  0.497106
-0.024987  -1.09569  2.55655
2.42132  -1.13153  4.18655
2.18215  -0.295414  0.21878
-1.14131  2.47337  0.010549
0.478919  -1.07055  3.87391
-1.4743  0.346384  -1.76336
-2.98935  -2.80722  -1.71757
0.359721  0.155054  6.21355
-2.37854  -1.26342  3.91319
5.0238  -0.742829  -2.82999
0.0313837  0.0236058  -3.15947
4.44974  0.503389  -1.23486
0.656972  -2.95925  -0.142701
2.41007  -1.82705  -1.1153
4.36639  0.822921  1.47121
-0.841935  -0.144952  2.85006
-0.324477  2.17616  -2.59289
0.140235  4.05445  0.544148
5.2856  -1.48798  5.41766
-2.22628  3.24444  -0.793024
-1.03337  1.68795  -2.29202
-3.45181  2.52352  -6.24892
0.247276  -0.456374  -3.85815
2.75176  3.75307  0.524123
3.84724  3.90225  1.6531
-1.18381  0.828849  3.45977
-0.319394  -1.29768  1.52775
-0.258421  -6.56681  1.67172
4.83544  1.02266  0.0565112
2.68426  -2.09346  -1.60842
-0.107465  -1.0146  5.10253
0.7144  -1.1441  0.338578
0.0533105  -0.050521  3.45665
-0.0767732  1.37087  5.12406
-0.71713  -0.944449  -2.08818
-2.83055  -2.30816  -1.24559
-0.188997  0.114018  -4.40689
0.0738153  -0.0284228  2.9948
-3.85305  0.667311  4.0957
-0.995994  -1.35959  5.74646
0.705254  3.327  -1.0913
0.447895  -0.844607  5.78219
-0.435226  0.0749201  -1.92859
-2.22426  1.13849  -0.569603
0.506269  2.07121  -0.0404641
-1.62416  -0.750095  1.14096
-0.0329395  -0.582136  -3.34398
2.82482  -0.88239  0.883065
-3.15618  0.178034  -1.25481
-2.15047  0.611905  2.86905
0.75363  -1.73151  4.09047
0.448421  0.430426  3.0131
2.94365  1.45726  3.75072
-0.897072  0.161935  4.52749
2.76544  4.01762  -0.707718
1.06107  1.36268  4.32433
1.23846  2.36077  1.14561
-0.0325704  0.102085  -1.22853
-3.09371  -0.870401  -1.58667
1.44458  2.0422  -2.12102
2.57977  0.717047  -2.77165
-0.451612  -1.40631  -1.22877
1.53687  1.60745  -2.76081
-2.25567  1.54477  -1.41862
4.61348  -5.36227  -2.79051
0.110079  -2.4066  -5.13261
3.10445  -1.58019  -2.18637
0.421354  -0.277333  -1.26264
0.0134103  -0.00509049  -2.57393
-5.28532  -1.50293  2.19697
-1.77746  0.00134411  5.69406
-4.28225  0.89745  -2.94932
-1.54545  -2.47296  -1.76174
-1.8563  4.01254  -4.89801
-1.22448  0.0759962  1.63665
3.35429  -0.855682  0.3165
1.94625  5.08792  -0.571677
-1.42802  3.16617  -1.92075
-0.568975  1.35787  0.931572
3.1839  -1.25995  -2.86666
-2.40905  -1.3676  4.48161
0.910362  -1.17913  -1.06314
-4.62974  -2.4075  -0.118728
-1.64379  -0.056488  -1.77361
4.89712  5.99001  -0.452093
-0.419859  -0.369647  3.5637
-0.189635  -2.58771  -1.22895
-0.472648  1.11543  4.59737
0.744813  -1.0487  0.420348
-4.59336  -3.52674  -2.56569
1.1049  0.843011  0.773033
3.71778  -3.875  -1.1026
0.494035  3.15169  2.38614
-2.72817  -2.43604  5.41324
3.94228  -2.46707  -0.563852
-1.24676  -5.51797  -1.00627
-0.103737  4.94728  0.106032
7.17219  0.0189901  -1.58599
-0.57825  1.03229  -1.99577
-0.850972  1.19902  -0.0272029
-1.14462  -0.415741  0.106668
0.428602  0.36836  -4.85661
3.39042  0.988189  2.67228
-1.422  -3.81879  0.954217
0.845944  0.332067  -2.61209
0.431867  3.76991  2.80307
0.860132  -1.01428  2.36138
-1.9269  0.509674  5.90914
-0.24018  0.873823  3.2251
-0.29527  -0.297503  1.7495
-1.74328  -1.87725  3.44134
-0.851479  -2.45554  1.42632
0.875876  -0.559667  -2.73056
-0.741782  -3.21204  -2.35261
0.809477  2.67221  2.95888
-0.174458  -0.736085  3.82742
3.64215  0.582434  -3.89419
2.46352  0.842451  -4.27741
-0.0134814  0.783934  3.48831
1.62313  -0.375682  -1.62172
1.10574  0.307654  0.768095
-1.94129  0.300809  2.7831
-0.364933  1.14269  -3.90489
1.01136  -0.0488081  -4.84169
2.04921  0.118976  -0.609595
1.52195  -5.16742  -2.0923
1.90855  -0.513651  -0.930936
-1.3183  -0.20319  0.0315886
0.406227  1.02153  -2.49013
2.1456  1.73979  2.97479
-0.31216  0.954001  0.350915
0.498975  0.70135  -1.36957
-1.97805  -2.6295  2.00832
-2.54077  1.94683  4.29046
1.72045  -0.562175  -5.57593
0.726116  3.01289  1.46141
-0.040772  -0.0147918  -1.95105
1.68358  -1.2549  -1.40681
-1.38269  -1.33608  -3.91201
-0.521855  0.182419  -1.5413
-2.69667  -0.140859  -1.18371
-0.346697  2.53667  2.69118
-0.638663  -6.54939  0.695875
-0.873575  1.49578  -2.32158
0.279586  0.060975  -1.18033
-1.06017  2.35837  0.47169
-0.311853  3.54524  2.03733
-0.697592  -1.10033  0.128022
-0.326561  -0.620033  -2.44989
0.282448  -0.695336  4.22076
-4.03295  2.35924  -1.8939
-0.160234  -0.142176  2.86333
-0.107802  -0.438857  -4.97189
0.977972  -1.89762  -0.0910197
-1.87044  1.28937  1.30589
4.02183  -0.887369  3.58036
-0.946562  -0.0851666  -3.35972
-1.26187  1.20431  1.89228
2.69876  0.567983  2.77857
1.90009  3.62163  -3.23127
0.534928  0.791463  4.45826
-2.62573  1.86534  0.0977911
7.29051  -1.91296  1.95115
-0.229795  0.413747  2.40835
3.37982  3.08631  -2.01498
-0.0556028  1.92767  4.0291
0.984231  1.68513  -0.20638
-2.28934  -0.0674194  -5.29707
-1.14892  1.03023  -3.81098
0.789532  3.19704  1.94164
-2.62717  -1.9761  -4.17286
-1.33417  -4.09343  6.93226
-0.419416  0.251751  1.27132
-0.202585  0.227674  1.2095
1.15058  -4.32188  0.751993
-2.08453  -0.186007  -0.256573
0.308683  0.0572151  -1.86146
-1.01591  1.13515  -5.62805
0.123606  -0.0174936  -3.40315
-2.95644  -2.78805  -2.89194
0.619339  -0.989994  3.77878
-1.88768  -1.98359  -6.60632
-0.00122612  -0.0391899  2.57883
2.16406  -1.97237  6.56013
-0.5281  0.121358  1.26653
0.892375  -0.518057  3.39823
-0.102771  0.784125  3.71934
2.90738  6.56045  -2.74096
-1.91057  -5.27658  -3.67877
3.02407  3.28911  -0.698129
5.64335  3.49088  0.289546
-1.32456  0.593698  -0.715864
-1.39006  -0.567612  3.88704
1.75484  1.37297  -3.04904
-4.92372  0.123835  -0.61158
-3.56893  -4.03424  -4.6297
-2.93211  -2.15648  2.07652
-0.56881  0.898676  0.975917
-1.07225  0.807194  0.705507
-1.15538  0.185747  1.39499
-0.436445  0.991154  -2.32702
2.31644  -1.12514  0.918767
2.76764  0.122823  -0.77435
-0.219371  1.61706  4.46028
-1.09819  -1.75428  -1.52133
2.10739  5.12295  1.7397
4.34085  1.37972  -4.53054
2.22705  -2.47908  -1.32942
-4.31102  2.37188  -1.78334
0.106203  0.146183  -2.05984
-0.402729  -1.19214  -4.65387
-0.0109893  1.9117  -2.38212
1.14351  0.358898  0.876096
-1.15397  -1.48815  -0.551755
1.52092  -3.64564  0.680455
-0.741379  1.97891  5.35441
-0.944699  -0.0628389  2.20842
-0.320251  -1.46193  1.64383
-0.941895  1.35404  -0.0914456
0.0134319  0.0689923  -1.73847
-0.100243  0.0826366  5.36072
0.181381  -4.20481  1.26177
2.55652  0.456269  0.501691
2.52884  0.820523  -1.08509
-3.87861  -2.65357  0.77378
-2.17859  2.50265  4.56878
3.14396  -0.303771  2.39264
-5.23259  -3.44755  -2.3659
0.0367494  0.128416  1.28094
-4.00811  0.537759  4.36808
-0.0557828  0.0697199  1.53098
1.24404  1.65612  -2.59918
1.8294  0.241741  -4.19067
-0.911983  0.797949  -2.64256
3.43784  -4.7144  2.57643
-1.29716  1.29141  -0.626659
1.10932  0.0857676  1.18071
-0.47098  -0.99777  2.50177
0.0148475  -0.424802  3.33191
-2.85907  0.20794  -2.52316
2.75542  -1.30334  1.54038
-1.19088  -1.52931  -3.87746
-0.888337  0.18478  -3.29037
2.71265  -0.930196  3.10382
-3.13172  0.492698  -1.91543
-0.795798  -2.06832  0.523237
0.35223  1.44791  -2.56661
-0.457301  -1.42358  -2.69981
-0.516914  -1.66711  1.94342
-0.702104  -0.51397  3.13686
-1.28918  -3.32458  -0.59266
0.0320899  -0.115926  -1.58733
2.39084  1.93125  -2.2836
-0.109905  -2.81767  0.241644
0.237443  0.772379  -1.77033
0.344111  1.52844  1.75206
1.22547  0.721475  3.2245
1.36446  0.411011  -3.01493
2.05928  1.43527  -0.414113
0.00449694  0.0284445  -1.525
-1.72639  0.94645  -0.453355
-0.380047  0.259666  -1.71611
0.121271  -3.44864  -1.52178
0.633576  -0.717398  2.79166
1.49173  3.8569  0.552244
2.96518  0.189699  0.321329
-1.55149  0.595924  -4.29157
-2.0897  -1.24997  -3.42217
-0.796226  4.84247  -0.773698
-5.10727  3.0869  3.53965
-4.41509  -1.80706  0.323177
-3.09974  -2.58683  -1.72052
-2.15819  0.167318  -1.07327
1.54013  4.59815  -2.61157
-0.920501  -1.28793  -0.430739
1.682  2.52943  0.743353
-0.599855  0.942682  4.8956
-1.19457  -3.98377  -0.809732
-0.326484  -0.56283  2.09655
-3.23354  -1.13052  -0.751815
1.55309  0.341841  -3.31455
-0.103866  -1.65008  -0.335346
-0.796251  0.882321  0.0893483
5.3601  0.879674  3.3101
-3.70623  -5.48165  -3.18469
4.37556  4.17423  1.16613
3.9161  1.77094  5.289
2.24194  -2.5844  -3.05349
-2.5198  2.10636  -0.576154
0.358882  0.432933  2.83701
-0.353036  0.0313748  2.77577
3.84698  3.25861  3.74969
1.45177  -1.80856  -3.81369
1.83375  -0.980167  -3.17593
-4.97135  4.42428  -0.502589
-3.62578  3.33691  0.381507
2.02767  0.50845  0.545582
0.30901  -0.240152  0.974169
-3.39027  1.1635  1.091
0.956401  0.302355  -3.94477
-0.342509  0.413469  1.60487
-1.04341  2.21827  4.14554
2.47398  -1.7522  0.70071
2.14843  -0.230681  3.31891
0.0623327  2.47178  1.90417
-0.807011  1.43503  4.0531
-1.00903  0.560825  -1.02993
-5.41025  -2.06251  1.04084
-0.214863  3.85155  3.25474
2.12033  -6.40128  0.427631
2.22251  -0.641976  -1.11647
1.76361  0.722262  2.95139
-0.0074118  0.0209576  -1.25197
-0.555715  0.402163  -5.01347
3.1045  -3.01008  -4.36474
4.13016  -5.37668  1.095
-1.85422  -1.71978  2.73478
-0.536488  -0.910537  1.73406
-2.85112  3.53935  -0.299392
1.11295  -2.70873  -1.47174
0.450048  -3.38227  -1.15521
-1.42845  2.38815  5.74507
-0.543494  -0.330539  0.934018
-0.857982  0.179198  -2.52784
-1.74058  1.77146  -4.7203
-1.64453  0.114268  1.47057
-2.18458  0.700046  1.36792
-1.66398  3.35938  -0.603703
-1.51209  -0.0716746  -1.55962
-1.45167  -0.0568692  -1.22895
0.462021  0.872922  0.373217
-3.14873  -3.05355  2.05588
-1.6762  -0.371434  -2.23561
-0.937734  2.26476  1.92842
2.03603  -0.865116  -6.30781
-1.36185  0.029569  3.30251
-0.437586  3.83029  -2.93468
0.877029  -0.659156  -1.88661
-0.263889  -1.74384  -3.60207
-0.867675  -2.72275  1.29403
-0.567534  -0.626004  2.60899
-1.6684  0.803813  2.72763
-0.085705  -1.46219  5.45936
0.759528  -1.22761  -1.45944
-3.24395  0.508939  3.32056
-1.08713  -1.20559  0.863362
-0.944042  -3.24141  -1.69033
-1.85858  0.745384  1.93111
-1.21418  -0.341129  1.34641
0.508323  0.556765  -0.762364
3.68439  -3.6247  0.330965
0.479951  1.14347  -0.531003
-1.50015  0.373977  3.17093
0.103577  -0.000344336  0.382508
-3.29055  1.09603  5.20079
-0.722323  3.05853  -2.28889
1.03029  -0.849818  5.09396
1.07041  1.81135  -1.69055
-2.70909  0.566464  -1.20711
0.0331594  -0.0314804  4.49956
-0.192696  0.273641  -1.83013
-3.34324  -2.12706  -0.15381
0.0990955  -0.866469  5.2354
-0.175941  0.648841  7.23843
1.43713  -7.22414  4.94793
0.312923  -1.17693  0.294894
2.27035  0.787778  -1.29718
0.108747  -0.321199  -4.92359
4.07049  1.67964  -0.197566
-0.72347  -2.2994  -3.34929
-3.96196  -0.0447766  -0.138394
-0.0692939  -0.0456622  -2.27535
-0.581097  -1.94753  0.717098
0.677552  0.0983507  -0.71899
0.0720311  -1.03867  1.7474
0.534152  0.461871  -2.22249
-0.799502  0.476735  2.61991
2.53203  4.05763  -3.5595
-0.0545732  -0.512957  0.79865
-3.04706  0.109894  0.45006
3.40573  -3.29089  -0.214163
1.82176  3.4115  3.08602
-0.060203  0.695971  -3.16654
-0.304078  0.109137  -3.93034
0.46906  -2.92333  1.80132
0.704891  -1.15626  2.72852
1.14147  1.29536  1.45482
-1.80892  -3.24915  0.832904
0.148157  0.358637  -0.700028
2.39436  0.149616  -1.65352
-0.429647  -0.28871  -3.18208
1.25663  0.473362  3.28846
0.0332304  -0.063188  2.64463
0.717749  1.85142  2.42273
-1.73914  -3.25478  -0.706194
1.83049  0.926466  -1.35135
3.43418  -0.632255  -0.548856
-3.04328  0.374542  3.13427
0.312888  1.66302  1.86256
-0.392951  -0.157798  -1.78023
0.0141052  0.00688905  -1.16822
-0.617127  4.27018  1.4333
0.930648  -1.75045  2.60026
0.837088  0.250251  -4.74109
-0.203784  -0.228482  6.31435
0.447659  -0.102752  2.57592
1.16277  2.45372  3.11424
0.00836647  0.100958  1.50266
0.00572275  0.0907035  4.36703
-4.22122  -1.88395  1.06412
1.54994  1.33867  -7.20696
-4.5404  1.12044  -2.22546
0.729301  -0.619814  3.52452
-0.148919  0.320856  -1.91995
1.028  -1.12731  4.31019
0.756789  0.579543  -2.40608
-0.0972006  0.549951  -2.92667
3.95271  5.25261  2.67813
-0.687025  1.48787  4.75666
0.739128  0.703193  1.46563
0.000821853  0.479335  -3.21793
0.411399  0.891379  3.58304
4.62971  3.66409  1.33347
-3.5116  1.49558  1.00532
2.88419  -4.18706  2.66089
-0.00160857  0.0304729  3.55959
-0.503528  -0.641691  -6.35732
2.4227  0.683854  -2.08106
-1.9289  -3.12091  -0.370044
-2.12054  -2.57269  1.53134
0.0447921  1.00053  -0.0932933
-2.15633  0.417719  -2.11912
3.83306  3.65217  -0.345151
-1.97237  -2.00576  -1.08193
0.925744  -2.31966  0.476417
-2.58312  2.05794  -3.24856
0.858246  -1.50472  9.05599
-1.48232  0.0983399  -0.35229
1.19428  -0.0590537  -6.16829
-0.161212  0.709165  -3.04509
2.47794  -1.20227  -4.94119
2.52026  -8.18864  -1.19107
-0.549587  6.29632  -1.45896
1.04007  0.798524  -2.4085
0.131039  0.443233  -1.94538
-6.1564  1.77537  -6.18945
-2.05232  0.144729  0.344908
0.521476  -0.106792  -2.21294
-4.44054  -1.19187  -1.65445
2.07407  0.673213  -0.664748
-1.71605  2.64641  1.58012
-2.98997  1.83666  0.63647
2.4703  0.264878  4.08138
0.671552  0.578003  -2.77995
0.0780428  -0.148156  5.83202
1.12529  -1.60594  0.646137
3.02787  -1.14085  -3.34457
-2.23887  4.22972  -2.34067
-2.12879  0.186399  2.81822
4.66722  5.11361  1.50897
1.08004  2.15935  -1.6447
3.36504  3.93893  -1.46238
-4.96149  -0.388464  -2.83827
-0.107524  0.680774  2.00621
-0.412491  -1.25657  7.69619
-1.82321  1.21675  1.34432
0.0909291  -0.811053  6.28912
0.647754  2.90935  -4.65352
-0.390387  -2.0788  -2.63621
0.52823  -1.86594  1.16139
-0.979809  -6.70998  -1.02208
-1.84525  5.3472  -2.6875
-0.577499  2.51114  -1.5192
2.66609  -2.63006  -1.62575
3.47683  1.42884  -4.3202
-0.0522877  0.012579  2.05175
-1.57128  -1.08111  2.05363
2.65353  -1.84689  -1.0494
-0.235809  -0.816181  2.39866
0.162595  0.265413  0.496795
-4.82107  -0.092143  1.48749
-0.970392  0.343643  -0.226243
-0.867906  0.740977  1.00094
3.85068  1.4022  -2.26913
1.11376  -0.0756528  3.16339
-0.240669  -0.357041  -0.841703
-5.28819  0.310427  -4.27486
-0.648183  0.566381  -6.56317
-2.63071  -1.64311  -3.66982
-3.28351  -1.03776  3.19759
-0.353948  2.78387  -1.44004
0.0251486  -0.0210295  0.935854
-1.06876  -0.896108  -3.11616
2.00828  -0.325917  -2.66391
3.07358  -0.575442  2.03599
-0.242563  -1.31839  2.92189
-0.755478  -2.6486  0.229086
-0.0628025  -1.78277  3.08512
0.767806  -1.44269  5.41458
0.733532  2.32161  -3.35058
-1.57079  -2.14671  -4.10676
-0.931248  -0.196969  -1.97265
1.11765  -2.56559  5.94073
1.11619  -0.643424  -4.94533
2.15367  4.6267  1.58328
3.80401  1.37381  0.440158
-4.65768  0.688584  0.733745
-0.30648  0.68643  -4.25344
-0.079629  -0.950904  3.3757
-2.69303  1.85557  2.51665
-5.30751  2.57354  -4.49421
0.503667  1.08504  2.88747
-0.441549  1.63854  3.79262
0.145743  1.0117  -4.27099
-0.387318  -2.46583  6.31983
1.28641  -0.539698  0.318633
-0.823824  3.64043  1.55064
-3.74747  -0.34939  0.356348
-0.71387  0.599465  2.8444
-5.38445  -0.170962  1.1763
3.93593  -2.97206  -1.09417
3.10705  0.398113  -0.599692
-5.80528  -0.165208  2.43334
-3.0652  0.758428  1.77337
-1.35526  -1.41343  2.06917
1.6789  -0.563309  -3.93436
0.765127  -0.0462413  4.27397
0.554825  1.41192  3.52656
4.61448  1.64621  3.99415
-3.3242  2.35131  1.07771
1.5892  -2.30214  -3.37589
1.3404  1.95662  1.31555
0.401238  -1.03715  2.53519
0.231469  2.08318  -1.2325
2.01405  1.4783  3.49428
0.535309  -4.97164  -4.62055
-0.0125098  0.0405277  -6.2443
-0.997568  1.04188  -1.828
2.28186  2.26668  -4.4912
1.05184  0.294221  -1.88635
-0.989741  -2.93959  -3.15704
0.009182  -0.0234926  -0.989508
3.50594  3.34232  -3.26311
0.00342781  -0.000631806  -3.80726
-1.09059  0.623454  2.03935
2.53931  -0.729465  1.11376
-0.73626  -3.009  2.84542
-1.73755  1.34624  6.11219
0.632438  -3.42161  -0.225029
-0.866385  -4.26943  -1.84433
-1.59377  1.8097  -6.08298
1.35933  -1.31396  0.0879273
-0.656721  4.60196  -2.6046
-1.60972  0.362536  1.6579
2.74526  1.55858  1.0584
3.06389  4.20823  -0.133363
-3.85741  -0.000996177  -4.6775
-0.26759  0.0524484  -2.1126
3.26417  -0.863304  -1.35204
0.196382  -0.645907  0.128373
1.77104  -4.22333  1.87682
-1.74417  -2.10035  -2.77256
4.06717  -4.77171  -0.493518
0.373698  0.109998  3.54985
-2.74967  -4.47235  -2.49933
-2.07503  -0.279277  -2.28214
0.00277228  0.402149  4.69778
-1.29208  -3.24842  1.14814
-1.47663  -1.98576  -0.167108
2.42956  -1.36581  5.28437
-1.81481  -2.9676  -3.07485
-1.32383  -0.0908805  6.08603
1.99928  0.348577  3.61884
0.0863281  -0.398828  -6.52015
-0.254394  0.13925  -6.7448
-2.73785  3.20489  -1.095
-1.85442  3.21084  4.11403
0.00179778  -0.0336679  4.83247
0.903742  0.214041  1.31533
1.33131  -2.18395  -3.61633
-5.08785  -2.30677  -4.03944
-0.349088  -2.34319  1.12919
0.112759  -2.41899  -3.72853
-3.88897  6.29172  1.99327
-3.80615  -1.81163  1.28738
1.8383  2.11353  2.68725
-1.33563  2.62392  3.26963
-1.87279  1.43325  -1.17352
-1.99998  -2.05295  1.43313
-1.35719  2.17677  4.04316
0.0316806  -0.463326  3.09753
-0.573694  2.92176  -2.18121
-0.237874  -0.790316  2.7063
-0.0777256  0.303351  2.52033
1.31512  -1.97764  -2.23703
-1.60627  0.638765  4.09847
-5.56474  0.509507  1.60167
0.205563  1.46391  2.5687
-3.44523  -1.96322  4.14677
-2.72585  -3.67992  -0.962025
0.564043  -1.15111  2.45568
-2.21768  1.91862  -3.65084
-0.86673  0.397429  1.90902
-4.62915  0.00410961  -5.68688
0.480493  -0.115399  2.6513
1.13343  0.890932  -2.59509
-2.18263  -0.558038  -1.90403
1.53553  -3.39657  1.38337
-3.53478  1.76674  4.12149
1.29517  -0.132384  3.7075
0.307327  3.15454  2.80081
-1.33073  -2.86416  0.773461
-2.41738  -1.52926  -2.36658
0.99697  -0.236746  -3.46892
-2.19388  0.354789  3.6991
-1.26284  2.46531  -1.01127
-3.4762  2.66079  3.2441
-3.08443  1.12261  -2.57643
-1.15455  0.0409785  -1.92024
0.445965  -0.386978  -3.34004
1.38755  -6.61769  0.922473
0.019986  0.0426058  -1.93941
-2.87319  2.72676  2.46637
-0.036184  -0.0159396  -5.63578
2.06052  1.60374  -3.72494
2.76944  1.4116  -0.490607
3.78843  -0.639695  2.11525
2.43518  0.960917  -2.7151
-2.14743  -3.59872  -0.842473
-0.0364853  -0.39537  5.55562
-1.57673  -1.76898  5.08313
-0.749687  0.319661  4.22206
0.0641402  -0.450117  4.78432
0.652874  -0.812229  -2.63925
1.22095  -2.41111  2.43016
-0.47732  -2.86448  -2.79668
-0.393639  -4.55725  -1.6063
0.821423  -0.38509  -2.91349
1.53208  -1.0886  4.95275
2.00759  -1.08992  0.0267819
0.0516253  0.0153849  2.4697
-0.0370895  0.0533072  -4.99641
0.00277966  -0.265991  4.34269
-1.57323  -0.898955  0.547697
-3.22458  1.53536  0.964546
-2.26631  -0.814207  1.54981
-0.456838  0.436218  3.12876
0.0790305  0.0526767  -3.26599
0.882692  -0.927697  2.48991
-0.422468  0.238927  -3.14924
-1.02304  -2.8605  -2.14434
-0.504703  1.45488  3.22499
4.82904  1.42656  1.09862
-1.75927  -0.536021  2.04204
-0.13382  -1.04042  -6.28963
5.44804  -1.60741  0.574597
-2.58416  0.598587  -3.12039
0.442221  -1.51464  1.1382
-0.597929  -2.19374  2.83018
-1.37178  -1.48815  0.817319
-0.610517  -1.72324  3.9846
1.02281  3.1705  5.02444
0.237425  0.48167  2.25288
0.849543  5.51747  4.22161
0.0249315  0.831475  5.45645
-0.166862  -4.28356  -2.07955
0.036871  -0.162215  -0.880535
-0.475886  0.493014  4.61217
-0.202352  1.04929  -1.82374
0.168182  -0.92307  -3.61919
-0.117123  0.100458  4.92907
0.857137  -3.75704  -3.46294
1.7255  0.375533  -3.49117
3.13999  1.39112  -0.89226
2.65758  -0.704777  -2.61059
4.20596  -4.01585  -4.16525
2.55441  -2.27454  -1.80481
-0.180895  -1.36538  5.43416
-0.397022  0.407556  2.9166
0.413357  0.339699  -3.7359
-5.07693  -3.61548  -2.4258
-0.606827  -0.234589  -1.31012
4.53277  -3.28312  2.13378
0.163379  0.738488  -3.42905
0.565814  -0.777201  1.50904
0.0240818  0.0614029  -3.51671
-0.406056  -2.79663  3.06058
0.171522  0.106236  -2.69485
-4.33084  -1.62477  -4.96181
-2.83845  -0.0519703  5.37676
1.91605  -2.55257  -0.159215
3.61506  6.61686  2.94173
-2.37957  0.601315  -2.25731
0.451253  -1.44993  -4.6464
1.85241  -2.41383  -5.27735
-1.18485  0.371295  -4.15197
0.275328  -4.05554  0.608975
0.0782859  -0.129158  4.63052
1.47124  -0.56891  -0.873787
0.252326  -0.389043  2.80921
1.57665  0.469936  -2.14074
0.513614  0.0937965  5.16159
3.1874  0.166415  -3.69349
-1.82679  -0.400069  4.85622
-0.722143  5.2783  -1.11068
0.459378  0.257417  4.482
-1.64933  0.922713  4.59846
1.19415  -1.4285  1.84201
1.21117  1.69289  -5.22981
-0.640858  -2.70296  -1.51397
-0.152896  -0.0676976  9.97049
-2.85418  0.771136  5.19783
0.657283  1.28991  0.873905
2.17623  -0.162343  1.64142
-0.167891  0.241131  0.768283
2.04296  -1.3383  -4.12149
2.89566  -3.42019  1.56736
0.42821  0.735184  -4.2046
1.29768  0.453013  -3.17937
-2.65941  1.14015  -2.10744
-0.342812  -4.39098  2.69717
-3.88795  1.28447  -0.21669
0.215567  -1.84237  3.4659
2.08525  0.477767  1.45353
1.33911  -0.26532  -5.29615
1.35136  -0.68815  -1.50505
2.69483  -1.6302  -0.349811
2.07608  -2.43582  1.23195
-0.654668  -1.34206  5.23724
0.269277  0.919974  -1.88844
-0.203119  -0.433135  6.18582
-0.50438  0.28781  1.57592
5.82824  1.84643  -0.811845
-1.76976  1.09007  -0.558327
-0.197245  0.911883  2.80279
-2.11416  1.0377  -4.5399
-0.258603  0.295171  5.80024
0.599603  1.23222  -3.35585
0.342616  0.814509  1.98955
2.07412  0.713672  2.75969
0.811332  -0.194431  1.56978
-0.1341  -0.343149  -5.26938
-0.60796  0.727227  -2.30843
1.61333  -0.367136  -0.27831
-0.533465  0.369781  5.32793
1.57534  0.660165  2.90756
-0.190555  0.951714  3.60381
-1.54868  -1.56364  0.13409
2.58595  1.10289  1.65927
-0.669475  0.301953  6.13865
5.60416  -4.90467  3.85181
-1.0436  1.11738  -3.24768
-0.0617167  -0.728035  0.730262
-3.2433  2.9279  -0.656783
0.0160811  -0.226905  -0.924054
3.77646  2.03515  0.876179
-4.03082  2.43017  -3.98999
-4.17628  -3.02643  -5.82703
-1.57536  3.21977  -4.18285
1.58966  -3.79985  -0.842115
-0.377501  -3.57641  -3.09018
0.643512  -1.63447  -4.28711
-0.157026  0.197654  5.45737
-3.02982  4.45864  1.10823
-5.17008  0.873494  1.32856
0.257877  -2.14147  -2.56694
-1.41759  -1.65982  1.03603
-1.99785  -1.63223  5.54373
-0.892137  -2.10254  0.954115
-0.0300891  0.0984402  -4.17359
-4.31185  2.09488  0.799557
1.15032  2.13094  0.995229
1.44022  1.86288  -4.33696
-3.08643  -2.76072  -4.72759
-0.708522  1.19432  0.141505
0.897046  2.42585  0.584918
-0.352816  0.971869  4.73153
0.047274  0.0272383  5.2248
-4.79908  1.94264  -2.89458
1.55251  0.895654  0.411368
0.184979  0.648006  -2.37931
-0.152231  1.14228  -2.30364
2.17155  -0.122987  -4.05377
0.286119  1.37247  -3.54457
1.44724  -1.49793  -1.29561
1.92107  1.90956  -0.123484
2.13997  -1.76173  2.01012
1.91713  2.37621  2.28128
0.275555  0.12289  2.68376
-2.35264  -0.0489589  -2.47603
2.21545  5.32982  1.83573
-2.41915  0.454179  -1.75242
-1.63389  -5.05713  0.121483
2.77265  4.07964  -0.839458
2.31553  -0.2653  4.99164
2.90542  0.968186  3.29681
1.70676  1.09266  3.03112
3.87154  0.759631  2.46433
0.263868  0.855619  3.41474
0.107959  -1.96052  1.98675
0.0972774  -1.22359  5.13747
-0.392667  0.392996  -1.44649
3.13174  6.55013  -3.78613
-0.65222  -1.60714  -0.092103
-0.737602  4.65997  4.84464
-2.12708  -2.84295  5.15617
2.54464  -2.13505  0.395407
1.7786  -0.51659  4.7549
-3.12684  -5.8511  -1.90841
-0.103363  -0.750127  2.10308
-1.31534  1.85205  -1.1912
1.73808  -2.68916  -3.8557
3.84625  2.85701  0.930905
-1.3431  -0.174328  -3.18889
2.75451  2.59589  2.67665
-2.24727  2.14453  2.58133
0.448005  0.731853  -2.22653
-5.52652  -1.26879  -5.80206
-0.465105  3.58333  1.96298
-1.57486  -0.963418  2.16766
-2.43462  1.40875  -0.40508
2.989  0.146869  3.28581
-2.55162  3.35972  2.95696
0.0783016  -0.0610786  -0.846453
0.14501  0.071417  2.03218
-2.54856  -5.32865  -2.3984
-2.08872  1.47436  0.646868
4.53653  -5.48131  -0.454821
-3.76086  3.0139  -0.0583817
1.9733  -5.18011  2.1831
-1.98299  -3.11927  -0.148249
-1.83725  1.41278  3.48874
2.39049  -0.941164  -4.11797
0.550054  0.917466  -4.90021
1.70261  2.54451  3.92535
0.124535  -3.10711  -3.13751
3.68917  -0.312097  -0.860113
1.35678  -1.30546  -2.05866
-1.12637  -7.7451  4.30446
-1.27335  1.44048  -2.21751
-2.06876  1.59618  -3.59285
0.068742  0.372653  2.71087
-1.96597  -0.843845  -2.89815
-0.467077  1.39445  5.65365
-0.43893  0.108067  -3.32629
-0.334522  0.0643243  0.952128
-0.774748  2.6045  6.77253
1.281  -0.471174  -3.03398
0.35525  -1.16725  1.32975
-1.94739  0.67126  5.83923
0.488332  -0.595069  -5.19415
-0.973248  -0.159328  1.32608
2.43873  -0.501282  -4.73596
1.06353  2.49557  0.844877
1.59598  3.20813  -2.51411
-4.48713  0.152322  -0.726921
-2.39721  -1.63581  -0.667295
-3.15574  3.38076  -3.71866
0.777431  -2.58069  4.90882
2.77859  2.50722  -2.22866
0.610242  -3.1633  3.06077
-3.45696  3.26257  -1.32613
-1.20731  0.375268  5.16968
-0.882839  2.125  1.425
-2.63525  1.21074  2.9173
1.04158  3.36495  -3.74723
4.4226  -1.03584  3.50451
2.37394  2.75365  -3.16591
0.206231  0.22506  -1.38855
-2.56636  -2.59454  2.2736
1.14575  -1.16402  1.12148
1.16155  -1.08513  3.99759
1.34587  -2.24232  0.255144
-1.90197  -1.99689  2.75885
2.66608  -1.44615  -1.34208
1.3657  -1.11897  -1.7186
-1.31202  2.30656  -1.94366
0.759503  -4.33951  3.87521
-1.46649  -0.981381  -2.19332
0.595769  0.126919  2.09067
0.293692  -0.403792  6.26405
-1.30531  2.95783  3.53898
1.48756  -0.34549  -2.30063
-0.257517  -7.56521  1.12808
0.145859  -0.90051  2.94477
-6.76925  4.65678  3.54165
-4.74806  0.271135  -2.41
3.42848  3.15296  3.74348
-2.83463  -0.623217  1.7541
2.79727  -0.726451  -2.83993
-4.22473  0.187925  0.597223
1.51294  2.27421  -5.37393
1.76022  1.66694  -3.96266
-0.597202  -0.491433  -3.68491
1.51074  0.233366  -1.221
-0.314485  -4.9248  -2.37905
0.981702  -0.938017  -3.26277
-0.174771  -0.425259  2.58659
-2.98148  -0.166992  -5.52603
2.00625  -0.82476  0.46683
0.569402  -1.64692  1.40091
0.475244  -0.210068  0.281373
-2.47375  -2.52174  2.67142
-0.512847  -0.486814  4.2814
0.621005  -1.93957  3.67784
-5.51579  -4.94439  -1.91227
-1.21194  0.563513  1.02173
1.36307  1.23996  -2.12871
-1.16131  -4.19671  -0.709313
-0.303164  3.01848  -2.62519
-1.51802  1.61542  -1.97205
-0.0254517  -0.019974  1.78092
2.99532  1.2248  3.2631
1.57039  1.01017  1.41262
-0.92693  -6.19615  -1.41453
0.362679  -0.466689  6.49188
-3.47325  3.65601  -0.466208
1.02443  -2.06661  -2.95259
0.0223992  -0.0348076  -5.16644
2.96655  4.57368  0.967322
4.31841  0.670561  -2.06183
1.05795  -0.47718  -1.3566
-3.14502  -0.9702  0.465797
0.808288  0.0337819  5.10356
0.714502  -4.15493  4.09432
4.59948  -0.403222  4.00451
-0.438343  2.43375  4.96238
-1.45725  1.11818  -0.546079
1.62766  -1.42006  1.18627
4.50007  -2.82336  0.220257
-4.30338  -0.426187  -1.59059
0.506095  0.623917  -0.888291
-1.27191  -0.456741  -3.63268
0.305824  -0.272773  -3.68841
-3.12025  2.01112  1.25959
0.129886  0.0300596  0.992481
1.12872  -2.51073  0.584543
0.386661  -0.325456  -5.13283
5.34002  0.633712  2.43079
-0.809742  -0.755827  -3.24503
0.60939  1.07421  -1.65466
6.75791  -2.52638  -2.48545
0.654575  1.91529  0.345173
1.02879  -4.42296  2.51701
0.539005  -1.04636  4.38839
-0.662261  -1.86157  -1.40911
-1.51762  0.357698  0.848162
0.464431  3.34588  -6.01567
0.0832177  -0.246002  4.57998
-0.465716  0.279769  1.47794
0.984444  1.44142  2.23873
-1.91049  -2.43736  0.489496
-0.454416  0.254076  -5.87686
-1.53944  2.53932  -0.30744
-4.00601  1.94284  0.883308
0.0657069  0.633913  -4.60868
-4.59322  -1.88111  -1.54414
1.64343  0.446696  2.74759
-2.66844  -0.26103  -2.84533
0.532307  -0.806341  -1.61761
-8.108  -1.32633  4.47556
-0.823737  -1.82872  -0.24356
-0.0774357  0.0768517  -3.14615
1.45028  0.0637921  -5.03749
1.82454  0.263421  2.95551
-3.33292  2.81724  1.10736
1.78351  -1.87546  4.1512
0.121778  0.166136  2.01006
-2.7782  -1.20939  2.35246
-0.180778  -1.27128  0.0562377
-0.0524888  0.0198987  -2.73862
-0.79856  -0.503137  -7.68089
0.0371963  0.0436646  4.35495
0.123942  -1.44223  -0.635716
-2.45102  0.623867  -1.32111
6.06005  -0.211459  -2.10822
0.0809524  0.104327  -3.03043
4.20478  -0.663131  -2.64715
-3.45988  -2.12863  -0.262949
-0.0582035  -0.172091  -3.2273
-0.992934  0.693182  -0.43856
0.274447  -1.1258  4.16334
2.21197  2.04895  2.59155
-0.545386  -0.231396  -2.97283
-0.860157  0.448852  -0.634089
-1.5604  -3.19712  2.73491
-0.0229448  1.48339  -3.30736
1.87887  -2.00145  2.4632
0.889079  -0.655078  0.396941
4.36396  1.22009  -2.02232
0.21524  3.46469  1.64326
-0.432104  0.632341  6.41257
-1.08736  -4.85433  1.878
1.94377  -1.30899  1.48191
-1.04573  3.04728  2.29907
3.06141  -1.85463  -1.21003
-1.48255  -3.75657  -3.04442
4.16363  -0.536188  -3.07769
-0.819912  -0.975446  -1.86353
-6.25032  0.261411  -0.859851
0.451658  -0.765247  4.48885
1.83891  -0.893881  3.43064
-0.945862  0.38624  3.6304
-3.16869  0.451229  -4.34654
-4.08668  1.8737  2.52266
-1.9754  -5.65382  -0.393351
-2.39739  -0.926858  -1.53873
0.42649  0.15903  3.43714
-2.67795  3.13863  3.55433
-0.376496  -0.195882  -3.58366
-1.58147  -0.699109  -0.986503
-1.53247  1.61867  0.0724052
0.541611  1.3943  1.43664
2.60956  1.13919  1.44784
1.32538  -1.04495  -2.84946
2.20269  -1.77625  -0.529261
-0.238186  -1.87969  -1.6557
1.365  -3.10473  -5.34351
-0.973273  -0.890583  2.25916
-3.4813  -0.119756  2.64266
0.278321  -0.651138  4.51459
-0.311075  -1.70209  2.35071
0.0932628  2.42615  1.02359
-1.44908  -1.90854  -2.86051
-0.190418  -3.19054  -1.10898
-0.189859  1.40753  1.68428
-0.57976  -2.42569  1.73232
-1.82361  -0.764495  -0.9456
1.80428  -0.0879247  -5.78719
-0.584737  -5.61257  -2.41437
0.572876  1.38417  -4.00215
-1.14047  -1.00032  -0.630996
-1.00621  0.359037  -4.02855
3.52771  2.10798  0.911545
-0.0843065  -0.510104  2.56157
3.92192  3.36756  -1.52291
1.86029  -6.68906  -0.837669
1.1511  -0.718174  -2.36396
-0.201041  -0.171017  2.25696
-1.25345  -1.58206  -0.371031
0.411376  -2.09471  1.06501
-0.581675  -0.909676  -3.93241
-2.83278  -1.05394  0.0614968
-2.17755  1.64101  3.24097
3.90507  -5.28199  -1.01795
-0.901834  0.390719  2.25765
0.027702  -0.71464  5.82773
0.20634  -0.0580488  1.36649
-3.82308  0.481817  5.24734
-0.0394127  0.416567  3.14692
-1.78746  -1.98367  3.58024
-0.169982  -3.46486  1.39961
1.45024  5.97172  1.44589
-0.764307  0.178417  -0.410584
0.70652  2.84704  -4.76224
0.347264  0.702858  2.24677
0.0932525  0.0127134  -3.81535
-2.79776  0.252515  -4.97637
5.55808  2.16247  -1.49645
0.706762  0.726504  -2.62952
1.24932  0.106915  -4.33507
4.48191  -1.47979  -0.933044
-1.7671  -1.49302  -2.61993
0.786236  -0.142972  -2.61511
1.12828  -0.384904  4.02311
-1.44154  4.88422  5.5479
-4.10548  -3.58833  -1.41733
0.555631  0.0258301  4.65261
-0.472667  -1.22279  -2.1606
-1.70088  -2.36188  0.266881
-0.780498  -0.414874  -2.79738
1.53156  -1.19215  -3.2268
-2.6088  -4.35194  -1.63671
1.83795  3.75629  1.64956
-0.467102  5.57806  -4.72351
-2.31543  -2.57644  2.4383
2.09189  -2.31666  2.63411
1.78373  0.538179  -0.495442
-3.50528  0.257527  0.237281
-0.164031  -0.0774912  3.20316
-0.0879994  3.18693  0.649751
2.43155  0.259991  -5.45789
1.83124  -1.26492  -5.08656
-0.0391755  -0.109057  1.51207
-6.28579  0.188011  -1.93653
-1.96101  0.0287222  1.03225
0.361032  0.691457  3.34149
-2.116  -3.98565  1.58628
0.169279  -1.1733  -2.11627
-2.30403  -0.921877  -4.86661
0.197707  0.289614  3.07856
-0.28923  0.692288  1.07427
0.0166222  -0.0978216  1.4627
-3.02784  -0.00196189  1.42919
-1.40196  1.35636  1.77369
-0.422854  -1.33328  6.22589
5.43506  -2.30095  -2.59873
-1.39719  -0.00646125  -1.1417
-0.0083697  -0.175605  -0.319919
-3.04013  1.31233  4.68487
-3.006  -0.804734  3.36297
-0.341133  0.851273  -4.28007
-1.60194  3.13364  -2.82038
-0.113246  -0.0387842  -2.23684
0.0937975  -0.163534  0.592756
1.61101  1.80706  6.52492
-0.0405932  0.108148  -2.95143
2.56504  0.14695  0.430928
0.0844821  -0.226908  0.896812
-1.87683  2.6158  -0.093189
-1.62012  -0.884783  2.82264
0.252335  -0.569507  3.919
0.429497  -3.72963  -0.186717
-2.53828  3.23551  2.66233
-3.11324  -0.254186  -0.104722
-0.0165285  -1.574  -2.04274
-0.117969  -0.710929  4.16025
0.0714591  -0.576048  3.0963
0.385356  0.104046  2.57025
1.79463  2.37647  1.86168
-1.87589  0.808312  -4.92485
1.55497  -1.82296  1.96731
-0.662551  -4.82488  -4.64287
0.639844  -1.23017  -3.24641
-2.3307  2.16895  -0.351559
-0.21532  -1.1047  1.83163
0.0659534  0.426131  -3.43717
-2.42151  0.366511  -0.276174
0.036241  -0.0480417  -3.0935
-2.67331  -0.0752086  -4.58652
-4.13788  -4.03427  2.59131
-2.45538  1.34138  2.74901
-0.915674  2.23867  1.26307
-2.59881  1.99364  4.81752
-3.91546  -0.301297  1.94276
0.692618  5.12406  -0.701303
0.317328  -0.631714  -4.24481
-0.728988  -1.83671  6.72155
1.92545  -0.461949  -0.328739
1.63571  1.0006  -0.0976728
-1.821  -4.73679  2.72291
-0.824706  2.35943  -3.5979
-0.721711  1.09898  -4.93663
1.14513  -0.717102  -1.62917
-2.91462  -2.4602  5.41459
-3.98086  -1.61002  1.16846
-1.31479  -2.33012  2.94851
-0.208044  -0.116715  -4.11997
0.114715  0.213908  -3.86428
-0.164192  0.282484  -4.5581
-3.67585  -0.467481  -2.41539
-3.17002  -3.4336  -0.928239
-1.58001  -2.2763  1.47582
2.60926  -1.98253  2.06213
3.7366  -6.10483  -2.72919
0.149582  -0.0392106  -3.06704
0.749732  -2.86737  -0.270794
-4.5006  1.58364  4.40435
1.20729  0.328858  2.81395
-0.983393  1.82869  1.00019
0.657221  -4.60937  -2.44469
1.04026  -0.877675  -3.76911
1.12021  -1.17377  0.3054
-5.97719  3.24641  0.646654
-0.481562  0.166395  3.75388
-0.330146  -2.2507  -2.34163
-0.316902  0.707512  -7.49297
-1.40428  3.45737  1.78229
-0.24649  -0.518601  -6.16805
-3.13227  -1.89001  4.77815
2.14103  5.60831  -0.317133
5.13434  1.51979  -0.772463
0.0623121  -0.162365  -3.18964
2.36072  2.10367  0.0799447
0.897317  -1.25049  -3.03595
-6.37329  -0.182221  1.12572
-4.02695  6.90118  -3.21016
1.54577  0.638938  0.584379
1.43213  -1.66961  2.92296
0.0393024  3.66341  0.193617
0.225804  2.94048  2.00573
-0.0381202  0.221935  -2.87418
-1.8247  3.16288  -0.635213
-1.43316  -0.229553  -0.414158
0.0389116  -0.129456  3.39561
-2.02804  -0.379812  5.63721
-0.170276  -0.258479  -8.51159
5.79883  -1.06502  -1.42072
6.25333  2.81035  0.74354
-0.51645  1.16799  4.55898
-0.938244  -0.187001  -3.55335
-0.682828  -0.165688  -1.11343
0.308254  1.33249  -3.0387
3.53868  1.68504  -1.27714
1.00056  0.578753  4.70659
-3.57794  3.09315  3.02191
-0.265342  0.9322  0.609705
1.47368  -1.45365  -1.16882
-0.075093  5.70355  -2.41356
-2.19605  -2.65731  1.10376
-0.409007  -0.0336167  2.66882
1.43599  0.339945  2.50338
-0.0302698  -0.928619  1.56719
-0.102613  -0.117809  6.14768
2.14605  1.45895  -3.87148
-0.152174  -1.1102  -7.40838
0.376488  -2.5843  -1.09462
-1.23215  0.064205  1.11417
0.114252  -0.127197  -4.13387
3.10346  1.30837  -0.66932
0.0857689  -0.0790675  -0.735583
-0.718866  5.36438  0.856458
2.24372  1.94484  4.82494
0.760163  -2.19694  4.66019
-2.89505  -0.913724  1.36203
-3.20445  1.91352  0.674402
-0.441973  -0.378169  2.96277
0.669069  5.90767  0.916405
-4.53885  1.1834  2.25316
1.08631  1.96117  -5.09306
0.504911  -1.06912  -0.204184
0.441273  0.94964  -3.14904
2.04118  3.40345  -1.197
-6.81301  -3.7504  -4.68162
0.0375944  0.395788  4.13713
3.06144  -0.378299  -1.49425
1.98115  1.32163  6.21997
-0.455944  1.68762  1.73027
-1.79999  1.32644  2.93372
-0.756907  -0.374062  2.74401
-0.775205  -0.189259  -4.80182
0.33391  0.019514  -8.42903
-2.04164  0.82776  4.29854
-2.65199  -0.136945  2.80406
1.56309  1.28236  -6.0986
-4.13303  1.27045  -2.70048
-0.878895  -0.451427  -4.39243
-4.4196  -0.637967  -1.98766
-0.630671  1.72488  -1.71963
0.202276  -1.59851  4.80916
-0.180789  -8.19966  -1.05488
-0.577623  -0.874684  -1.05127
0.761964  0.0100539  -1.38739
0.25167  0.077279  -1.63257
2.86793  0.816055  0.958238
-2.33685  3.27635  -1.6002
-2.13715  -1.71976  -0.72486
-0.5706  -5.31703  2.55966
-0.179335  -0.128989  1.50013
1.59666  -0.578893  1.79501
1.82149  -1.01781  -1.60374
-1.47982  -1.74724  0.766471
5.31799  1.03124  0.0949877
0.0433921  0.429009  0.778689
-0.132147  1.51151  0.857415
0.00863748  -0.00842414  0.962497
0.00218186  -0.0779159  2.39158
4.03474  -5.51729  -0.735081
-3.94078  0.417315  -4.1295
1.21574  1.85282  -6.67097
-3.05958  -0.35486  -0.265099
1.27605  1.04971  -0.0321179
1.26407  -1.45056  4.59516
0.807063  1.5303  -3.2075
4.41191  2.56236  0.590498
0.599355  1.12192  3.29089
-0.0305963  -0.00281073  3.69952
-1.77928  0.0328427  -2.61979
1.86273  -0.342693  -0.269943
2.1557  -1.99052  -2.60355
-0.248136  -2.62666  2.90093
0.0541523  1.83062  -1.92984
-1.27576  4.67166  0.160336
0.033829  1.35267  4.35992
1.38549  -0.0549049  -1.63007
-1.9429  5.62097  1.85828
4.32166  -2.75072  -0.194401
-2.44231  -2.88863  1.0665
-0.12776  4.00724  -4.66067
0.211302  2.62028  -3.8958
2.49433  -1.20347  1.53599
-1.22857  1.89725  0.663584
0.64436  3.28498  0.605573
4.26555  -0.319578  -7.69583
-0.540698  -0.252529  0.876827
-1.26722  0.64429  -3.26921
-1.78587  -1.84897  1.81209
0.561457  -1.97817  -1.21987
0.0829301  -0.810973  -3.18292
-0.113102  -0.319355  2.67942
-2.87546  1.06315  -3.26291
-0.00313532  0.0225492  -6.00856
-4.26034  2.65436  2.48997
0.417239  0.429442  -2.06778
-0.105  -0.576673  -0.337745
5.64887  0.184914  2.5629
0.413944  -2.77218  -1.42582
1.11301  0.734361  0.697111
0.045944  0.106514  -5.10161
0.225472  0.503404  2.12276
1.9693  -0.634975  -2.13154
3.36364  1.31414  -1.27606
-0.332736  1.8349  -0.467083
-2.92499  0.0310423  -5.8908
0.259196  -0.20545  2.33607
0.6004  -1.67811  2.55057
1.21175  3.23335  1.94139
-0.140031  -0.356209  1.55813
5.85438  -0.480918  -1.99577
-0.437167  3.35101  -5.24032
2.03006  4.47122  -3.76691
-1.23915  1.53521  1.67588
-0.487571  -0.472614  -4.85411
4.5645  -1.53009  0.748469
-1.26885  -0.257172  -1.87583
-1.58169  -0.654419  3.90491
-0.179874  -2.75422  0.154644
7.48941  2.98185  -3.24198
-0.401481  0.06357  7.11277
2.68795  1.12211  -0.54252
0.0290509  -1.67864  0.736971
-0.208792  -0.723746  -1.70565
0.615157  -0.224541  -3.80056
-1.70259  -0.552497  0.608539
0.209672  0.894817  -4.189
-2.56357  -3.08079  -6.34121
3.15822  2.18839  1.30829
-0.0196657  0.0266094  -4.43254
-5.30687  1.77872  -4.5996
-1.35351  -0.228962  0.998556
-0.270765  0.12468  -4.82384
-0.384592  0.0922327  1.37571
-0.679262  -2.70338  4.68163
1.94767  4.84015  -0.375063
1.33815  0.751707  2.32336
-6.4499  -2.28389  6.75466
1.82628  1.70803  -4.35882
0.376434  -1.98012  1.89917
-0.403785  -0.595356  3.53094
1.18888  -0.0356603  0.704224
0.802539  1.11085  -3.12682
-0.278086  3.14101  -1.42104
-2.49382  -2.73705  3.77639
7.94962  -1.73351  -3.08471
1.23054  -0.725999  5.49832
6.68528  2.7092  0.169998
-0.799359  -0.450018  0.480227
-3.93232  -0.432318  -0.29656
3.36132  1.0147  2.68088
-1.72808  0.237571  -1.32292
0.31364  -0.0834954  0.762347
0.553788  -0.13357  5.57389
-0.204138  0.757739  3.12696
1.53397  1.90837  -2.33178
0.62903  0.306062  -4.16502
0.458324  -1.04916  2.48409
0.266597  -1.89528  2.27694
-1.37434  0.267853  5.48168
-0.527177  -1.46295  0.480337
-3.28227  0.29862  0.680432
3.79125  -1.85157  -1.52082
4.30151  -1.20273  -0.662013
6.21324  2.95505  -0.201096
1.27922  -3.79622  0.3275
0.591148  1.2681  3.62272
0.0893182  3.11358  2.57708
-0.397358  0.960936  2.22493
0.481789  2.32155  3.10136
2.26562  -0.736149  -0.809658
-4.61224  -1.54101  2.29435
-0.170128  0.00305138  2.45004
0.0811483  2.37717  1.05718
-2.56204  0.895669  2.4021
-0.768928  -1.48649  -1.33162
0.266347  0.362408  0.944756
0.00889447  -0.91418  1.66813
-0.115939  -0.412791  1.74191
-1.68581  -1.01313  -1.50745
0.429574  0.946493  -1.2332
3.99985  -3.12709  1.86666
-1.98883  -3.50408  1.8534
-1.35987  -0.0164875  2.89411
-0.0778771  0.110665  -2.17736
-1.59124  -0.934725  -1.52049
2.90568  1.57462  2.4395
-0.780841  1.66841  4.0509
-4.18413  -0.0715162  -1.02114
1.59481  -2.32868  -0.577445
-0.100799  0.563512  -3.55608
3.5953  2.30142  -0.26311
-1.64988  -3.45968  0.890965
-1.28346  -0.0332615  -2.37359
-2.25358  -0.737352  0.890881
0.0895906  0.146563  0.589544
-3.14513  0.435498  -2.84421
0.505526  0.344867  3.37656
0.537304  1.5502  3.32417
2.78329  2.82496  -1.25025
-1.91262  4.30255  -0.662509
0.89696  -1.37315  -1.27812
0.711311  -1.02487  0.424446
2.52956  -0.453019  4.61386
-0.887537  -5.84007  3.02662
-0.473612  1.50653  -2.44354
-0.0415475  0.0683174  6.10696
-2.94283  1.35179  1.17627
0.0165779  0.140221  2.78244
-0.751777  0.53375  -4.49413
1.62247  0.265754  -2.0078
-2.81785  -0.250559  -0.580432
-1.42717  -1.36548  -0.0244553
-1.00897  -1.38653  -0.613692
0.474598  1.69742  -2.74636
-1.68373  1.9619  -3.0476
-3.94258  0.328348  -0.288642
3.62918  -2.0311  5.54016
-1.47199  1.63349  1.26947
-0.610007  -1.35375  -4.14844
-0.180492  -0.667294  2.30547
0.279384  0.19477  -5.72846
-0.705722  0.749653  7.24747
1.60706  0.648666  -0.154827
-3.1909  0.735315  -1.08068
-4.55253  4.11304  0.720382
5.85152  1.01031  0.190482
0.74646  -0.0294053  -2.23167
-4.77952  -0.197604  -2.41274
-3.19599  0.670664  -1.58221
-4.67219  2.58091  -4.22651
0.222075  2.58625  -4.3879
1.46936  0.327764  -4.9743
0.103788  1.61582  3.0543
2.17415  0.64281  0.723597
-1.44196  0.0508679  -5.80171
1.64552  -1.14096  -2.04961
0.504169  -1.59842  -0.494267
2.16656  2.02544  2.554
1.16759  -1.16503  -3.49622
-1.1125  2.27155  -0.679987
2.36026  1.1727  2.50251
1.09946  1.627  1.00292
0.517153  -0.00523505  2.41606
-0.768192  -3.05059  -1.7552
-2.61722  2.6113  0.402656
-0.364588  1.24245  2.98151
3.78846  0.89365  -1.42277
0.439943  -4.17503  2.47641
-0.439402  -3.87263  3.29377
0.428966  1.29448  -2.0404
-1.95196  -0.861798  2.47605
1.18906  -2.62517  8.63078
-0.76073  0.748512  0.482682
0.0677512  0.418988  -2.12793
-2.04997  -0.27116  2.0489
-3.47479  -0.212095  -0.517423
1.51263  -1.14825  -0.579805
-3.22635  -5.18745  -3.48757
-0.394222  0.748907  -2.47316
-1.79539  2.15594  1.19132
-2.87303  -0.0469261  -2.11951
-0.804824  1.89751  -1.09916
2.62534  -0.226497  -0.328416
0.522944  -1.18534  5.00968
3.65122  -2.90581  -3.81911
0.331286  -0.11991  7.37266
1.65553  1.51177  0.289042
0.596853  -1.19007  -1.43949
-1.23926  -3.79377  0.074369
-0.00774103  -0.275688  1.79712
-0.294562  -0.201373  0.429443
0.991835  -2.29192  2.4165
4.57706  -2.50293  0.129523
-6.39956  5.49031  0.625047
1.41118  -1.97788  2.46858
4.32931  -1.41357  -4.48791
-2.71377  1.87913  1.66583
1.05751  -0.867062  1.25527
-1.73782  2.58605  1.12269
0.939113  0.759519  -0.917731
-0.826147  -4.65171  5.12109
-0.267331  -0.763121  4.81471
0.746574  -1.71398  -3.39576
-0.571093  0.98142  -0.0727229
-2.5498  -1.17703  -0.133592
-0.171261  -1.91594  7.55007
-0.611476  1.03926  2.12533
-2.18386  -3.2736  -0.633582
1.13643  0.196577  1.11763
-0.757068  -0.0117648  5.50409
0.39672  -1.49892  -3.77316
0.413918  2.85959  0.436777
-0.253799  -1.16495  1.69883
-2.67257  -1.57383  7.99312
0.240027  -0.473681  2.78233
-1.2857  4.20607  -3.04872
-0.0585138  -2.27161  -0.335589
-0.0860617  0.0744644  -5.64775
-4.69247  -0.412214  -0.918255
2.98244  1.55311  -2.7881
0.753381  -2.3305  9.20521
0.0488495  2.62989  -3.92919
-1.15779  1.34638  3.95246
-0.348364  0.290392  -1.44844
3.33531  -1.15539  1.26708
-0.125346  1.22808  -3.49339
-1.10645  1.64757  -1.84157
5.52869  -2.4798  0.127371
-0.568139  -0.476839  3.88947
4.59861  4.31898  -0.349142
0.222914  0.880493  0.185787
4.69198  -0.519569  1.25601
-0.269507  0.169111  -2.31032
-5.04841  -0.564377  2.21864
0.606842  0.381273  -2.9752
3.18092  0.150672  -0.970164
-0.514966  0.343604  -1.70345
2.35091  0.348882  2.30927
3.78122  5.79504  -7.81843
0.982091  1.54082  0.513135
-0.621758  1.7362  5.39112
3.1648  -4.78384  1.36041
6.16754  -3.43186  -3.56429
-0.508957  -1.92368  -2.34344
-1.08501  3.86922  -0.383872
0.785527  -0.169941  -1.3478
0.0832018  3.37011  -0.0428803
-0.177703  0.0450484  -1.12403
-1.83715  4.0713  -2.3989
-0.182654  -0.102882  -3.05685
-4.4997  -2.19862  1.51072
-1.55675  5.26122  -1.57862
0.178346  -0.266906  -4.78762
-0.0560014  -4.64084  2.96107
-0.0023002  -0.0203508  3.74521
0.899197  0.712587  -3.8481
-0.245118  0.422663  4.20529
-0.291873  -0.68236  -4.65502
-0.543978  -3.51881  3.49791
0.919976  -4.35382  1.53128
0.0626879  0.370896  6.26069
-1.63004  -0.23879  -1.63952
-2.3788  -6.9868  0.711167
0.210177  0.213659  -5.82484
0.121428  -0.0296846  2.60965
-3.73068  1.99094  -3.23669
-0.681987  2.2356  -0.251923
-2.68268  -0.217339  -2.19494
2.90511  0.687808  6.29928
1.37964  1.72466  2.06169
2.55599  4.5615  -5.89673
0.685044  -1.86936  2.00005
0.600075  1.80607  -0.0140749
0.221621  -6.80515  0.180225
0.671213  -0.583689  -3.68139
2.62431  -0.970266  -0.338501
-0.195764  0.814131  2.33883
-3.88531  -2.0998  0.462484
-0.159807  0.0514537  -3.63989
4.13474  0.0146607  -3.10783
-3.54312  2.15245  1.17251
2.54834  -0.891462  0.670231
2.48297  3.0133  -3.03334
1.75887  -2.38555  0.380973
-0.626018  -3.31032  5.40921
0.0696302  -0.0243805  -3.74607
0.0884771  2.01148  -5.53597
-2.82478  2.29769  -3.6943
0.083188  2.16158  0.398927
-1.46153  1.6269  4.41142
-1.02012  -2.35024  5.92264
0.270615  4.05516  2.75971
0.0488586  -0.286192  -3.33776
2.61401  -0.7114  -4.21747
-1.26954  -0.188158  1.48053
-0.509022  -0.612171  -6.03876
-0.324999  0.302064  -2.19571
-3.45997  -4.56457  -1.58711
3.82681  1.12094  -0.265067
-1.5317  -4.56121  0.0319514
-2.63125  0.1387  -2.90679
-2.93539  -4.29426  -2.54489
-2.61365  1.97177  -2.97201
0.138544  0.27868  2.1438
0.942373  2.48869  -1.2626
0.52291  -3.94506  -0.541633
0.802504  -1.05935  -3.27268
0.0348188  -0.0481809  1.82436
2.92878  -5.43855  -2.67519
2.70909  -3.38458  -6.26444
0.467377  -4.75901  2.39805
-0.862562  3.48921  0.033534
2.26722  1.30404  5.28003
-0.789367  -1.38445  -7.73745
-1.79976  0.802723  4.6165
5.44248  -4.27511  3.09966
0.65615  0.0445826  -2.73357
-3.15972  -4.9424  -0.902624
-4.203  -2.83658  1.50894
2.1171  0.672411  -3.92417
-1.2449  1.18235  -2.16911
-0.939952  -1.56883  -2.8802
2.15421  -3.90182  4.98299
2.6451  -3.10192  -0.17538
-1.69994  3.5549  -2.1487
3.73727  0.257448  -3.0952
0.181843  0.859978  3.15182
0.205305  1.91146  1.4012
0.328748  3.4454  2.51612
-0.981198  0.474336  -3.3721
-0.414435  3.99264  -2.3415
-2.33464  -1.54273  1.74689
3.43508  -3.61413  4.19776
-1.32449  -3.07083  3.29414
4.44113  2.75796  0.569763
-0.0185204  1.27002  -1.14947
-2.81044  -0.993013  0.304963
-0.704916  -2.16156  -8.458
-4.0629  1.90885  1.70685
2.70579  0.753939  -0.556002
-0.50736  2.48861  -2.55723
0.42834  -0.697413  4.76045
-1.81408  2.37814  0.010864
0.445948  -1.41  6.55491
4.91798  -0.902065  -1.42837
-0.188041  4.48974  5.19217
-2.44529  -0.785114  2.77673
-0.99999  -0.0935656  -1.96501
1.66884  1.24485  0.531751
1.38071  -1.20424  2.52099
0.7719  -0.338789  1.23666
-1.28705  -1.97264  5.08109
2.28533  0.815963  0.089764
3.40874  -3.51433  2.3449
4.9024  -2.6941  0.2695
0.0911389  1.01623  -3.76785
2.14948  -0.409774  2.97167
-0.250961  -0.787124  3.51783
1.87234  2.38446  1.87449
4.89851  -3.01004  0.00667986
-0.18052  -1.22505  3.27129
-1.2399  1.64549  3.50976
4.43061  0.519172  3.78195
-0.586474  -1.68064  -4.03052
1.34506  0.608959  3.70987
-1.88526  4.67441  -1.33492
-0.00272057  -0.0145504  2.56488
-0.24915  0.0155687  -2.55576
-0.715535  1.36531  -1.80666
-0.172468  2.78654  1.28558
-0.249886  1.38235  1.4328
-4.02412  1.33867  0.0585913
-2.63313  -1.21946  2.92962
-1.34246  -0.654677  2.93667
-1.15905  -1.58263  -1.55228
2.14649  -4.0072  0.221253
-2.03726  -2.9373  1.46608
-0.398978  -0.565959  1.08329
0.612051  0.193197  -0.385178
1.45907  -5.31787  2.83519
1.2352  -0.569454  3.55473
0.946829  0.868766  3.80648
2.38774  1.17234  -1.37466
-2.12468  1.04931  -0.838269
1.77861  -0.329229  0.591065
-3.67076  -4.81438  -4.02683
1.26359  2.79535  3.08057
-0.777632  0.0106813  2.52204
0.0766839  2.42852  -2.45211
-1.11234  0.252  5.10031
-1.29752  -0.462977  -3.99804
-0.371617  2.87149  2.20529
-1.82483  0.302563  2.41531
0.720567  -0.675911  -3.99094
-0.579174  4.24322  -0.303388
-2.05864  -2.45175  -1.93024
0.531638  -3.1831  4.35956
1.33377  -1.72691  -2.28012
-1.10919  1.25453  -3.2606
0.0314247  3.21947  2.63536
4.20724  -0.844067  2.42804
-1.54298  -0.918127  -5.23175
1.3588  -0.0856689  2.65311
1.02789  -0.723579  4.69667
1.54049  2.2146  2.96557
0.996619  1.05234  0.643912
-2.56409  -4.02526  -3.64986
5.07043  -2.96206  1.91187
-1.48994  3.03819  7.58447
-0.81571  -1.21818  -1.96468
-2.77194  0.553232  -0.861378
0.48883  -1.60714  1.26185
1.93259  0.653895  2.10552
2.41336  1.61726  -1.4994
3.34929  -1.49152  0.976407
0.0556735  -2.72716  1.47278
0.0320579  0.397121  -1.25032
3.13274  1.07762  1.83926
-2.71061  1.44788  3.54907
-0.748924  0.181723  -5.42817
-1.74326  3.58521  -0.959605
-0.949177  4.51085  -1.36188
0.0547381  -0.00301176  -0.955638
2.19601  1.94439  4.06759
5.63336  -0.184034  3.73245
0.99847  -0.651633  -1.36472
2.79025  1.23586  0.35196
-0.394427  -1.47583  -1.14673
-1.70293  2.14962  7.03702
-1.94571  -0.440549  -2.78983
1.48131  1.90504  1.87248
1.48217  3.86782  3.24038
-4.40504  -4.53789  2.45831
-2.07969  -1.70185  2.782
0.0934766  0.285223  1.92308
-1.0324  -1.02559  6.39094
-2.04418  -3.34549  -0.266767
-0.848913  -0.0180591  -2.83861
2.72969  2.15449  -1.82669
2.49416  -0.512025  -0.996321
-0.523117  0.431895  2.06253
-1.94889  -0.837479  -5.15528
-2.67912  -1.48856  0.421314
-2.96718  -1.50721  2.8782
0.422772  0.21686  -2.38258
0.257799  1.79459  5.02392
-1.36724  1.0075  2.04976
-2.24087  -1.67667  0.72749
-0.204099  -0.337985  4.76925
0.846795  0.435327  1.21652
-0.364059  1.74967  -3.89698
-2.25692  1.99585  -2.18965
-0.258611  -0.207267  -1.91156
-1.21035  -0.871416  -4.06796
-2.28923  -0.0988534  -1.82245
3.5476  -8.19548  -1.91057
-1.46754  0.551  -4.67532
-2.64557  3.476  1.73566
-0.0685072  -0.0976639  1.60947
0.994114  -0.249305  -4.47555
2.27914  0.563609  -2.04477
1.52578  -0.513627  2.3982
-3.31828  -2.64942  0.844473
-4.91941  1.13854  -0.808777
0.342434  -4.55576  4.00809
1.65942  1.85637  -0.309612
0.0236589  0.355607  2.52746
2.15811  -0.136511  -0.126944
-0.749086  0.49673  -1.7231
-3.12451  -1.25596  -0.969854
0.650847  0.975352  -4.21722
0.750441  -1.87126  0.828827
0.0946335  -2.75713  -0.888554
-1.13378  -1.10194  2.78729
2.43431  1.6009  0.865306
3.49434  4.02334  -1.43316
0.252777  -1.8328  4.23276
-0.525705  -0.24207  2.12871
-0.726259  -0.824356  0.438785
-0.145326  -0.199556  2.41075
-2.31939  -1.12472  0.864527
-2.39348  0.920161  -3.17466
-1.16278  3.40363  -5.3388
-1.59443  -2.4522  0.639042
4.50722  0.592181  -3.50799
-1.16118  -1.13063  1.97073
-2.16326  -1.46858  4.20307
0.764993  -4.58328  0.98392
-3.38861  -2.39182  2.1071
0.222218  -4.1635  1.36842
3.94132  -0.430553  -2.70187
0.727637  -1.5074  -4.87223
4.24749  -0.559158  -4.40688
2.28769  2.54751  1.2296
-2.13931  1.12863  -0.907237
4.05623  0.286402  -5.02256
-0.01173  -0.00526039  -0.757339
2.50001  -6.82478  1.08561
0.875405  -0.778275  -2.69493
-3.1467  -1.69635  0.40457
-0.221494  -0.496385  -1.76942
0.944319  0.536804  1.47967
-3.16245  -3.59388  4.00806
-1.53559  -1.60477  -4.66631
-0.131173  2.72875  3.04104
2.82266  -1.47464  1.18066
-0.422883  2.09777  2.27415
2.99423  -0.0974409  -2.9023
1.3558  1.54191  1.91808
0.839673  -0.839142  2.78232
3.16417  -1.96005  -0.685149
-2.14412  -0.734733  -6.07125
-2.5003  3.99095  0.313711
-2.39043  3.36442  1.96707
1.00362  -2.04682  2.69622
0.701049  0.732956  -4.34514
2.4092  2.51997  -0.0630758
0.550296  -2.54576  3.34022
2.1909  1.02085  -2.63503
3.07937  -0.0639314  0.869837
0.901975  -2.81329  1.78445
-0.27329  -0.123126  -1.16856
-0.485605  -0.821442  3.66683
-2.22814  3.42167  -0.808092
-1.02976  -2.6278  -3.89071
-0.728603  0.901512  1.42912
4.7785  3.62008  -1.99569
0.969457  0.541875  -3.85546
-0.540068  4.46669  0.825212
-0.781261  -1.33386  0.34841
-0.853561  1.08005  4.64525
-2.19337  -1.5408  -3.55171
3.38469  0.106805  0.159502
0.0418216  5.29647  2.07121
0.206384  -0.732066  3.19384
-1.85444  1.3215  2.34333
1.61428  2.74983  -0.960301
-0.133369  -0.258337  -2.95949
-1.30628  -0.257892  -2.26021
-0.129694  -0.13947  3.7817
0.183992  1.7092  2.05712
0.0664798  -0.132792  -4.2796
3.89963  -2.84515  2.73096
0.142504  -0.790726  -2.61145
-1.56296  2.66468  5.26759
-0.161919  2.44158  0.43459
0.374187  5.06445  -3.47148
1.0626  2.11453  -4.94831
0.109795  1.63844  1.71293
-2.97754  6.57241  1.74113
-0.160238  -0.291776  3.19113
-1.38866  -1.40971  -1.62824
-0.1306  -0.31807  -0.605393
-1.75927  -3.02338  2.53557
-0.745939  1.68395  2.24042
-2.03826  0.798212  1.62315
-1.77888  7.76039  -1.24304
1.96641  -1.72447  2.3879
0.485563  0.876149  1.51927
-3.12022  4.05518  -2.8929
5.59476  4.50224  -0.0876362
0.725729  2.00603  -0.805462
-2.33306  0.400821  1.24286
-3.56169  -2.24124  1.811
1.03468  -3.53886  -2.90233
-0.0118594  -0.40637  -1.35306
-2.13866  -2.17259  0.33326
-0.159166  0.480341  0.216049
-1.25282  -2.34488  1.75541
-0.615706  -0.130566  -6.05878
-0.00907348  0.103213  -2.81028
-0.308553  -0.0742183  -3.85454
0.302211  4.10996  -0.650299
-0.323828  -3.51133  0.870199
4.48347  2.71975  1.56331
1.3229  -0.820311  5.37409
-0.532252  -1.81749  2.70133
-0.854419  -0.223596  2.5427
-1.19129  0.172954  1.9291
1.27639  -1.05791  3.82679
3.0649  0.730084  2.73704
-0.613683  -7.90318  -3.58544
2.91257  0.123847  -1.64429
0.217097  -0.0305983  1.79947
1.63985  0.0581707  -1.03172
-2.19368  -3.81449  -0.151744
-4.90187  0.46882  4.35234
0.388476  -0.833465  1.2287
-1.84145  -1.90004  -2.23329
2.14796  2.31396  -0.548785
-1.00454  -1.28706  -1.30192
0.847123  -0.545827  7.48879
2.06499  2.80466  1.7859
-3.53197  -0.599568  0.571574
-5.46029  -2.99138  -2.60288
0.92927  -0.689804  0.310303
2.83587  0.957496  -1.15239
-0.737256  3.80563  -1.76547
-0.194233  -0.379013  2.28767
-0.0749874  -0.934355  0.890433
0.269872  -2.23288  -1.43004
3.45097  -1.12439  1.1267
-1.70048  -1.38345  2.13819
1.29397  -0.187396  -1.47636
-2.24032  4.46126  5.44536
0.716433  -0.230482  2.13175
0.230339  0.319588  -3.97936
-0.826653  1.82252  -4.23093
-0.544998  1.40205  1.09581
0.476518  -0.240379  -1.00446
-0.146528  2.08826  -5.74496
-4.08895  -0.147937  -6.63069
-5.26535  1.35017  3.62035
-1.14218  1.19264  -2.07737
1.95193  0.558872  4.50892
0.366002  -0.84652  2.5919
-2.7924  -0.228691  -4.22248
1.42016  0.641143  -1.71047
-1.33514  -0.290588  3.39795
-0.477137  0.592586  5.394
1.19059  1.69699  -4.34058
1.30115  -2.48508  1.92765
0.866104  1.52329  1.24609
-1.67848  -1.26576  4.307
4.36118  -0.299897  0.320242
-2.7733  3.12607  -0.374862
-1.46101  1.94614  2.43012
-1.80102  -0.755242  -4.56211
-2.15636  -3.28099  -5.8775
0.897868  -0.309193  -4.56786
2.22492  0.624783  -1.69955
-2.42303  -0.234685  -2.62796
-4.21124  -0.720983  -0.767489
-1.36267  -2.81628  -0.833321
-0.591345  -0.609923  4.3717
0.285622  -0.158734  2.86352
-1.59825  2.36711  -3.45451
1.61884  0.934563  -1.82325
2.16416  -1.77723  -0.107714
3.17174  -0.220353  -2.10512
0.363383  1.60854  -4.15165
2.62006  2.7855  1.88153
0.33517  2.17859  -0.471871
-3.66275  3.45394  -3.49272
-1.12107  -1.16152  -4.19877
-5.84262  -3.45575  4.10465
2.36618  1.48193  -1.66765
0.177298  1.2725  3.93835
-0.816471  -1.83078  -0.764954
-0.189756  -0.385086  -1.41512
1.12423  -0.425528  0.813084
2.09245  1.34248  -0.77682
-2.69054  4.09945  3.87987
0.228408  -0.715678  1.2336
1.37862  -1.66055  2.40184
1.23233  1.05465  -2.06589
0.585095  0.731105  3.90489
-2.29029  -2.8421  3.82556
1.50179  -0.643248  0.717441
-0.00248087  0.271423  3.97275
-2.17764  3.05339  -0.757191
0.141836  1.48104  -2.6365
2.72746  -1.14304  0.586774
5.04148  1.76832  0.627726
-1.97015  2.12418  -1.14785
1.44086  -0.669518  -1.40805
-1.86155  3.53061  2.68643
-0.168805  -0.120001  3.05337
2.37812  6.69427  -4.1912
3.11933  -2.1872  1.2707
0.165791  0.387476  2.37293
0.143196  0.154165  4.36449
-0.194135  3.92663  2.35453
-1.09488  -3.13512  -3.83696
0.4616  -1.60278  2.39787
0.019313  -0.447201  -2.71455
0.333808  -1.51829  3.21844
-0.0520612  -0.0289973  -2.27757
-1.48165  0.436073  -1.28823
-1.35795  2.1  -1.12511
-1.21775  1.37439  -2.96421
0.593512  0.672235  0.78
-0.490499  1.74188  -1.2517
-2.51556  2.95356  -3.49124
2.7353  2.94109  0.134316
-2.21809  -0.649113  2.10355
-0.871185  4.52231  2.99588
-1.5999  -2.05344  -1.60849
-3.48551  1.15451  -0.442197
-0.263134  -2.26671  1.24348
-0.362971  1.44519  1.55004
-2.63025  2.26219  0.125658
-1.34237  0.168303  5.74582
0.0554216  -0.191259  -1.96366
-0.455684  -0.341703  -2.73277
0.0844808  -1.66815  3.661
-0.479585  0.311273  -5.6321
-0.914728  -1.44974  -4.90294
-2.96188  -3.00619  -3.10805
0.141154  0.366011  5.49234
-0.429106  1.77988  -1.91261
1.32351  0.657372  -1.35942
-3.61592  2.20311  -0.917736
2.73954  2.15526  -2.84743
2.01544  0.786423  -4.67357
1.82284  1.42724  -4.13999
-2.01316  3.88002  2.25545
-2.48357  1.32539  0.064807
-1.92953  0.488901  -2.85738
-0.135493  -2.3715  2.92952
-0.434168  0.573623  3.59264
2.56276  0.500641  0.00844953
-3.76119  3.03627  -5.19597
-3.83779  0.894671  -2.69842
-0.0343303  -0.148394  2.67705
0.711109  -4.48243  -2.4024
-0.0140354  0.0113614  3.91393
-1.83999  -0.857503  -3.93536
-1.62972  -0.722784  -2.52998
-2.19759  -3.80294  -2.70108
-2.09266  -0.17395  -0.874805
3.27553  -0.539469  -3.82139
-0.318747  3.37168  -6.13178
-4.12278  -5.36336  2.29238
-1.21883  -1.04589  -1.37613
1.10874  -4.50411  1.72596
0.23285  -0.203774  -2.8846
-0.275446  -1.93322  -3.05829
-5.96669  -0.384384  5.02617
-0.711227  2.41498  3.67893
0.774677  -1.12478  1.60872
0.126059  0.813232  3.64805
0.945325  -0.527196  1.16955
2.0071  0.546251  -2.76923
-1.428  0.268369  0.0663668
1.67925  1.40919  -1.6883
-0.165332  0.0195954  -3.23518
0.581349  -1.17718  4.79092
-5.30126  0.631146  -5.21357
-4.53406  0.813886  0.454386
1.04114  -1.33673  5.56909
1.64714  0.652107  1.66205
4.1648  2.26462  -4.47708
3.05618  0.354756  -3.90206
5.33349  -0.725063  -1.55467
1.03896  -2.46181  1.76756
-2.77759  2.46124  -6.03418
0.399546  0.164538  3.50149
1.62037  -2.77895  2.28155
0.424799  -1.69402  5.12915
0.968432  -2.30269  1.7621
-0.360026  1.47572  -4.68616
2.96965  -0.2739  2.24522
1.49104  0.390945  4.2359
-2.45185  -1.3438  0.295324
-4.19949  -1.67838  -0.178301
0.749295  -5.22038  1.09025
1.33863  2.66898  -1.18772
-1.03184  0.67333  -2.45526
-2.33174  0.898602  3.5698
-5.76794  -0.30392  2.15197
0.803305  3.20918  3.20554
-0.374319  1.31618  -3.91532
0.660611  1.89486  1.73432
-1.83944  1.78027  6.0129
-0.3108  0.140175  -7.5919
2.85205  -2.48473  5.52989
-3.8015  0.34615  -3.17106
0.73729  -1.30703  -3.50697
-3.61356  5.87178  -0.572244
4.43816  1.10694  1.30499
0.764282  -1.09993  -4.04917
-2.39042  -0.284061  -3.58051
-0.102627  -0.169965  2.78446
0.209307  0.996862  -4.35139
-0.383247  0.912516  2.89073
-1.30821  1.581  -1.75754
-2.22059  -2.0441  -0.230345
0.903936  -2.946  -1.62066
0.181758  -0.885181  -1.37594
0.389446  -1.17984  2.02773
-3.54758  3.97601  6.65981
3.98186  -1.70976  -2.87936
-0.893468  -0.340686  -1.89867
-2.37998  2.29614  -3.68506
0.458551  0.954607  -3.11809
1.22714  -4.31528  1.20078
0.00860938  0.0628883  0.794494
2.3202  0.722342  1.61907
0.0512876  0.793356  -2.25008
3.57807  -0.0698828  3.25442
2.82097  -0.16793  -0.47501
2.506  1.32192  1.367
3.18665  0.221104  -1.13818
-0.258489  0.133796  -0.700433
1.29388  0.417011  -1.79008
3.7883  0.191915  4.44902
5.51561  -3.43247  1.76476
-0.0687183  0.638503  -3.58026
-0.314471  -1.24747  0.124131
-2.3314  2.63904  -1.72395
0.646294  0.263773  -1.92801
1.35068  -0.801036  2.87232
-4.94418  0.873267  3.89399
0.250258  0.548819  -5.14327
0.418856  3.00203  -2.38031
-0.0918887  0.977975  1.56079
-2.1129  -0.482198  2.64546
1.08594  -2.05325  1.25644
1.13967  5.38431  -0.813917
-1.43378  2.2595  2.65242
-2.70735  0.409055  2.46915
-1.18993  -2.61317  1.48527
-1.14681  4.29209  1.63839
0.126711  -0.15935  -1.26119
-0.0248733  -0.0166703  4.23225
2.21554  -1.79383  3.40038
-1.81618  1.67701  -1.31529
2.04478  -0.726551  -3.11841
0.291364  -2.38814  -4.85345
-2.09704  -0.913975  5.39881
-0.0171064  0.046258  -5.72659
0.440191  2.01274  -3.49195
0.730115  1.37874  -2.88241
-0.277543  0.233092  2.65666
-1.24515  4.32958  1.63324
-1.07183  -1.59254  -1.6797
1.20688  0.632813  -1.5526
2.02286  3.11093  2.07491
-1.22765  5.21938  2.35204
-0.0755878  0.0798201  2.30663
0.204562  2.54593  -6.49507
-2.87178  -0.668203  2.72821
4.27947  1.97542  -1.84184
-2.42507  0.42967  0.139045
-1.25733  -1.03512  -2.92207
0.287326  -0.483004  4.74755
1.19633  -1.30926  -6.56342
0.0243576  -0.479428  2.96212
0.303898  0.204582  2.87649
-1.14882  0.543991  2.55595
1.94347  -1.92619  0.996118
0.43354  0.679106  2.93309
-0.550375  0.289011  -4.14113
-0.967288  2.02296  1.44474
-1.0718  1.86622  -1.66727
-2.67786  -1.71239  -2.18436
7.58473  -2.25542  -1.77424
0.517753  1.27913  3.27508
-0.189184  -0.154478  3.40001
2.207  -2.6347  -1.90184
-0.551759  -1.64126  2.11186
1.84846  2.086  -1.97703
-0.05111  -3.28982  -0.694491
-0.676064  -0.534955  -2.4593
0.712833  0.180996  -1.35617
0.0217281  0.178277  1.57444
0.595447  0.569713  -3.02303
1.49003  -1.63017  0.79301
-1.23027  -4.56256  -0.665392
-0.0227252  0.833754  1.23694
0.417401  -0.389527  4.40225
-0.559592  -0.47046  -1.37957
2.28504  -0.40889  -4.05474
1.36362  -1.70601  -3.00702
-3.68262  0.922693  -0.984943
1.36749  -4.26308  -3.66358
-1.91787  1.13936  4.07863
-0.164878  -1.06384  -5.11739
1.08415  -2.07348  4.1869
3.23486  0.0821362  1.88546
-2.0254  2.20576  -6.7024
0.517795  -2.57886  2.89548
-3.48438  -3.48472  0.159431
3.76008  0.821479  -1.95181
1.46392  -2.3643  1.60835
-3.06617  3.09943  3.41328
2.30627  2.56533  -2.83068
-0.191399  -0.0665066  -4.41569
0.330988  -1.4612  4.36364
-1.15884  -2.72832  0.855677
2.02501  2.12527  3.00307
-0.94212  0.634286  0.0518535
-4.61024  2.55426  -0.725266
-0.651093  -2.28063  5.42362
-1.80088  0.42294  1.89514
1.95091  1.66421  -1.98625
3.40035  -1.23583  -6.1843
-0.524505  1.09293  -3.50269
-3.30757  -0.923507  -0.762246
1.15574  -0.81101  0.689231
-1.32868  -1.69124  0.839293
1.73457  1.26527  1.81331
-0.275384  3.59693  -4.29082
3.89311  -3.53144  -2.75193
0.508764  0.216652  3.66908
-1.41391  4.98391  -1.13788
0.888251  0.315376  1.35998
-0.34782  -4.07415  -2.9647
1.47637  -2.64953  0.25045
-0.864156  -4.51915  0.844989
2.33206  3.29466  3.04664
0.879252  0.88707  -2.14771
-0.220184  -1.46608  4.74018
-2.56823  -4.40635  0.858497
1.0218  -2.9928  2.79497
-4.45194  -6.22397  -1.67589
3.41349  -4.99674  1.02912
0.308699  1.86203  -1.90508
-1.22499  0.832429  4.21547
0.720234  1.06211  3.68761
-3.84348  -7.59275  0.829281
-2.4299  -3.93722  0.745361
1.76129  2.38759  -2.61106
1.19444  3.97075  1.36976
0.201462  -0.314703  -5.86708
-0.116244  0.766581  -3.16053
0.00533961  -0.14753  -6.34436
4.03264  2.52661  1.5519
1.23307  -1.77637  0.122191
0.0265791  -2.57797  -2.66194
-2.71152  5.42917  -3.06664
2.22464  1.51835  0.84884
0.359777  0.524413  1.08228
-0.564014  3.33652  2.15986
-7.16131  3.60542  -1.51134
6.26731  1.12978  1.38544
0.347601  -0.322454  1.4409
0.332278  -0.596329  -0.465129
0.494836  0.308925  6.20959
0.340108  0.0204761  3.14024
0.823986  -0.223599  -3.78893
3.35794  -1.79022  3.07777
-1.91876  -4.29835  -3.73692
0.0263436  0.0740721  2.24828
0.390548  -3.81934  -0.3599
0.443747  0.923201  -6.12526
-0.689928  0.948635  4.0404
-0.187705  3.29989  2.84081
-1.50726  -0.999278  -0.0248654
8.17379  3.45705  -0.999416
0.174606  -0.0361492  2.99243
1.41985  1.33557  6.55037
0.345834  -1.67267  -3.31299
0.459702  -0.441053  -4.10923
1.37398  -0.126013  -3.2237
0.496661  -1.50523  -4.3117
0.209188  0.388494  -2.44952
-2.44211  -3.68516  -3.72255
-0.196365  -1.93404  -3.9545
-0.808589  0.719051  -2.16508
0.734422  -2.27339  -0.000856625
-4.90553  -3.1154  -1.16554
1.44243  -2.37005  5.45334
-1.46013  -2.12501  -5.02486
-5.4081  4.78052  1.60891
-4.15055  1.37359  -3.5677
0.933076  -2.35954  1.26983
1.33057  4.16428  -0.966639
-4.044  -0.518865  -1.2177
-1.07579  0.250027  4.3542
1.96073  -0.413268  -0.0362225
-3.71977  1.23389  3.58007
1.95093  -0.157863  4.21693
1.35004  -0.0603417  3.91174
4.12183  -1.10389  -3.55372
1.27048  6.93427  2.86293
1.96401  -0.774526  -2.22126
2.88099  -1.88231  -5.10557
-0.761873  -1.20566  -1.69376
0.752724  2.74605  -0.562436
-0.0506438  0.265999  1.89837
-5.06393  3.80718  -3.39416
0.211458  1.38125  4.81662
-1.50636  -3.32288  -1.16237
-0.963146  -1.95824  -2.12988
-0.0373153  3.15014  6.3841
-1.40127  0.885625  -0.806855
0.685718  -3.30972  -2.47051
0.65451  -1.75577  0.625501
1.89639  1.74729  -3.02698
1.86808  2.66207  -3.57726
-3.29643  -0.484517  1.83646
0.916221  1.27556  5.23169
3.42806  -3.64777  1.10047
1.4661  -0.0627224  -2.17645
0.756785  -0.959739  4.92172
-0.308206  -3.06192  2.65962
-1.59688  1.85748  2.39374
0.159163  -0.213815  -2.10232
-0.142593  -0.502426  3.64696
2.12954  5.4986  -0.540468
0.306313  0.585471  -4.96349
-1.8966  -2.93864  -1.15452
0.355778  -0.00238303  -2.54557
-0.480604  -4.05021  0.442864
0.271428  2.22907  5.8084
-3.58134  0.989991  -9.72368
3.57933  -0.529019  -3.70895
1.37101  3.17152  -1.21874
-1.49772  0.834308  -3.28036
1.52211  -0.785399  2.73192
-2.8867  0.910072  2.57886
-4.88958  -0.902437  -2.69734
-1.05251  -0.96468  -2.16474
4.42684  -5.37268  2.73373
1.26787  -0.804771  0.926346
-0.0871646  0.428553  2.71271
-0.643133  -0.913459  4.17265
0.265387  0.0664821  -1.45198
-4.66198  3.11333  -2.8853
0.531607  -4.49732  -5.14546
-2.2675  -3.29559  -1.83663
-1.72068  1.40631  2.58868
2.14955  -3.70111  -1.86382
-3.24632  0.463337  -0.798256
0.0805815  -3.00767  2.95529
-5.11191  -0.916456  1.65824
3.94477  1.55727  5.62429
0.53036  0.0672265  2.93868
-2.51284  1.02845  -1.69825
1.08372  0.0134645  -2.73117
3.15599  -1.46983  1.79936
-1.49115  0.685428  1.32403
0.384845  2.39383  -0.646924
0.450892  4.55557  0.425589
0.0230536  0.396672  -0.173311
-0.00360438  0.0318659  3.37475
0.185368  1.38518  -4.07539
-2.18048  -0.353453  -1.20421
0.0376042  0.394647  1.99073
-0.0162192  0.0372088  4.28798
-0.087012  0.0594256  -3.08818
0.400865  1.10908  -2.20476
3.42748  -2.45952  0.472783
2.1016  2.61952  4.1955
1.67927  1.13538  1.1218
-0.518885  -1.24751  2.77191
-0.149432  0.0722999  2.08817
-1.083  -0.876055  3.56091
-6.98556  -4.38315  -4.2974
-0.403449  1.8693  -3.54548
1.11769  -1.63196  -3.34334
-0.534437  -3.34587  -0.555843
0.283269  1.12168  4.85915
1.90934  2.22054  2.92179
-0.106646  5.02032  0.868083
-3.81837  1.66221  0.62753
-1.13696  3.81925  -2.15846
2.35556  2.28242  -1.4127
2.49029  -3.69812  6.26031
-4.28651  -0.989146  4.00594
-0.231635  0.14854  -1.41691
1.40155  -0.320741  1.70109
-0.676579  1.03632  -2.2104
-2.17875  0.131051  -0.505514
-1.26175  0.746284  -6.68016
0.160256  -2.27682  -2.66003
-1.0723  2.07136  2.18255
-1.72665  2.92106  0.149606
-0.282199  -3.28041  -0.380859
2.25235  -0.253419  0.200358
0.175985  -0.0906063  -6.12845
-2.82073  -3.76857  1.25885
1.10674  0.331193  1.39307
-1.63535  0.934643  -2.13961
0.862446  0.193398  -2.46962
0.229485  -0.420289  -3.25167
1.11627  2.25411  0.444244
-0.177813  0.875671  -1.1803
-3.14651  3.51608  -0.280074
-1.40996  0.457044  -1.70615
-1.65009  -0.497353  -2.09895
1.86889  0.501662  2.47381
-0.605859  -1.76122  -4.40307
-4.30851  2.76181  2.08781
2.91506  -4.08529  1.06218
-3.04319  1.59093  1.21872
0.716811  -1.86969  -2.31439
0.388774  -0.016267  1.71368
0.853606  -1.3211  -3.19903
-0.092693  -3.03689  0.875382
-0.674396  0.773074  -2.50805
-1.30866  2.74671  -0.727276
-3.74282  4.06569  -0.715509
3.31595  1.30945  -1.19128
-3.25032  3.25146  -4.17291
-6.95587  -0.691789  -0.218969
-0.168885  -0.925112  -3.73881
0.338695  -1.18851  -0.22576
1.38177  -0.606029  0.394835
0.561435  -0.75128  1.26181
-1.10249  -0.748291  -1.6404
-3.92891  -1.43747  3.56236
-0.788133  1.1358  0.434007
-0.116843  2.4082  -0.375404
1.96449  -0.506035  3.02891
0.023981  0.0102444  2.90261
-3.9521  -2.09399  2.75934
1.3369  -1.51588  0.7636
0.363254  -0.0282013  -2.1258
-0.402264  -0.862902  -3.95934
-2.0844  0.904281  1.04624
-0.474446  2.17348  3.13701
0.0373292  -1.53727  2.87982
-0.845063  -0.428214  3.76882
-0.673227  3.31915  -2.2719
-2.23709  0.41311  0.532668
-0.41153  -1.33063  -3.41568
-0.0968161  0.508805  6.14636
-0.899296  -0.46483  6.55009
0.520266  6.19039  -0.738082
-6.0369  -1.57033  -0.704575
0.419252  -0.5078  0.475564
-0.771686  -1.81222  5.06538
1.9834  0.843784  -1.8394
-2.85773  -3.92076  -2.94381
2.0803  0.482032  -2.06403
1.2219  -0.475465  4.81586
0.218731  3.74958  2.37626
-2.49904  1.8438  -2.17979
-2.06934  1.87384  -4.26077
0.214604  4.3526  -2.77872
-0.969737  -0.365996  -2.0961
0.857997  -0.799834  -6.64955
1.37423  -0.058485  -2.45362
-3.43009  3.42983  0.666924
3.62167  -0.175119  4.11575
-1.31384  -0.257444  -4.92478
1.2784  0.273602  -2.60933
-2.17484  -1.14325  3.03302
0.863603  -0.711485  3.53523
0.530725  -0.811698  1.12269
-0.318561  0.784424  -3.60435
0.0570738  3.03367  -3.74136
-4.42128  0.617781  -0.737604
-2.92445  3.21417  -2.14306
-0.80083  1.53525  -3.70357
-1.18311  -5.23278  -1.92487
-2.05029  -0.724715  -5.69849
-0.143452  -0.787498  -0.246782
3.39972  1.14493  -0.53709
0.0433998  -0.251547  0.81759
0.535013  0.0398631  3.85548
1.48855  -1.13728  1.29047
-0.148607  -0.0232623  1.04762
5.37923  6.75476  0.728952
-1.25749  -3.86826  1.11225
-0.140994  0.217316  -5.54038
0.0105856  -0.0920151  2.59132
-2.66021  -1.12142  -0.825017
0.277658  2.8316  2.91515
0.706704  0.561982  -4.09916
-3.68119  -0.961003  -0.737722
-2.74282  0.988951  -4.64364
-0.663105  0.382516  2.49628
-1.12875  -1.40027  3.12473
-0.210947  2.66425  0.265974
-1.28971  -0.100987  0.335565
-0.476054  -3.30047  2.85871
-1.40534  2.99605  0.977211
2.63711  -2.42104  3.53712
-2.23226  -3.88233  0.5262
-5.27252  1.79049  -1.46276
-0.0344465  -0.0228272  1.5384
-2.75161  -1.92491  4.16128
-1.74147  0.420859  3.34203
1.04992  0.644545  -2.10721
-0.939941  0.75244  -0.265889
-3.34971  2.74579  -1.8464
-0.202417  -1.18103  -2.13941
2.84308  0.0666817  -4.11315
-0.392763  2.3951  1.09581
0.702022  -3.21455  2.96934
-1.94198  -0.507976  -2.55957
0.966494  2.789  -0.105958
0.0962386  -1.14591  -2.45421
-0.323709  0.652525  2.88574
-3.47061  -5.50497  1.44852
-2.60362  1.05299  -3.20972
5.89722  -0.470938  5.78301
-0.419766  0.265443  4.37435
2.38638  -2.61989  0.566104
1.22879  0.145527  0.00822768
3.17093  3.21718  4.2381
3.31242  2.33202  1.18412
0.559655  2.65387  -5.28758
0.268658  1.17225  3.64822
-2.30772  2.53077  0.0775851
-0.00202834  0.0102489  -2.03329
-0.71213  -0.0438417  -2.41016
0.279146  -2.33831  0.162988
-2.11314  -0.786476  1.94887
-0.324339  -1.07604  3.77075
1.7347  -2.00813  3.26616
-2.2393  0.415534  4.7529
0.56089  1.15826  -2.53972
-0.27793  0.850135  -2.2811
-0.326439  0.310669  3.10979
-1.01632  2.77088  1.88539
-0.865954  -6.37987  -0.10298
-2.4746  3.22239  1.26979
-0.955163  -0.0296606  -5.52159
-4.22925  1.72879  -0.996771
-0.866098  -0.386066  -2.2415
0.761722  -3.86163  -3.2424
0.44884  1.30671  5.6361
-1.36948  1.89384  -0.369458
-1.93899  -2.40812  -3.17138
0.268257  -0.0490284  1.62109
2.76705  7.72986  -0.14195
-2.86377  3.63439  0.852147
-1.80676  3.65408  1.7108
-1.84518  1.02465  -1.13028
3.65658  -0.566154  -2.7244
0.623279  2.25675  -2.00309
1.35903  1.42648  -1.47041
-3.32914  -4.55389  -1.10073
4.28177  4.54316  -2.79035
-1.20153  -0.0483641  4.24985
0.94421  -2.51744  -1.90798
0.323614  -2.22655  1.77487
0.0254803  -0.0416945  3.49401
0.0754378  -1.41118  3.48541
1.63507  3.2424  0.23517
3.91742  -0.372355  -3.46329
1.22766  2.2927  1.11618
-0.138386  -3.98033  2.17114
2.11309  -0.0314313  0.0342563
0.774717  2.23355  4.1815
0.238174  -0.199402  -3.67854
-1.13514  -2.3085  0.800471
0.102157  -0.0226215  1.85675
-3.0671  -4.31846  3.20491
-0.81912  0.487427  3.09732
0.576159  -2.16047  4.12489
-3.99824  1.42488  5.07605
0.567351  3.75438  -0.779479
-0.528189  -1.26535  1.11402
0.016833  -0.218553  -4.53589
-0.464562  -2.03969  -4.54632
0.472151  4.58901  -4.5314
1.40865  0.872774  -4.43235
-0.129636  0.120278  -2.57229
0.547272  0.678226  3.15002
2.75292  1.07199  -0.736997
0.463705  -0.053272  4.77628
3.73129  1.1846  -3.59303
0.494978  0.207443  -3.20034
1.84729  0.500893  -1.39648
1.90693  -2.34217  0.211647
-0.950688  -2.88937  -5.27945
-2.54996  1.90033  2.246
-0.970225  -0.591106  -4.76776
0.814553  -0.515726  3.51829
3.32463  -1.12981  1.79855
1.36898  0.94901  -0.687078
-1.80727  -0.121034  2.82379
1.70119  2.66937  4.82688
-0.24393  1.86752  -5.31493
-1.28664  0.250309  0.94205
-1.10709  1.93677  1.32149
5.73063  2.52861  0.967584
-3.41597  2.53713  1.66043
1.79332  1.01861  4.79492
-4.80517  -3.8264  1.16238
-0.113157  0.741914  -4.00022
0.117937  3.93865  2.74285
0.251639  2.21267  -1.33747
0.100876  -2.1999  -3.78656
0.669537  1.4619  3.35808
0.337443  -3.20951  -2.42552
3.33035  -2.87343  3.68284
-1.06682  0.253458  0.922809
0.377495  0.675702  5.27238
-1.33343  1.88375  -2.08088
1.15021  0.48338  -0.579144
1.54031  0.971391  -1.16116
1.27897  0.527484  3.2121
-0.154938  2.81403  0.107403
0.75134  -0.36315  1.71063
1.33741  0.795905  -3.46961
0.903692  1.6996  2.60728
2.46757  -2.48027  2.05913
1.60019  2.62965  0.955476
-4.18493  -1.25428  -1.92135
-1.86551  3.06407  1.90453
-0.89139  -0.866672  0.827803
-1.76852  -1.12751  2.47546
-0.087355  0.686686  2.51054
1.24043  -2.67146  -3.12168
-2.09417  1.57071  -1.01912
-0.129114  0.407287  -1.10445
4.75156  0.357719  0.192797
1.90465  -0.301628  0.899184
-2.43696  -0.0855641  2.1401
1.2048  1.39277  -5.87733
1.0217  0.80056  -0.381627
4.89869  -2.62551  3.80994
-0.0298384  -0.125743  -2.09308
-0.828131  -0.705094  3.99089
-3.27043  1.55567  3.41668
-0.639166  -0.312034  -4.42731
0.238316  0.453792  3.1037
1.38474  1.6262  3.81075
4.21227  -2.25206  0.861885
0.334257  0.135632  -2.64913
2.74379  -4.35822  3.28105
2.0078  -5.40928  2.71049
-0.298546  -1.639  -3.30512
1.66764  1.60792  -2.82851
-0.829478  -1.91405  2.41298
1.44248  -3.17173  3.30107
-1.09232  -0.491673  -1.55129
0.475302  -3.56972  -3.37387
1.32815  -2.63438  2.43701
-3.39984  -0.8615  1.34646
-1.24976  2.18728  2.46194
-0.435427  1.19172  3.46334
-0.587037  3.80049  -0.0683238
3.40557  -1.13429  0.644044
-1.07234  0.774884  1.86683
-0.0439481  -0.00434597  1.38051
-2.25882  2.39369  3.50841
1.57903  1.01915  1.1741
0.915903  0.699658  3.88897
-1.35048  2.93566  4.07739
-3.199  0.570461  -4.1551
-1.9692  -1.07349  4.90327
0.217044  -0.213843  2.4598
-1.33301  2.85781  1.60048
-0.501583  -4.91846  -3.60395
0.958196  -0.283884  -2.10587
1.23328  -0.229336  5.92199
-2.1913  -1.06666  2.28988
-0.413475  -1.37158  1.47707
-3.53031  1.36249  -0.249154
-1.46262  -0.289569  4.40856
-0.255437  0.38283  -3.39139
-0.253467  1.36027  -4.32757
6.07758  -0.259587  1.26241
-2.46537  -3.31317  1.58811
2.81515  5.26734  4.00892
-1.97976  0.66559  5.27052
2.83556  4.4267  -5.30069
3.80112  2.82864  2.91245
5.16268  0.819921  0.348829
-1.15733  1.88194  -3.89166
0.228619  -0.161561  -4.28327
0.226614  3.315  2.28127
-7.51343  -2.63153  0.646999
0.342369  -0.0105114  -1.87676
0.0615831  0.0184585  -4.08989
4.69228  -1.45764  -0.405692
-4.06212  1.98314  1.62752
1.81246  -3.56487  4.49662
-2.34011  -2.05073  0.789289
-0.473297  -4.35  0.371416
-2.0489  -1.35779  -3.09601
-3.25456  -0.786224  5.23461
-3.34993  -0.119967  -3.40457
0.0536338  0.453469  -0.214077
-2.352  0.369644  -0.230828
-1.72439  -0.10838  -0.38059
2.15513  -2.08841  1.21796
1.30383  -1.76025  -2.17855
-2.26296  -5.89497  1.38812
-1.57148  0.786867  -3.35954
-1.68152  1.72859  -2.23641
4.23832  4.40154  2.45978
-2.38376  -1.96103  -4.26318
0.0837825  0.461936  -3.14734
-1.56319  0.785225  2.0601
0.284256  0.0187765  -1.96599
0.17204  0.195954  4.35013
0.105441  -0.774667  -0.119357
2.23388  5.41884  -2.78119
0.00245749  0.00459173  0.593397
-3.17997  -1.54072  -1.98557
3.47395  0.897465  -2.30526
-5.23048  2.42498  0.925962
1.05421  -0.984631  -4.075
-0.0689208  -0.934501  2.31195
2.76119  -3.31291  2.99983
-0.289915  -0.666809  1.99819
0.14295  -0.0887068  -4.69125
2.59779  -1.00113  2.10003
-2.20241  -0.255477  4.99175
1.77708  1.08511  0.921547
-1.54632  1.33882  -0.186069
2.10318  1.10683  2.82601
1.61562  -1.86538  4.5579
1.72252  2.74279  2.94955
0.20225  -0.0985673  2.01528
-1.29091  -6.1691  -5.64726
0.198087  0.434105  -4.73983
0.872612  -1.05798  2.73224
-0.0467418  0.358265  1.82247
-3.3115  3.57816  -1.55113
-0.266663  -1.01564  2.40104
0.440519  0.412744  3.55305
-1.47763  2.09239  -1.0211
0.0115854  -0.485887  2.49342
-0.802273  0.385886  -1.99234
-0.841739  0.65193  -1.95173
1.82118  0.769357  -3.01124
4.1274  -0.70616  0.366413
-0.0890792  -1.0954  -4.72231
0.842307  -0.201626  1.93794
3.38712  -3.77733  -2.89204
-2.11054  -2.3334  -1.99359
0.241868  -0.454372  3.37274
2.95346  2.45911  0.087666
0.628539  0.403267  2.33574
0.518931  4.05283  0.265479
-2.98359  -0.626024  -4.19389
-1.18717  0.646185  0.691087
-1.72785  1.08392  -5.18862
-0.0161591  -0.861735  1.41183
2.20896  0.21584  -4.02155
-1.32185  -1.93329  4.89163
-0.806234  -0.70496  4.21968
4.68382  0.186495  -1.98634
0.215297  -3.01012  1.52055
0.780499  0.0804534  -8.01554
-1.19698  -1.61986  -0.8544
-1.63401  -3.25286  -1.84503
0.899463  1.11642  0.105726
-1.63414  -0.833534  -2.31076
-0.147473  1.4841  1.66142
2.73774  0.571924  -3.97422
0.701499  1.02326  -1.69278
-1.23235  -2.59583  0.423303
-2.6146  -2.71183  -0.782376
-2.70119  1.84415  0.769235
-1.74854  -0.804159  -0.930936
-0.122193  -0.700777  3.77986
-0.57776  -1.37751  2.3062
-0.94231  -0.206848  -0.844408
-0.744849  -2.1889  0.379941
3.61715  1.86778  -0.654459
1.06987  3.29708  1.81426
0.826461  -1.67149  -1.88555
-6.13979  -1.50222  3.42019
-4.41425  -2.24838  1.64146
0.58903  1.93426  -2.85694
-4.85245  -3.64968  -2.1377
2.17491  0.880098  1.12839
3.93147  -2.08189  3.63134
-1.45197  -5.45017  -3.80993
-1.51208  2.65057  1.84173
-2.46671  2.13741  2.74944
-0.496228  0.127003  2.93302
0.146362  -0.676862  2.95986
-0.102629  -0.0138277  -6.00729
-3.81886  -1.11605  0.229094
2.28431  -4.26844  -1.52569
-2.3727  3.3114  -3.95549
2.99462  1.83353  -1.80707
1.21107  0.388804  -3.43587
-2.14621  -5.53161  -3.3208
-0.407635  3.19923  3.17694
-1.94146  -1.59999  1.90468
-5.22982  -2.69868  3.44636
3.92939  0.508217  -0.402082
1.74384  -2.12571  2.21155
-4.34975  -1.7713  2.33788
-3.30327  2.15455  4.05162
-0.0736936  0.159548  2.57751
1.74004  0.177545  2.54077
-1.54935  -2.97578  -6.1109
-3.86266  1.60398  -0.817412
-0.812237  2.18057  -0.0132019
0.771785  1.10691  -1.69862
-1.77376  -3.39906  1.32362
2.16439  0.803968  3.12525
-2.4498  0.712906  1.15638
-1.43094  -2.2017  1.58905
-0.347207  -0.533254  3.09075
-0.707125  -0.492497  0.952463
-1.67055  -0.194785  -1.0571
1.20135  0.241671  0.169818
-0.23016  -0.737843  3.00943
3.92863  2.91862  0.939811
-0.211186  -0.229236  4.77638
1.18155  -1.41149  4.74144
-2.16465  -4.54887  3.53769
0.566434  -1.51555  1.18889
0.229076  0.134685  -6.06404
-0.33007  0.308989  -3.58078
1.59935  2.61195  -3.22157
3.54482  3.43914  0.992864
0.431833  -5.03098  -1.95323
-1.06704  -2.34813  -3.13507
2.47927  0.233747  0.624648
2.67138  1.95075  2.75508
-0.339809  -3.62086  -0.383414
-0.186636  -0.161352  0.560532
-4.14584  -2.00171  0.923518
-2.75796  0.75029  -2.29203
0.892807  -1.55337  2.41603
-4.1461  -0.214558  2.6595
-2.40127  -2.16936  -0.125455
-2.38545  0.024073  1.56537
-0.819414  5.13716  -3.81773
-1.93285  0.501857  -4.9815
-2.47639  5.67411  1.22681
5.90809  2.13607  -1.65858
-0.542287  0.630689  3.277
-2.81035  -0.0157739  -2.59514
5.19504  0.532955  2.10592
3.82626  -2.38047  -1.48422
-0.228412  -2.16324  -2.19418
0.766494  1.87919  -0.158958
0.2134  3.40164  2.39786
-2.39988  -0.120075  -1.18735
1.3316  -0.299963  5.84279
-0.271692  -0.161568  6.2113
-2.10251  3.74936  -1.12774
-0.307462  1.45284  5.51123
4.12056  -0.991397  -1.4736
3.4329  0.979683  -3.41116
-2.33219  4.58277  4.31088
-0.246468  0.309472  1.22469
3.52042  -5.80275  -4.54889
1.80694  0.794613  -4.1251
-2.59263  0.679396  -5.38758
-0.160825  -0.123842  -2.84929
-2.62014  -0.0369192  3.79222
-3.55803  0.0600249  -4.67192
-2.45889  0.993484  -2.52625
0.0221158  -0.0508235  3.34638
4.18562  0.567744  1.31947
3.563  -0.330212  1.15385
-2.88322  0.281903  1.44416
4.67785  -1.22269  4.30373
4.96614  0.351454  0.838145
-0.0031777  -0.0199231  1.80675
2.66523  2.01457  1.88946
1.64454  0.251107  6.32506
0.734289  -0.291794  -4.12818
0.127751  -0.462824  1.65159
5.15277  2.32328  1.85599
-4.03826  -2.6157  1.60852
